metric,scenario,band,roi_a,roi_b,delta_mean,cohens_d,t_p_raw,t_p_fdr,wilcoxon_p_raw,wilcoxon_p_fdr,perm_p_raw,direction,significant,n_subjects
wpli,broken_image,theta,frontal,frontal,-0.013875450938940048,-0.3039761578181772,0.3884597367255661,0.8961168923688009,0.42578125,1.0,0.40298507462686567,decrease,False,9
wpli,broken_image,theta,frontal,frontal_central,0.013979603536427021,0.23380773554530543,0.502929161953892,0.8961168923688009,0.49609375,1.0,0.527363184079602,increase,False,9
wpli,broken_image,theta,frontal,central,0.001264085411094129,0.018421854786192352,0.9572821818129518,0.9882291874609811,0.65234375,1.0,0.9402985074626866,increase,False,9
wpli,broken_image,theta,frontal,parietal,0.00022503401851281524,0.0050734223545529054,0.9882291874609811,0.9882291874609811,0.8203125,1.0,1.0,increase,False,9
wpli,broken_image,theta,frontal,occipital,-0.012409999966621399,-0.22868524002163032,0.5120667956393148,0.8961168923688009,1.0,1.0,0.6119402985074627,decrease,False,9
wpli,broken_image,theta,frontal,temporal,0.005866570398211479,0.13125653376884233,0.7040383164057371,0.92405029028253,0.65234375,1.0,0.7064676616915423,increase,False,9
wpli,broken_image,theta,frontal_central,frontal_central,-0.002492493949830532,-0.06602719429651766,0.8479220790611843,0.9882291874609811,1.0,1.0,0.8606965174129353,decrease,False,9
wpli,broken_image,theta,frontal_central,central,0.0011828906135633588,0.031642030812879,0.9267081545569915,0.9882291874609811,1.0,1.0,0.8855721393034826,increase,False,9
wpli,broken_image,theta,frontal_central,parietal,0.003972301725298166,0.10529872419273072,0.7601655046508925,0.9390279763334555,0.734375,1.0,0.746268656716418,increase,False,9
wpli,broken_image,theta,frontal_central,occipital,-0.009548640809953213,-0.24911720084533925,0.47624141828848887,0.8961168923688009,0.8203125,1.0,0.4626865671641791,decrease,False,9
wpli,broken_image,theta,frontal_central,temporal,0.019374612718820572,0.402804223552741,0.26139259245773455,0.8961168923688009,0.359375,1.0,0.2537313432835821,increase,False,9
wpli,broken_image,theta,central,central,0.016613859683275223,0.1497186501855351,0.6652374894898964,0.92405029028253,0.91015625,1.0,0.6716417910447762,increase,False,9
wpli,broken_image,theta,central,parietal,-0.00888399314135313,-0.2860774414839478,0.4157353968939609,0.8961168923688009,0.359375,1.0,0.3482587064676617,decrease,False,9
wpli,broken_image,theta,central,occipital,-0.014721994288265705,-0.1474143219513691,0.6700252794583914,0.92405029028253,0.5703125,1.0,0.6766169154228856,decrease,False,9
wpli,broken_image,theta,central,temporal,0.023249907419085503,0.8797414428195052,0.029749123363741456,0.4782078105358534,0.0390625,0.41015625,0.029850746268656716,increase,False,9
wpli,broken_image,theta,parietal,parietal,-0.034294381737709045,-0.7886019951797157,0.045543601003414605,0.4782078105358534,0.0390625,0.41015625,0.05472636815920398,decrease,False,9
wpli,broken_image,theta,parietal,occipital,-0.017152486369013786,-0.2399345250754334,0.49213641911143746,0.8961168923688009,0.8203125,1.0,0.6169154228855721,decrease,False,9
wpli,broken_image,theta,parietal,temporal,-0.010382860898971558,-0.24679890961500725,0.48022232537094556,0.8961168923688009,0.12890625,0.90234375,0.5970149253731343,decrease,False,9
wpli,broken_image,theta,occipital,occipital,-0.016968753188848495,-0.16540349410325347,0.6330904896977658,0.92405029028253,0.8203125,1.0,0.5422885572139303,decrease,False,9
wpli,broken_image,theta,occipital,temporal,-0.03016478568315506,-0.40464432388460414,0.25939116140342555,0.8961168923688009,0.359375,1.0,0.24875621890547264,decrease,False,9
wpli,broken_image,theta,temporal,temporal,0.011643912643194199,0.2867064787927341,0.4147543278515049,0.8961168923688009,0.42578125,1.0,0.43283582089552236,increase,False,9
wpli,broken_image,alpha,frontal,frontal,-0.010767261497676373,-0.2946261213036852,0.40254244700702657,0.8651879585391803,0.49609375,0.7984375,0.36318407960199006,decrease,False,9
wpli,broken_image,alpha,frontal,frontal_central,-0.005380365531891584,-0.302647675153147,0.3904385796338232,0.8651879585391803,0.49609375,0.7984375,0.38308457711442784,decrease,False,9
wpli,broken_image,alpha,frontal,central,-0.013574874959886074,-0.5972989187222505,0.11091775059521353,0.7856646500293732,0.1640625,0.7984375,0.14427860696517414,decrease,False,9
wpli,broken_image,alpha,frontal,parietal,0.0016335812397301197,0.07050535740685052,0.8377735662426147,0.9009084619998249,1.0,1.0,0.8706467661691543,increase,False,9
wpli,broken_image,alpha,frontal,occipital,-0.008987297303974628,-0.2827459896515594,0.4209586967909329,0.8651879585391803,0.42578125,0.7984375,0.30845771144278605,decrease,False,9
wpli,broken_image,alpha,frontal,temporal,0.016260869801044464,0.5312610241879915,0.14965040952940442,0.7856646500293732,0.203125,0.7984375,0.1691542288557214,increase,False,9
wpli,broken_image,alpha,frontal_central,frontal_central,0.01028840709477663,0.2584494158751226,0.46043636013377776,0.8651879585391803,0.42578125,0.7984375,0.4427860696517413,increase,False,9
wpli,broken_image,alpha,frontal_central,central,-0.0036394065245985985,-0.1336009513562633,0.6990566289867832,0.8862321732564381,0.8203125,0.9066611842105263,0.6268656716417911,decrease,False,9
wpli,broken_image,alpha,frontal_central,parietal,0.0083518261089921,0.25329159844670535,0.46912798299517466,0.8651879585391803,0.49609375,0.7984375,0.472636815920398,increase,False,9
wpli,broken_image,alpha,frontal_central,occipital,-0.005613932851701975,-0.16499812730192875,0.633911394769759,0.8862321732564381,0.65234375,0.8058363970588235,0.5970149253731343,decrease,False,9
wpli,broken_image,alpha,frontal_central,temporal,0.005928264930844307,0.2157524153543301,0.5355925457623497,0.8651879585391803,0.5703125,0.7984375,0.5373134328358209,increase,False,9
wpli,broken_image,alpha,central,central,-0.002256204606965184,-0.05127450026854887,0.88155845323302,0.9009084619998249,0.5703125,0.7984375,0.9154228855721394,decrease,False,9
wpli,broken_image,alpha,central,parietal,-0.0018028153572231531,-0.06717720099372869,0.8453129442309344,0.9009084619998249,0.42578125,0.7984375,0.8955223880597015,decrease,False,9
wpli,broken_image,alpha,central,occipital,-0.008841906674206257,-0.23702644731152148,0.49724058643134306,0.8651879585391803,0.65234375,0.8058363970588235,0.5174129353233831,decrease,False,9
wpli,broken_image,alpha,central,temporal,0.011126806028187275,0.580268373051427,0.11989757218703977,0.7856646500293732,0.12890625,0.7984375,0.12935323383084577,increase,False,9
wpli,broken_image,alpha,parietal,parietal,-0.001335061271674931,-0.04284052792070711,0.9009084619998249,0.9009084619998249,0.734375,0.8567708333333334,0.9104477611940298,decrease,False,9
wpli,broken_image,alpha,parietal,occipital,-0.01325806975364685,-0.3184720975703993,0.3673424380437242,0.8651879585391803,1.0,1.0,0.44776119402985076,decrease,False,9
wpli,broken_image,alpha,parietal,temporal,-0.004565984010696411,-0.18908646891495956,0.5860989558302668,0.8791484337454003,0.1640625,0.7984375,0.6169154228855721,decrease,False,9
wpli,broken_image,alpha,occipital,occipital,0.020875470712780952,0.30084424986131947,0.3931365357340526,0.8651879585391803,0.42578125,0.7984375,0.373134328358209,increase,False,9
wpli,broken_image,alpha,occipital,temporal,-0.020549949258565903,-0.6114361507876555,0.10394848429644199,0.7856646500293732,0.12890625,0.7984375,0.0945273631840796,decrease,False,9
wpli,broken_image,alpha,temporal,temporal,-0.0042314063757658005,-0.1249911010642801,0.7174260450171166,0.8862321732564381,0.49609375,0.7984375,0.7810945273631841,decrease,False,9
wpli,broken_image,beta,frontal,frontal,-0.011082046665251255,-0.32123616274815997,0.3634144661194362,0.8479670876120178,0.49609375,0.8681640625,0.39303482587064675,decrease,False,9
wpli,broken_image,beta,frontal,frontal_central,-0.0067174071446061134,-0.3375774221921752,0.34083444390195633,0.8479670876120178,0.42578125,0.8128551136363636,0.3582089552238806,decrease,False,9
wpli,broken_image,beta,frontal,central,-0.010558992624282837,-0.5897389031266467,0.11482313329685323,0.6214799344923526,0.07421875,0.51953125,0.13930348258706468,decrease,False,9
wpli,broken_image,beta,frontal,parietal,-0.005707194563001394,-0.28947452788168176,0.4104565082682732,0.8542425235623371,0.30078125,0.78955078125,0.3781094527363184,decrease,False,9
wpli,broken_image,beta,frontal,occipital,-0.011942525394260883,-0.5830660112126723,0.11837713037949574,0.6214799344923526,0.12890625,0.6767578125,0.11442786069651742,decrease,False,9
wpli,broken_image,beta,frontal,temporal,0.010049690492451191,0.5060396246969848,0.1674638976064848,0.7033483699472363,0.25,0.78955078125,0.20398009950248755,increase,False,9
wpli,broken_image,beta,frontal_central,frontal_central,0.0008525550365447998,0.026367287024969578,0.9388944595145061,0.9805866115315008,0.91015625,0.9556640625,0.9353233830845771,increase,False,9
wpli,broken_image,beta,frontal_central,central,-0.013892736285924911,-0.7761759404240692,0.04827250401593717,0.6214799344923526,0.0546875,0.51953125,0.07960199004975124,decrease,False,9
wpli,broken_image,beta,frontal_central,parietal,-0.0009154379367828369,-0.05900204176247111,0.8639028543597932,0.9805866115315008,0.91015625,0.9556640625,0.8955223880597015,decrease,False,9
wpli,broken_image,beta,frontal_central,occipital,-0.006487869657576084,-0.2662725689423698,0.44746036948503376,0.8542425235623371,0.42578125,0.8128551136363636,0.38308457711442784,decrease,False,9
wpli,broken_image,beta,frontal_central,temporal,0.0006363557185977697,0.04960914063277655,0.8853730239994742,0.9805866115315008,0.91015625,0.9556640625,0.8905472636815921,increase,False,9
wpli,broken_image,beta,central,central,-0.013090676628053188,-0.3601437226888435,0.311442213855863,0.8479670876120178,0.30078125,0.78955078125,0.27860696517412936,decrease,False,9
wpli,broken_image,beta,central,parietal,-0.0036965077742934227,-0.23953514527358732,0.4928354031382798,0.8624619554919897,0.359375,0.8128551136363636,0.48258706467661694,decrease,False,9
wpli,broken_image,beta,central,occipital,-0.0060184430330991745,-0.1841808173264726,0.5956730825921095,0.8935096238881642,0.734375,0.9556640625,0.5970149253731343,decrease,False,9
wpli,broken_image,beta,central,temporal,0.0027339027728885412,0.13401517366738447,0.6981780277262148,0.9774492388167008,0.5703125,0.9212740384615384,0.5870646766169154,increase,False,9
wpli,broken_image,beta,parietal,parietal,0.0014174713287502527,0.045897031645598406,0.8938870448483184,0.9805866115315008,0.8203125,0.9556640625,0.8706467661691543,increase,False,9
wpli,broken_image,beta,parietal,occipital,-0.004929181654006243,-0.2081389324894346,0.5497424351158863,0.8880454721102778,0.734375,0.9556640625,0.5124378109452736,decrease,False,9
wpli,broken_image,beta,parietal,temporal,0.00011803375673480332,0.008368128045673133,0.9805866115315008,0.9805866115315008,0.734375,0.9556640625,0.9800995024875622,increase,False,9
wpli,broken_image,beta,occipital,occipital,0.00384525116533041,0.09415615803326292,0.7847547202424607,0.9805866115315008,1.0,1.0,0.8009950248756219,increase,False,9
wpli,broken_image,beta,occipital,temporal,-0.008862297050654888,-0.38072437341060117,0.2864125187548721,0.8479670876120178,0.203125,0.78955078125,0.3034825870646766,decrease,False,9
wpli,broken_image,beta,temporal,temporal,-0.013721250928938389,-0.6924567515124336,0.07140646635948406,0.6214799344923526,0.0546875,0.51953125,0.05970149253731343,decrease,False,9
wpli,broken_image,gamma,frontal,frontal,-0.014819066040217876,-0.24970649752618732,0.47523292517483884,0.9295135330905729,0.203125,1.0,0.44776119402985076,decrease,False,9
wpli,broken_image,gamma,frontal,frontal_central,0.0057191913947463036,0.24075488391682873,0.49070265273736635,0.9295135330905729,0.5703125,1.0,0.4975124378109453,increase,False,9
wpli,broken_image,gamma,frontal,central,-0.003357446752488613,-0.09621723845752655,0.7801859619101317,0.9427245938231477,0.734375,1.0,0.7960199004975125,decrease,False,9
wpli,broken_image,gamma,frontal,parietal,-0.012707729823887348,-0.38209166160549485,0.2848086194522021,0.9217271031437393,0.5703125,1.0,0.2885572139303483,decrease,False,9
wpli,broken_image,gamma,frontal,occipital,-0.017249150201678276,-0.503466953374511,0.16938424148977485,0.9217271031437393,0.203125,1.0,0.19900497512437812,decrease,False,9
wpli,broken_image,gamma,frontal,temporal,-0.007508105598390102,-0.2213646237302522,0.5253039300199424,0.9295135330905729,0.5703125,1.0,0.5522388059701493,decrease,False,9
wpli,broken_image,gamma,frontal_central,frontal_central,0.012918038293719292,0.375692723903579,0.29237772653810556,0.9217271031437393,0.30078125,1.0,0.3333333333333333,increase,False,9
wpli,broken_image,gamma,frontal_central,central,-0.022330978885293007,-0.6047388157407366,0.10719687260838871,0.9217271031437393,0.12890625,1.0,0.11442786069651742,decrease,False,9
wpli,broken_image,gamma,frontal_central,parietal,-0.006222774740308523,-0.3635028015572556,0.30724236771457974,0.9217271031437393,0.734375,1.0,0.30845771144278605,decrease,False,9
wpli,broken_image,gamma,frontal_central,occipital,0.005818711593747139,0.11635665633211466,0.7360464929498501,0.9427245938231477,1.0,1.0,0.7711442786069652,increase,False,9
wpli,broken_image,gamma,frontal_central,temporal,0.007161855697631836,0.197690570331012,0.569515350942824,0.9295135330905729,1.0,1.0,0.6218905472636815,increase,False,9
wpli,broken_image,gamma,central,central,-0.023048635572195053,-0.25243595095129157,0.47058029754753095,0.9295135330905729,0.359375,1.0,0.48756218905472637,decrease,False,9
wpli,broken_image,gamma,central,parietal,-0.010355042293667793,-0.46385886358338696,0.20152245980848332,0.9217271031437393,0.25,1.0,0.24875621890547264,decrease,False,9
wpli,broken_image,gamma,central,occipital,-0.008577901870012283,-0.13770133793618156,0.6903809423220905,0.9427245938231477,0.734375,1.0,0.681592039800995,decrease,False,9
wpli,broken_image,gamma,central,temporal,0.0028818415012210608,0.07656155483930752,0.8241005327456382,0.9427245938231477,0.8203125,1.0,0.7661691542288557,increase,False,9
wpli,broken_image,gamma,parietal,parietal,-0.02302556298673153,-0.719407588741597,0.06296350085893698,0.9217271031437393,0.09765625,1.0,0.0945273631840796,decrease,False,9
wpli,broken_image,gamma,parietal,occipital,0.0005244943895377219,0.014813068726897853,0.9656435263571079,0.9656435263571079,1.0,1.0,0.9502487562189055,increase,False,9
wpli,broken_image,gamma,parietal,temporal,0.0012306405697017908,0.06381736647077409,0.8529412991733241,0.9427245938231477,0.91015625,1.0,0.8706467661691543,increase,False,9
wpli,broken_image,gamma,occipital,occipital,0.010420560836791992,0.1946146133631064,0.5754131395322595,0.9295135330905729,0.49609375,1.0,0.5920398009950248,increase,False,9
wpli,broken_image,gamma,occipital,temporal,0.0009806520538404584,0.020662731658492438,0.9520929666827711,0.9656435263571079,1.0,1.0,0.9552238805970149,increase,False,9
wpli,broken_image,gamma,temporal,temporal,-0.005334546323865652,-0.16091320531849626,0.6422132853858663,0.9427245938231477,0.8203125,1.0,0.5920398009950248,decrease,False,9
wpli,button_delay,theta,frontal,frontal,0.023950645700097084,0.7100642341947598,0.10935898438044818,0.4612792727490861,0.15625,0.546875,0.09950248756218906,increase,False,7
wpli,button_delay,theta,frontal,frontal_central,0.011241857893764973,0.46022433815458313,0.2690706929464707,0.5396223803348158,0.375,0.7159090909090908,0.3582089552238806,increase,False,7
wpli,button_delay,theta,frontal,central,-0.006162217818200588,-0.20473266654589156,0.6075568434448488,0.7113644659512205,0.578125,0.8020833333333334,0.582089552238806,decrease,False,7
wpli,button_delay,theta,frontal,parietal,0.027303431183099747,0.6591398651848341,0.1317940779283103,0.4612792727490861,0.15625,0.546875,0.11442786069651742,increase,False,7
wpli,button_delay,theta,frontal,occipital,-0.003950412850826979,-0.09829850719859647,0.8035017414181089,0.8436768284890144,0.8125,0.853125,0.8407960199004975,decrease,False,7
wpli,button_delay,theta,frontal,temporal,0.008979307487607002,0.3252075101355558,0.4226023720736358,0.5916433209030901,0.6875,0.8020833333333334,0.46766169154228854,increase,False,7
wpli,button_delay,theta,frontal_central,frontal_central,-0.019997160881757736,-0.37860027939881474,0.3551675460828343,0.5396223803348158,0.6875,0.8020833333333334,0.43283582089552236,decrease,False,7
wpli,button_delay,theta,frontal_central,central,0.006004444323480129,0.20345935197817416,0.6097409708153319,0.7113644659512205,0.6875,0.8020833333333334,0.6517412935323383,increase,False,7
wpli,button_delay,theta,frontal_central,parietal,0.026666084304451942,0.663134998333973,0.1298814064255025,0.4612792727490861,0.15625,0.546875,0.19402985074626866,increase,False,7
wpli,button_delay,theta,frontal_central,occipital,-0.012711931951344013,-0.14260742619912134,0.7189331430717886,0.7946103160267137,0.8125,0.853125,0.7960199004975125,decrease,False,7
wpli,button_delay,theta,frontal_central,temporal,0.021911991760134697,1.3891420238099532,0.010388251312438562,0.2181532775612098,0.015625,0.328125,0.014925373134328358,increase,False,7
wpli,button_delay,theta,central,central,-0.01896287314593792,-0.8018102165952596,0.07813316784398021,0.4612792727490861,0.078125,0.546875,0.06965174129353234,decrease,False,7
wpli,button_delay,theta,central,parietal,0.006751209497451782,0.22223630728600266,0.5779881127852435,0.7113644659512205,0.578125,0.8020833333333334,0.48258706467661694,increase,False,7
wpli,button_delay,theta,central,occipital,-0.0226882491260767,-0.43902969368408074,0.28952801155295427,0.5396223803348158,0.375,0.7159090909090908,0.2935323383084577,decrease,False,7
wpli,button_delay,theta,central,temporal,0.011335419490933418,0.3747341308287954,0.35974825355654383,0.5396223803348158,0.578125,0.8020833333333334,0.3333333333333333,increase,False,7
wpli,button_delay,theta,parietal,parietal,0.020626535639166832,0.37900955531245883,0.3546854175072594,0.5396223803348158,0.578125,0.8020833333333334,0.417910447761194,increase,False,7
wpli,button_delay,theta,parietal,occipital,0.035341206938028336,0.8123903077919059,0.07517030118253362,0.4612792727490861,0.109375,0.546875,0.11442786069651742,increase,False,7
wpli,button_delay,theta,parietal,temporal,0.023238105699419975,0.5911256273214655,0.16885723086712007,0.49527063951460304,0.21875,0.57421875,0.15920398009950248,increase,False,7
wpli,button_delay,theta,occipital,occipital,-0.03818615525960922,-0.44803554607112295,0.2806779617866315,0.5396223803348158,0.296875,0.6927083333333334,0.22885572139303484,decrease,False,7
wpli,button_delay,theta,occipital,temporal,0.0011161352740600705,0.022620133768250162,0.9542208696328962,0.9542208696328962,1.0,1.0,0.9651741293532339,increase,False,7
wpli,button_delay,theta,temporal,temporal,0.01910370960831642,0.5604057344766205,0.1886745293388964,0.49527063951460304,0.21875,0.57421875,0.21890547263681592,increase,False,7
wpli,button_delay,alpha,frontal,frontal,0.019334405660629272,0.7757463076946026,0.08595218560810504,0.6095146174705736,0.109375,0.546875,0.0945273631840796,increase,False,7
wpli,button_delay,alpha,frontal,frontal_central,0.007867864333093166,0.35241930177878195,0.38710545167312527,0.6811209191616915,0.578125,0.8671875,0.417910447761194,increase,False,7
wpli,button_delay,alpha,frontal,central,-0.0023127198219299316,-0.13125247876904508,0.7402514839843526,0.8636267313150781,0.9375,0.9375,0.7164179104477612,decrease,False,7
wpli,button_delay,alpha,frontal,parietal,0.007939023897051811,0.4319873542991727,0.2966130496604561,0.6811209191616915,0.46875,0.8203125,0.2537313432835821,increase,False,7
wpli,button_delay,alpha,frontal,occipital,0.013513480313122272,0.5826070074873424,0.174147033563021,0.6095146174705736,0.15625,0.546875,0.1791044776119403,increase,False,7
wpli,button_delay,alpha,frontal,temporal,-0.0004289490752853453,-0.0321806109093802,0.9349185296882623,0.9349185296882623,0.9375,0.9375,0.9402985074626866,decrease,False,7
wpli,button_delay,alpha,frontal_central,frontal_central,0.008809970691800117,0.3696318751441016,0.36586513604901505,0.6811209191616915,0.6875,0.90234375,0.42786069651741293,increase,False,7
wpli,button_delay,alpha,frontal_central,central,0.003637037007138133,0.2842239749667009,0.4805078104528674,0.729970514033503,0.46875,0.8203125,0.4975124378109453,increase,False,7
wpli,button_delay,alpha,frontal_central,parietal,0.013724952936172485,0.9680142245159198,0.04284373898147081,0.6095146174705736,0.03125,0.546875,0.029850746268656716,increase,False,7
wpli,button_delay,alpha,frontal_central,occipital,0.002124875783920288,0.04807514636597839,0.90294188052146,0.9349185296882623,0.46875,0.8203125,0.9751243781094527,increase,False,7
wpli,button_delay,alpha,frontal_central,temporal,0.009815326891839504,0.35075258814388793,0.38921195380668083,0.6811209191616915,0.8125,0.9375,0.6616915422885572,increase,False,7
wpli,button_delay,alpha,central,central,-0.008735282346606255,-0.3544245273191516,0.3845828167111866,0.6811209191616915,0.46875,0.8203125,0.40298507462686567,decrease,False,7
wpli,button_delay,alpha,central,parietal,0.006973019801080227,0.4028875737162522,0.32745305838989897,0.6811209191616915,0.375,0.8203125,0.31840796019900497,increase,False,7
wpli,button_delay,alpha,central,occipital,0.001760955317877233,0.15363673341823758,0.6984880025324147,0.8628381207753358,0.6875,0.90234375,0.7512437810945274,increase,False,7
wpli,button_delay,alpha,central,temporal,-0.0061996025033295155,-0.2800873815444431,0.4866470093556686,0.729970514033503,0.578125,0.8671875,0.4626865671641791,decrease,False,7
wpli,button_delay,alpha,parietal,parietal,-0.005675979889929295,-0.208099398344644,0.6018032371874831,0.7898667488085716,0.375,0.8203125,0.5572139303482587,decrease,False,7
wpli,button_delay,alpha,parietal,occipital,0.016968531534075737,0.6625442076299098,0.1301625209739332,0.6095146174705736,0.15625,0.546875,0.1890547263681592,increase,False,7
wpli,button_delay,alpha,parietal,temporal,0.018231060355901718,0.7087067088875306,0.10990487546675173,0.6095146174705736,0.15625,0.546875,0.06965174129353234,increase,False,7
wpli,button_delay,alpha,occipital,occipital,-0.012417205609381199,-0.6259230898898395,0.14879331526748676,0.6095146174705736,0.15625,0.546875,0.1791044776119403,decrease,False,7
wpli,button_delay,alpha,occipital,temporal,0.007431711535900831,0.23962649295785554,0.5494771508321239,0.7692680111649735,0.9375,0.9375,0.6666666666666666,increase,False,7
wpli,button_delay,alpha,temporal,temporal,0.0034386601764708757,0.08203836659391496,0.8353593668036275,0.9232919317303252,0.9375,0.9375,0.8606965174129353,increase,False,7
wpli,button_delay,beta,frontal,frontal,0.0004227842728141695,0.02770428686249802,0.9439509481199123,0.9998746326997103,0.578125,0.984375,1.0,increase,False,7
wpli,button_delay,beta,frontal,frontal_central,0.0013963027158752084,0.08033989248064322,0.8387081543362661,0.9863927504838385,0.6875,0.984375,0.7960199004975125,increase,False,7
wpli,button_delay,beta,frontal,central,0.0012748922454193234,0.07862262790979152,0.8420977802392584,0.9863927504838385,0.8125,0.984375,0.7810945273631841,increase,False,7
wpli,button_delay,beta,frontal,parietal,0.0009483397006988525,0.07691122352032115,0.8454795004147186,0.9863927504838385,0.9375,0.984375,0.8109452736318408,increase,False,7
wpli,button_delay,beta,frontal,occipital,-0.00027189511456526816,-0.010702106224575927,0.9783291338609261,0.9998746326997103,0.6875,0.984375,0.9850746268656716,decrease,False,7
wpli,button_delay,beta,frontal,temporal,-0.005548340734094381,-0.24276377057655035,0.544428090400343,0.9863927504838385,0.6875,0.984375,0.5621890547263682,decrease,False,7
wpli,button_delay,beta,frontal_central,frontal_central,0.009871597401797771,0.32103221733143256,0.42825754402696703,0.9863927504838385,0.8125,0.984375,0.5323383084577115,increase,False,7
wpli,button_delay,beta,frontal_central,central,0.0016294419765472412,0.09848781348881465,0.80313312902691,0.9863927504838385,0.9375,0.984375,0.8208955223880597,increase,False,7
wpli,button_delay,beta,frontal_central,parietal,0.0018290664302185178,0.12620657937467888,0.7498080853933162,0.9863927504838385,1.0,1.0,0.8208955223880597,increase,False,7
wpli,button_delay,beta,frontal_central,occipital,0.004694896284490824,0.15068047234830922,0.703941840063007,0.9863927504838385,0.8125,0.984375,0.7562189054726368,increase,False,7
wpli,button_delay,beta,frontal_central,temporal,-1.4432838497668854e-06,-6.190270326103971e-05,0.9998746326997103,0.9998746326997103,0.6875,0.984375,1.0,decrease,False,7
wpli,button_delay,beta,central,central,0.0032791409175843,0.12737157753327136,0.7475972551936019,0.9863927504838385,0.9375,0.984375,0.736318407960199,increase,False,7
wpli,button_delay,beta,central,parietal,0.0009774650679901242,0.11823551472413885,0.7650037990083115,0.9863927504838385,0.9375,0.984375,0.7711442786069652,increase,False,7
wpli,button_delay,beta,central,occipital,0.004527956247329712,0.15032861221495122,0.7045922669439706,0.9863927504838385,0.8125,0.984375,0.6965174129353234,increase,False,7
wpli,button_delay,beta,central,temporal,-0.004014070611447096,-0.24958844066666797,0.5335459852470641,0.9863927504838385,0.578125,0.984375,0.572139303482587,decrease,False,7
wpli,button_delay,beta,parietal,parietal,-0.006806203164160252,-0.27707374323893474,0.4911532653742997,0.9863927504838385,0.578125,0.984375,0.48258706467661694,decrease,False,7
wpli,button_delay,beta,parietal,occipital,0.009092275984585285,0.4074851324657604,0.322410790801298,0.9863927504838385,0.21875,0.984375,0.29850746268656714,increase,False,7
wpli,button_delay,beta,parietal,temporal,0.012585840187966824,0.4947229343147869,0.23845750431736062,0.9863927504838385,0.15625,0.984375,0.20398009950248755,increase,False,7
wpli,button_delay,beta,occipital,occipital,0.01094136480242014,0.39444121010049,0.33688485510815647,0.9863927504838385,0.375,0.984375,0.3383084577114428,increase,False,7
wpli,button_delay,beta,occipital,temporal,0.011930261738598347,0.34398776172948303,0.3978522117301045,0.9863927504838385,0.578125,0.984375,0.46766169154228854,increase,False,7
wpli,button_delay,beta,temporal,temporal,-0.00833137147128582,-0.21151023405896416,0.5960061020057695,0.9863927504838385,0.578125,0.984375,0.5124378109452736,decrease,False,7
wpli,button_delay,gamma,frontal,frontal,-0.01106544490903616,-0.5051126794309437,0.22986384541079077,0.9606390621278867,0.375,0.984375,0.29850746268656714,decrease,False,7
wpli,button_delay,gamma,frontal,frontal_central,-0.0003923944022972137,-0.029865853122092882,0.9395880661397573,0.9790025555963884,0.9375,0.984375,0.9502487562189055,decrease,False,7
wpli,button_delay,gamma,frontal,central,-0.00017348358232993633,-0.01036943993502029,0.9790025555963884,0.9790025555963884,0.6875,0.984375,1.0,decrease,False,7
wpli,button_delay,gamma,frontal,parietal,0.001992217032238841,0.13094460648270725,0.7408331606191645,0.9606390621278867,0.9375,0.984375,0.7661691542288557,increase,False,7
wpli,button_delay,gamma,frontal,occipital,-0.020839853212237358,-0.7160384407768247,0.10698851598796924,0.9606390621278867,0.15625,0.984375,0.11442786069651742,decrease,False,7
wpli,button_delay,gamma,frontal,temporal,-0.0012000586139038205,-0.0383080288710123,0.9225719820704013,0.9790025555963884,0.6875,0.984375,0.9701492537313433,decrease,False,7
wpli,button_delay,gamma,frontal_central,frontal_central,-0.01210912223905325,-0.3109695454794424,0.4421149286565074,0.9606390621278867,0.578125,0.984375,0.5174129353233831,decrease,False,7
wpli,button_delay,gamma,frontal_central,central,-0.00435987114906311,-0.12748595299871476,0.7473803541961852,0.9606390621278867,0.9375,0.984375,0.8159203980099502,decrease,False,7
wpli,button_delay,gamma,frontal_central,parietal,-0.0021087187342345715,-0.11164240063439412,0.7776601931511464,0.9606390621278867,1.0,1.0,0.8109452736318408,decrease,False,7
wpli,button_delay,gamma,frontal_central,occipital,-0.001731421216391027,-0.04936187775926278,0.9003610513024944,0.9790025555963884,0.8125,0.984375,0.9751243781094527,decrease,False,7
wpli,button_delay,gamma,frontal_central,temporal,0.004564992152154446,0.1404513722386832,0.7229605278962503,0.9606390621278867,0.8125,0.984375,0.7114427860696517,increase,False,7
wpli,button_delay,gamma,central,central,0.021257421001791954,0.4918979566532692,0.24084325364949777,0.9606390621278867,0.21875,0.984375,0.208955223880597,increase,False,7
wpli,button_delay,gamma,central,parietal,-0.0023715454153716564,-0.133500337320128,0.7360103592780788,0.9606390621278867,0.9375,0.984375,0.8208955223880597,decrease,False,7
wpli,button_delay,gamma,central,occipital,-0.010491839610040188,-0.2542696548373978,0.5261626884930704,0.9606390621278867,0.6875,0.984375,0.5373134328358209,decrease,False,7
wpli,button_delay,gamma,central,temporal,0.01360820047557354,0.4160835430549815,0.31315278659705664,0.9606390621278867,0.578125,0.984375,0.39303482587064675,increase,False,7
wpli,button_delay,gamma,parietal,parietal,0.006815190892666578,0.18492296624304103,0.6420277600662668,0.9606390621278867,0.578125,0.984375,0.5970149253731343,increase,False,7
wpli,button_delay,gamma,parietal,occipital,0.007778491359204054,0.31303085288076415,0.43925005833533987,0.9606390621278867,0.46875,0.984375,0.3681592039800995,increase,False,7
wpli,button_delay,gamma,parietal,temporal,0.01240233052521944,0.4702067742370018,0.2598766894620925,0.9606390621278867,0.375,0.984375,0.31343283582089554,increase,False,7
wpli,button_delay,gamma,occipital,occipital,0.009251066483557224,0.29066702016084023,0.471052416735559,0.9606390621278867,0.46875,0.984375,0.4975124378109453,increase,False,7
wpli,button_delay,gamma,occipital,temporal,0.016704333946108818,0.422831111558349,0.3060434164130225,0.9606390621278867,0.375,0.984375,0.34328358208955223,increase,False,7
wpli,button_delay,gamma,temporal,temporal,-0.011819268576800823,-0.27884749955202964,0.4884975696911258,0.9606390621278867,0.46875,0.984375,0.4577114427860697,decrease,False,7
wpli,coupon_expired,theta,frontal,frontal,-0.02311117947101593,-0.26782869447357177,0.6293616001349951,0.7683836913401264,0.875,0.9187500000000001,0.582089552238806,decrease,False,4
wpli,coupon_expired,theta,frontal,frontal_central,-0.01925700157880783,-0.3825591081301458,0.4998837295225705,0.7683836913401264,0.625,0.9187500000000001,0.5522388059701493,decrease,False,4
wpli,coupon_expired,theta,frontal,central,-0.02392715960741043,-0.9073789015131516,0.16719363327045214,0.7077244278693677,0.25,0.75,0.23880597014925373,decrease,False,4
wpli,coupon_expired,theta,frontal,parietal,-0.02231515198945999,-0.8525945474253586,0.18670401383904117,0.7077244278693677,0.25,0.75,0.23880597014925373,decrease,False,4
wpli,coupon_expired,theta,frontal,occipital,0.03449515253305435,0.3424371772385593,0.5425926826390672,0.7683836913401264,0.625,0.9187500000000001,0.6268656716417911,increase,False,4
wpli,coupon_expired,theta,frontal,temporal,0.0017920583486557007,0.036450695883718194,0.9464729982178481,0.9464729982178481,0.875,0.9187500000000001,1.0,increase,False,4
wpli,coupon_expired,theta,frontal_central,frontal_central,-0.037628136575222015,-0.46062437848072213,0.42486357735426755,0.7683836913401264,0.875,0.9187500000000001,0.6268656716417911,decrease,False,4
wpli,coupon_expired,theta,frontal_central,central,-0.04959683492779732,-2.0762409052596014,0.025384534218481615,0.5330752185881139,0.125,0.75,0.1044776119402985,decrease,False,4
wpli,coupon_expired,theta,frontal_central,parietal,0.012696675956249237,0.36566141896617604,0.5175273844956887,0.7683836913401264,0.875,0.9187500000000001,1.0,increase,False,4
wpli,coupon_expired,theta,frontal_central,occipital,0.02115294337272644,0.188102612921053,0.7317939917525013,0.7683836913401264,0.875,0.9187500000000001,0.7313432835820896,increase,False,4
wpli,coupon_expired,theta,frontal_central,temporal,-0.005826868116855621,-0.22955002081889123,0.6773835937891561,0.7683836913401264,0.875,0.9187500000000001,0.7562189054726368,decrease,False,4
wpli,coupon_expired,theta,central,central,-0.051275432109832764,-0.8135200098239788,0.2022069793912479,0.7077244278693677,0.25,0.75,0.23880597014925373,decrease,False,4
wpli,coupon_expired,theta,central,parietal,0.013245493173599243,0.20064856943258605,0.715076027135195,0.7683836913401264,0.875,0.9187500000000001,0.7213930348258707,increase,False,4
wpli,coupon_expired,theta,central,occipital,-0.020336173474788666,-0.23484252829322022,0.6706112162547893,0.7683836913401264,0.875,0.9187500000000001,0.6965174129353234,decrease,False,4
wpli,coupon_expired,theta,central,temporal,0.019768178462982178,0.47061529861865053,0.4160239239405707,0.7683836913401264,0.625,0.9187500000000001,0.5124378109452736,increase,False,4
wpli,coupon_expired,theta,parietal,parietal,-0.04212820529937744,-1.0388814620007272,0.12927865793821747,0.7077244278693677,0.125,0.75,0.11940298507462686,decrease,False,4
wpli,coupon_expired,theta,parietal,occipital,0.01747901737689972,0.6647740895578189,0.2757243475620935,0.7683836913401264,0.25,0.75,0.2537313432835821,increase,False,4
wpli,coupon_expired,theta,parietal,temporal,-0.013137400150299072,-0.19006578029251425,0.7291644075071992,0.7683836913401264,1.0,1.0,1.0,decrease,False,4
wpli,coupon_expired,theta,occipital,occipital,-0.036599982529878616,-0.5714897132799296,0.3359969682517692,0.7683836913401264,0.375,0.9187500000000001,0.3880597014925373,decrease,False,4
wpli,coupon_expired,theta,occipital,temporal,0.02991131693124771,0.44003256926854556,0.44362240466689085,0.7683836913401264,0.625,0.9187500000000001,0.5323383084577115,increase,False,4
wpli,coupon_expired,theta,temporal,temporal,0.049394600093364716,1.199124752067715,0.09602555028214405,0.7077244278693677,0.125,0.75,0.1044776119402985,increase,False,4
wpli,coupon_expired,alpha,frontal,frontal,0.0062423571944236755,0.13040089294973883,0.8111231708193839,0.8516793293603532,1.0,1.0,0.8308457711442786,increase,False,4
wpli,coupon_expired,alpha,frontal,frontal_central,-0.007432863116264343,-0.29908897367895704,0.5918696764675613,0.8516793293603532,0.875,1.0,0.7164179104477612,decrease,False,4
wpli,coupon_expired,alpha,frontal,central,-0.014493167400360107,-0.7312711572195496,0.2397699719940353,0.5594632679860824,0.25,0.5833333333333334,0.21393034825870647,decrease,False,4
wpli,coupon_expired,alpha,frontal,parietal,0.00613904744386673,0.15444151660363975,0.7776188805542925,0.8516793293603532,0.875,1.0,0.8656716417910447,increase,False,4
wpli,coupon_expired,alpha,frontal,occipital,0.009569123387336731,0.23256281198058001,0.6735233086782906,0.8516793293603532,0.875,1.0,0.7213930348258707,increase,False,4
wpli,coupon_expired,alpha,frontal,temporal,0.004474475979804993,0.3555196768757815,0.5283572524651524,0.8516793293603532,1.0,1.0,0.8756218905472637,increase,False,4
wpli,coupon_expired,alpha,frontal_central,frontal_central,-0.030895724892616272,-1.066062321034085,0.12276402773354013,0.5156089164808686,0.125,0.525,0.14427860696517414,decrease,False,4
wpli,coupon_expired,alpha,frontal_central,central,-0.04188118875026703,-1.4182776410408413,0.06583302479887543,0.460831173592128,0.125,0.525,0.12437810945273632,decrease,False,4
wpli,coupon_expired,alpha,frontal_central,parietal,-0.014927774667739868,-0.8915354776092563,0.1725846501151698,0.5594632679860824,0.25,0.5833333333333334,0.22388059701492538,decrease,False,4
wpli,coupon_expired,alpha,frontal_central,occipital,-0.008442655205726624,-0.2058837015718775,0.7081620496775851,0.8516793293603532,0.625,1.0,0.6268656716417911,decrease,False,4
wpli,coupon_expired,alpha,frontal_central,temporal,0.005706906318664551,0.1710058895529481,0.7548994575258476,0.8516793293603532,0.875,1.0,0.7213930348258707,increase,False,4
wpli,coupon_expired,alpha,central,central,-0.05851206183433533,-1.1578818136856563,0.10348401670260023,0.5156089164808686,0.125,0.525,0.12935323383084577,decrease,False,4
wpli,coupon_expired,alpha,central,parietal,-0.004032924771308899,-0.1513200378376771,0.7819349086801535,0.8516793293603532,0.875,1.0,0.7114427860696517,decrease,False,4
wpli,coupon_expired,alpha,central,occipital,-0.03824303299188614,-3.4977938633494263,0.0059970641739419015,0.12593834765277995,0.125,0.525,0.12935323383084577,decrease,False,4
wpli,coupon_expired,alpha,central,temporal,0.005884639918804169,0.19351068307455796,0.7245621769124386,0.8516793293603532,1.0,1.0,0.8756218905472637,increase,False,4
wpli,coupon_expired,alpha,parietal,parietal,-0.023304417729377747,-0.772616754785661,0.2200025076184347,0.5594632679860824,0.25,0.5833333333333334,0.3333333333333333,decrease,False,4
wpli,coupon_expired,alpha,parietal,occipital,0.00011166185140609741,0.0041712936860489455,0.9938674155686971,0.9938674155686971,1.0,1.0,1.0,increase,False,4
wpli,coupon_expired,alpha,parietal,temporal,-0.004310205578804016,-1.7352741780818477,0.04033032861057168,0.4234684504110027,0.125,0.525,0.16417910447761194,decrease,False,4
wpli,coupon_expired,alpha,occipital,occipital,0.01685234159231186,0.28569305559639385,0.607739900741251,0.8516793293603532,0.875,1.0,0.7761194029850746,increase,False,4
wpli,coupon_expired,alpha,occipital,temporal,-0.011707037687301636,-0.8478975611047668,0.18849448681473904,0.5594632679860824,0.25,0.5833333333333334,0.208955223880597,decrease,False,4
wpli,coupon_expired,alpha,temporal,temporal,-0.007461383938789368,-0.13695066468013514,0.8019366718143528,0.8516793293603532,0.875,1.0,0.746268656716418,decrease,False,4
wpli,coupon_expired,beta,frontal,frontal,0.0203709676861763,0.7104057155475841,0.2504759492662134,0.6885958954086301,0.375,0.7875000000000001,0.36318407960199006,increase,False,4
wpli,coupon_expired,beta,frontal,frontal_central,0.003992334008216858,0.22666741360186643,0.6810895769786702,0.9101430684355358,0.625,0.9671052631578947,0.6567164179104478,increase,False,4
wpli,coupon_expired,beta,frontal,central,0.0030706077814102173,0.22735064193942983,0.6802100917276563,0.9101430684355358,0.625,0.9671052631578947,0.7014925373134329,increase,False,4
wpli,coupon_expired,beta,frontal,parietal,0.0012621507048606873,0.07606325923154449,0.8887421533704489,0.9331792610389714,0.875,0.9671052631578947,0.8955223880597015,increase,False,4
wpli,coupon_expired,beta,frontal,occipital,0.004546761512756348,0.1526297923736897,0.7801226300876021,0.9101430684355358,0.875,0.9671052631578947,1.0,increase,False,4
wpli,coupon_expired,beta,frontal,temporal,0.01803787797689438,2.451796516476442,0.016234805358168337,0.34093091252153507,0.125,0.7875000000000001,0.13930348258706468,increase,False,4
wpli,coupon_expired,beta,frontal_central,frontal_central,-0.008812718093395233,-0.18184269439616668,0.7402117763421387,0.9101430684355358,0.875,0.9671052631578947,0.7064676616915423,decrease,False,4
wpli,coupon_expired,beta,frontal_central,central,-0.011581875383853912,-0.9567315578964036,0.15160862331509614,0.6885958954086301,0.25,0.7875000000000001,0.24378109452736318,decrease,False,4
wpli,coupon_expired,beta,frontal_central,parietal,-0.014903970062732697,-1.3572738402538431,0.07288395882375835,0.6885958954086301,0.25,0.7875000000000001,0.21890547263681592,decrease,False,4
wpli,coupon_expired,beta,frontal_central,occipital,-0.006138890981674194,-0.24587653883327676,0.6566265927910901,0.9101430684355358,1.0,1.0,0.8656716417910447,decrease,False,4
wpli,coupon_expired,beta,frontal_central,temporal,0.010157279670238495,0.27919189619680185,0.6155484818777605,0.9101430684355358,0.625,0.9671052631578947,0.6368159203980099,increase,False,4
wpli,coupon_expired,beta,central,central,0.012884020805358887,0.2537310264056186,0.6467847829895912,0.9101430684355358,0.875,0.9671052631578947,0.7661691542288557,increase,False,4
wpli,coupon_expired,beta,central,parietal,0.006032340228557587,0.6326417178895285,0.2951125266036986,0.6885958954086301,0.375,0.7875000000000001,0.3582089552238806,increase,False,4
wpli,coupon_expired,beta,central,occipital,-0.013337522745132446,-0.6512941125709831,0.2836901467144429,0.6885958954086301,0.375,0.7875000000000001,0.4079601990049751,decrease,False,4
wpli,coupon_expired,beta,central,temporal,0.010241515934467316,0.6352885168318244,0.29346291952958564,0.6885958954086301,0.375,0.7875000000000001,0.39800995024875624,increase,False,4
wpli,coupon_expired,beta,parietal,parietal,-0.005439668893814087,-0.20060876402246058,0.7151287270050533,0.9101430684355358,0.875,0.9671052631578947,0.7064676616915423,decrease,False,4
wpli,coupon_expired,beta,parietal,occipital,0.002452246844768524,0.096805857404529,0.8588474307468061,0.9331792610389714,0.875,0.9671052631578947,1.0,increase,False,4
wpli,coupon_expired,beta,parietal,temporal,0.00958041101694107,0.573033733981063,0.3348970955373914,0.703283900628522,0.375,0.7875000000000001,0.36318407960199006,increase,False,4
wpli,coupon_expired,beta,occipital,occipital,0.025257639586925507,0.6929683554615543,0.2598194373490975,0.6885958954086301,0.375,0.7875000000000001,0.4079601990049751,increase,False,4
wpli,coupon_expired,beta,occipital,temporal,0.014106713235378265,1.1473085317823906,0.10550812404297487,0.6885958954086301,0.125,0.7875000000000001,0.13930348258706468,increase,False,4
wpli,coupon_expired,beta,temporal,temporal,-0.0014763176441192627,-0.02600512465124454,0.9617899599817725,0.9617899599817725,1.0,1.0,0.8905472636815921,decrease,False,4
wpli,coupon_expired,gamma,frontal,frontal,0.023744016885757446,0.36136467529523825,0.5220936854903074,0.8323371071372653,0.625,0.875,0.6019900497512438,increase,False,4
wpli,coupon_expired,gamma,frontal,frontal_central,0.007690094411373138,0.5320700117302816,0.36532157309393304,0.8323371071372653,0.375,0.875,0.32338308457711445,increase,False,4
wpli,coupon_expired,gamma,frontal,central,0.026168406009674072,0.9485969142669092,0.15405714070931611,0.8323371071372653,0.25,0.875,0.23383084577114427,increase,False,4
wpli,coupon_expired,gamma,frontal,parietal,-0.006222844123840332,-0.3058911654528702,0.5839256274277878,0.8323371071372653,0.625,0.875,0.6567164179104478,decrease,False,4
wpli,coupon_expired,gamma,frontal,occipital,-0.006412208080291748,-0.2968287049315459,0.5945265050980466,0.8323371071372653,0.625,0.875,0.6368159203980099,decrease,False,4
wpli,coupon_expired,gamma,frontal,temporal,0.018689043819904327,0.7138961513025345,0.24864952502621296,0.8323371071372653,0.25,0.875,0.20398009950248755,increase,False,4
wpli,coupon_expired,gamma,frontal_central,frontal_central,-0.007059507071971893,-0.12152435841564281,0.8236382266661404,0.8498613492040213,0.875,0.875,0.7661691542288557,decrease,False,4
wpli,coupon_expired,gamma,frontal_central,central,0.007392957806587219,0.40109554071269843,0.4811059445976148,0.8323371071372653,0.625,0.875,0.6069651741293532,increase,False,4
wpli,coupon_expired,gamma,frontal_central,parietal,-0.016350336372852325,-0.7051103675116258,0.25327453601489164,0.8323371071372653,0.25,0.875,0.23880597014925373,decrease,False,4
wpli,coupon_expired,gamma,frontal_central,occipital,-0.023872144520282745,-0.6440974849593388,0.28804153297696994,0.8323371071372653,0.375,0.875,0.40298507462686567,decrease,False,4
wpli,coupon_expired,gamma,frontal_central,temporal,0.005479879677295685,0.14179640942758334,0.795167623171488,0.8498613492040213,0.875,0.875,0.8905472636815921,increase,False,4
wpli,coupon_expired,gamma,central,central,0.07785941660404205,1.0178898389239521,0.13459237719680356,0.8323371071372653,0.125,0.875,0.11442786069651742,increase,False,4
wpli,coupon_expired,gamma,central,parietal,0.011336244642734528,0.48251651857908995,0.40571516572713656,0.8323371071372653,0.625,0.875,0.5323383084577115,increase,False,4
wpli,coupon_expired,gamma,central,occipital,0.00824817270040512,0.36728956436790033,0.5158055571487167,0.8323371071372653,0.625,0.875,0.5024875621890548,increase,False,4
wpli,coupon_expired,gamma,central,temporal,0.011314280331134796,0.20183730374793407,0.7135028179120428,0.8498613492040213,0.875,0.875,0.8606965174129353,increase,False,4
wpli,coupon_expired,gamma,parietal,parietal,-0.002667054533958435,-0.15909211773794898,0.7712085256180439,0.8498613492040213,0.875,0.875,0.8805970149253731,decrease,False,4
wpli,coupon_expired,gamma,parietal,occipital,0.0056886449456214905,0.169993670062556,0.7562786408570268,0.8498613492040213,0.875,0.875,0.6666666666666666,increase,False,4
wpli,coupon_expired,gamma,parietal,temporal,0.0008637085556983948,0.10308190466687774,0.8498613492040213,0.8498613492040213,0.875,0.875,0.8955223880597015,increase,False,4
wpli,coupon_expired,gamma,occipital,occipital,0.03224523365497589,0.5717611455464768,0.33580334617280433,0.8323371071372653,0.625,0.875,0.48756218905472637,increase,False,4
wpli,coupon_expired,gamma,occipital,temporal,0.0067123472690582275,0.8362475903325196,0.19302010236699121,0.8323371071372653,0.375,0.875,0.39303482587064675,increase,False,4
wpli,coupon_expired,gamma,temporal,temporal,0.037439920008182526,0.4053533248589322,0.4768779449024911,0.8323371071372653,0.625,0.875,0.417910447761194,increase,False,4
wpli,coupon_min_spend,theta,frontal,frontal,0.00828892644494772,0.1683515586765025,0.6271370179528234,0.7746986692358406,0.5703125,0.6653645833333334,0.6766169154228856,increase,False,9
wpli,coupon_min_spend,theta,frontal,frontal_central,0.028653264045715332,0.6954655286031841,0.07041148763034934,0.2627805026349134,0.07421875,0.259765625,0.05472636815920398,increase,False,9
wpli,coupon_min_spend,theta,frontal,central,-0.006904048845171928,-0.12279408795457006,0.7221455558066654,0.8289666787233276,0.8203125,0.9066611842105263,0.7711442786069652,decrease,False,9
wpli,coupon_min_spend,theta,frontal,parietal,0.018716948106884956,0.35447696011242175,0.31862971761062303,0.5576020058185903,0.42578125,0.6653645833333334,0.3034825870646766,increase,False,9
wpli,coupon_min_spend,theta,frontal,occipital,0.029614124447107315,0.5134037898035114,0.16207455997489276,0.3575204231506759,0.203125,0.4265625,0.1791044776119403,increase,False,9
wpli,coupon_min_spend,theta,frontal,temporal,0.021928122267127037,0.7161548121932955,0.06392801129989983,0.2627805026349134,0.0546875,0.259765625,0.06467661691542288,increase,False,9
wpli,coupon_min_spend,theta,frontal_central,frontal_central,0.03903985768556595,0.8178911676193398,0.03970858296023672,0.2627805026349134,0.07421875,0.259765625,0.03482587064676617,increase,False,9
wpli,coupon_min_spend,theta,frontal_central,central,0.0003303190169390291,0.010053923145180941,0.9766769243229907,0.9766769243229907,1.0,1.0,0.9800995024875622,increase,False,9
wpli,coupon_min_spend,theta,frontal_central,parietal,0.03880845755338669,1.0280456992708022,0.015022415478092374,0.15773536251996995,0.01953125,0.205078125,0.01990049751243781,increase,False,9
wpli,coupon_min_spend,theta,frontal_central,occipital,0.03477581962943077,0.5738522628179848,0.12345374327276039,0.34316555268079457,0.1640625,0.4265625,0.11442786069651742,increase,False,9
wpli,coupon_min_spend,theta,frontal_central,temporal,0.0169234499335289,0.4806764854931454,0.187272602602735,0.3575204231506759,0.30078125,0.57421875,0.19402985074626866,increase,False,9
wpli,coupon_min_spend,theta,central,central,-0.06240670382976532,-1.2636991373779145,0.005303525594389327,0.11137403748217586,0.01171875,0.205078125,0.01990049751243781,decrease,False,9
wpli,coupon_min_spend,theta,central,parietal,0.012891236692667007,0.2142051527473926,0.5384503243935937,0.7538304541510312,0.5703125,0.6653645833333334,0.572139303482587,increase,False,9
wpli,coupon_min_spend,theta,central,occipital,0.0021284122485667467,0.034232710425406376,0.9207301985354137,0.9667667084621845,0.91015625,0.9556640625,0.8855721393034826,increase,False,9
wpli,coupon_min_spend,theta,central,temporal,0.0034029418602585793,0.10993488513782633,0.7500174712258678,0.8289666787233276,0.5703125,0.6653645833333334,0.6965174129353234,increase,False,9
wpli,coupon_min_spend,theta,parietal,parietal,0.03872023522853851,0.5612438539206255,0.1307297343545884,0.34316555268079457,0.12890625,0.38671875,0.12935323383084577,increase,False,9
wpli,coupon_min_spend,theta,parietal,occipital,0.01393146999180317,0.2542777367553281,0.4674578418912173,0.701186762836826,0.49609375,0.6653645833333334,0.5074626865671642,increase,False,9
wpli,coupon_min_spend,theta,parietal,temporal,0.018169764429330826,0.4969922350952604,0.17430470915065996,0.3575204231506759,0.203125,0.4265625,0.12935323383084577,increase,False,9
wpli,coupon_min_spend,theta,occipital,occipital,0.02653670497238636,0.19382412889704262,0.5769343626228743,0.7572263509425227,0.5703125,0.6653645833333334,0.5074626865671642,increase,False,9
wpli,coupon_min_spend,theta,occipital,temporal,0.01657984033226967,0.25902703689694734,0.4594697101509936,0.701186762836826,0.49609375,0.6653645833333334,0.43283582089552236,increase,False,9
wpli,coupon_min_spend,theta,temporal,temporal,0.036439888179302216,0.6816914080152588,0.07508014360997525,0.2627805026349134,0.0546875,0.259765625,0.04477611940298507,increase,False,9
wpli,coupon_min_spend,alpha,frontal,frontal,0.02433263324201107,0.9821225317357571,0.018528307098037097,0.20396784960197845,0.0078125,0.1640625,0.01990049751243781,increase,False,9
wpli,coupon_min_spend,alpha,frontal,frontal_central,0.02109452150762081,0.6858567106902281,0.07363738048120433,0.24568041302178129,0.1640625,0.4306640625,0.07960199004975124,increase,False,9
wpli,coupon_min_spend,alpha,frontal,central,0.0035463240928947926,0.15889587509646133,0.6463330974546941,0.7053450399877682,0.65234375,0.7210115131578947,0.6169154228855721,increase,False,9
wpli,coupon_min_spend,alpha,frontal,parietal,0.008303914219141006,0.20529790558019526,0.5550786737844924,0.6475917860819078,0.5703125,0.6653645833333334,0.5920398009950248,increase,False,9
wpli,coupon_min_spend,alpha,frontal,occipital,0.033844247460365295,0.7833031170550004,0.04668786507192227,0.20396784960197845,0.07421875,0.38671875,0.06965174129353234,increase,False,9
wpli,coupon_min_spend,alpha,frontal,temporal,0.0248714592307806,0.8789454576902935,0.029859592384229982,0.20396784960197845,0.0390625,0.2734375,0.01990049751243781,increase,False,9
wpli,coupon_min_spend,alpha,frontal_central,frontal_central,0.014429833739995956,0.3372753825881324,0.34124188042867676,0.5118628206430151,0.42578125,0.638671875,0.31840796019900497,increase,False,9
wpli,coupon_min_spend,alpha,frontal_central,central,0.004100289661437273,0.2501064593521452,0.4745492721896948,0.6329654791329339,0.5703125,0.6653645833333334,0.48258706467661694,increase,False,9
wpli,coupon_min_spend,alpha,frontal_central,parietal,0.021117117255926132,0.7748914256845474,0.04856377371475677,0.20396784960197845,0.12890625,0.38671875,0.0945273631840796,increase,False,9
wpli,coupon_min_spend,alpha,frontal_central,occipital,0.007295340299606323,0.22849918772208513,0.512400625964756,0.6329654791329339,0.49609375,0.651123046875,0.5174129353233831,increase,False,9
wpli,coupon_min_spend,alpha,frontal_central,temporal,0.02737082727253437,0.9658709234728363,0.01996465445032897,0.20396784960197845,0.0390625,0.2734375,0.024875621890547265,increase,False,9
wpli,coupon_min_spend,alpha,central,central,-0.008841057308018208,-0.14658267939712885,0.6717571809407316,0.7053450399877682,0.42578125,0.638671875,0.7164179104477612,decrease,False,9
wpli,coupon_min_spend,alpha,central,parietal,0.017989208921790123,0.47339502417123214,0.19332996112967302,0.42015774709378606,0.49609375,0.651123046875,0.21393034825870647,increase,False,9
wpli,coupon_min_spend,alpha,central,occipital,-0.00046698914957232773,-0.014827120634773634,0.9656109596718294,0.9656109596718294,0.734375,0.734375,0.9800995024875622,decrease,False,9
wpli,coupon_min_spend,alpha,central,temporal,0.01428428664803505,0.3866268657451568,0.2795406137959882,0.4891960741429794,0.30078125,0.6316406250000001,0.25870646766169153,increase,False,9
wpli,coupon_min_spend,alpha,parietal,parietal,0.011635703966021538,0.232975325465972,0.5044070123079714,0.6329654791329339,0.734375,0.734375,0.4626865671641791,increase,False,9
wpli,coupon_min_spend,alpha,parietal,occipital,0.014819609001278877,0.4655186784595546,0.20007511766370764,0.42015774709378606,0.25,0.5833333333333334,0.19900497512437812,increase,False,9
wpli,coupon_min_spend,alpha,parietal,temporal,0.020108379423618317,0.42435129047445364,0.23874487441838974,0.45578566934419856,0.42578125,0.638671875,0.29850746268656714,increase,False,9
wpli,coupon_min_spend,alpha,occipital,occipital,0.029091550037264824,0.35667781768290396,0.31582290373578265,0.5101754598808796,0.359375,0.638671875,0.31343283582089554,increase,False,9
wpli,coupon_min_spend,alpha,occipital,temporal,0.01664724200963974,0.5238706563259257,0.15468357172497482,0.4060443757780589,0.12890625,0.38671875,0.15422885572139303,increase,False,9
wpli,coupon_min_spend,alpha,temporal,temporal,0.02253120392560959,0.6630164300359953,0.08189347100726042,0.24568041302178129,0.09765625,0.38671875,0.1044776119402985,increase,False,9
wpli,coupon_min_spend,beta,frontal,frontal,0.013271559961140156,0.44079488338063183,0.22259382968962374,0.6953183724494607,0.42578125,0.7984375,0.208955223880597,increase,False,9
wpli,coupon_min_spend,beta,frontal,frontal_central,0.009221766144037247,0.40670922788296104,0.2571604385975941,0.6953183724494607,0.49609375,0.7984375,0.23383084577114427,increase,False,9
wpli,coupon_min_spend,beta,frontal,central,-0.003663791576400399,-0.28686988434049077,0.4144997013883708,0.6953183724494607,0.5703125,0.7984375,0.472636815920398,decrease,False,9
wpli,coupon_min_spend,beta,frontal,parietal,-0.005333804525434971,-0.30762971247656007,0.38305533214313225,0.6953183724494607,0.359375,0.7984375,0.39303482587064675,decrease,False,9
wpli,coupon_min_spend,beta,frontal,occipital,0.004771126434206963,0.325859801183683,0.35691433055265204,0.6953183724494607,0.42578125,0.7984375,0.36318407960199006,increase,False,9
wpli,coupon_min_spend,beta,frontal,temporal,0.00939530786126852,0.6678110798345186,0.08008908823524423,0.4414524544539677,0.1640625,0.6890625,0.07462686567164178,increase,False,9
wpli,coupon_min_spend,beta,frontal_central,frontal_central,-0.003999494947493076,-0.15421622490942102,0.6559398643751698,0.8102786559928569,0.5703125,0.7984375,0.6169154228855721,decrease,False,9
wpli,coupon_min_spend,beta,frontal_central,central,0.008188747800886631,0.35977221404162435,0.31190947171881755,0.6953183724494607,0.42578125,0.7984375,0.24875621890547264,increase,False,9
wpli,coupon_min_spend,beta,frontal_central,parietal,0.0049141147173941135,0.27072986122824627,0.4401794020923844,0.6953183724494607,0.65234375,0.856201171875,0.4577114427860697,increase,False,9
wpli,coupon_min_spend,beta,frontal_central,occipital,-0.0032999548129737377,-0.08991517216537792,0.7941834365317453,0.8777816930087711,0.91015625,0.9556640625,0.7960199004975125,decrease,False,9
wpli,coupon_min_spend,beta,frontal_central,temporal,0.012202243320643902,0.6828035812855082,0.07469224019372811,0.4414524544539677,0.12890625,0.6890625,0.0945273631840796,increase,False,9
wpli,coupon_min_spend,beta,central,central,0.010720133781433105,0.21033906677625766,0.5456308623571057,0.763883207299948,0.49609375,0.7984375,0.5771144278606966,increase,False,9
wpli,coupon_min_spend,beta,central,parietal,0.001318381866440177,0.06482918868783479,0.8506422332971767,0.8931743449620356,0.734375,0.8567708333333334,0.8557213930348259,increase,False,9
wpli,coupon_min_spend,beta,central,occipital,-0.006414108909666538,-0.1841623688492911,0.5957092505827261,0.781868391389828,0.734375,0.8567708333333334,0.5472636815920398,decrease,False,9
wpli,coupon_min_spend,beta,central,temporal,0.008110281080007553,0.6573255025270306,0.08408618180075575,0.4414524544539677,0.09765625,0.6890625,0.11940298507462686,increase,False,9
wpli,coupon_min_spend,beta,parietal,parietal,0.0067586470395326614,0.25659692479634116,0.46354558163297377,0.6953183724494607,0.49609375,0.7984375,0.4427860696517413,increase,False,9
wpli,coupon_min_spend,beta,parietal,occipital,0.007073114160448313,0.26740655204629793,0.44560029752698993,0.6953183724494607,0.49609375,0.7984375,0.48258706467661694,increase,False,9
wpli,coupon_min_spend,beta,parietal,temporal,0.013410872779786587,0.7352170337444838,0.058476295159073675,0.4414524544539677,0.09765625,0.6890625,0.04975124378109453,increase,False,9
wpli,coupon_min_spend,beta,occipital,occipital,-0.004462056793272495,-0.13273526051691537,0.7008943429224952,0.8177100667429111,0.8203125,0.9066611842105263,0.6865671641791045,decrease,False,9
wpli,coupon_min_spend,beta,occipital,temporal,0.00020753013086505234,0.007317146511776503,0.983024333150897,0.983024333150897,1.0,1.0,0.9751243781094527,increase,False,9
wpli,coupon_min_spend,beta,temporal,temporal,0.01664014719426632,0.5580048688922736,0.13266194690944058,0.5571801770196505,0.1640625,0.6890625,0.12935323383084577,increase,False,9
wpli,coupon_min_spend,gamma,frontal,frontal,0.008691555820405483,0.1679511694228906,0.6279438943221757,0.7552434146068407,0.91015625,0.91015625,0.6965174129353234,increase,False,9
wpli,coupon_min_spend,gamma,frontal,frontal_central,0.01238379254937172,0.34733146168986134,0.3278770687669512,0.6259471312823613,0.359375,0.744140625,0.3781094527363184,increase,False,9
wpli,coupon_min_spend,gamma,frontal,central,-0.014945758506655693,-0.48323907524529847,0.1851809172032725,0.6259471312823613,0.42578125,0.744140625,0.16417910447761194,decrease,False,9
wpli,coupon_min_spend,gamma,frontal,parietal,-0.003262460231781006,-0.1410577145366216,0.6833154703585702,0.7552434146068407,0.8203125,0.9066611842105263,0.6666666666666666,decrease,False,9
wpli,coupon_min_spend,gamma,frontal,occipital,-0.005530453287065029,-0.21501576102248665,0.5369519953677359,0.7517327935148301,0.65234375,0.856201171875,0.5323383084577115,decrease,False,9
wpli,coupon_min_spend,gamma,frontal,temporal,0.004593461751937866,0.3814102637757235,0.28560704515821944,0.6259471312823613,0.42578125,0.744140625,0.3283582089552239,increase,False,9
wpli,coupon_min_spend,gamma,frontal_central,frontal_central,-0.011325024999678135,-0.4772003258603195,0.19014321946067453,0.6259471312823613,0.1640625,0.744140625,0.25870646766169153,decrease,False,9
wpli,coupon_min_spend,gamma,frontal_central,central,0.01230852771550417,0.4569429554755808,0.20765169880427953,0.6259471312823613,0.42578125,0.744140625,0.23880597014925373,increase,False,9
wpli,coupon_min_spend,gamma,frontal_central,parietal,0.008550028316676617,0.3567691523374215,0.31570685552992,0.6259471312823613,0.42578125,0.744140625,0.3582089552238806,increase,False,9
wpli,coupon_min_spend,gamma,frontal_central,occipital,-0.007307438179850578,-0.15035095872269208,0.6639265993487375,0.7552434146068407,0.734375,0.9066611842105263,0.6567164179104478,decrease,False,9
wpli,coupon_min_spend,gamma,frontal_central,temporal,0.0018120871391147375,0.061560281393370074,0.858075234792475,0.858075234792475,0.65234375,0.856201171875,0.8706467661691543,increase,False,9
wpli,coupon_min_spend,gamma,central,central,0.0222603939473629,0.32337361790265645,0.36039859845376276,0.6306975472940849,0.49609375,0.744140625,0.39303482587064675,increase,False,9
wpli,coupon_min_spend,gamma,central,parietal,-0.0039052399806678295,-0.16483988653172196,0.6342319774255374,0.7552434146068407,0.91015625,0.91015625,0.7064676616915423,decrease,False,9
wpli,coupon_min_spend,gamma,central,occipital,-0.015030390582978725,-0.25483772463237464,0.4665111715912811,0.6997667573869216,0.49609375,0.744140625,0.4975124378109453,decrease,False,9
wpli,coupon_min_spend,gamma,central,temporal,0.007768707349896431,0.37249228844851695,0.2962235522727257,0.6259471312823613,0.30078125,0.744140625,0.2736318407960199,increase,False,9
wpli,coupon_min_spend,gamma,parietal,parietal,0.02808326855301857,0.7697246056844081,0.04975319727273286,0.6259471312823613,0.07421875,0.744140625,0.06467661691542288,increase,False,9
wpli,coupon_min_spend,gamma,parietal,occipital,0.002235588151961565,0.06563837415940467,0.8488046757799722,0.858075234792475,0.8203125,0.9066611842105263,0.8557213930348259,increase,False,9
wpli,coupon_min_spend,gamma,parietal,temporal,0.01637001894414425,0.7113035556257021,0.06539355989315222,0.6259471312823613,0.12890625,0.744140625,0.05472636815920398,increase,False,9
wpli,coupon_min_spend,gamma,occipital,occipital,-0.016407571732997894,-0.41153473464625817,0.25200941621008394,0.6259471312823613,0.30078125,0.744140625,0.32338308457711445,decrease,False,9
wpli,coupon_min_spend,gamma,occipital,temporal,-0.010656075552105904,-0.2799797895855595,0.4253306092695479,0.6870725226661928,0.49609375,0.744140625,0.4527363184079602,decrease,False,9
wpli,coupon_min_spend,gamma,temporal,temporal,0.02381930500268936,0.5879395403731281,0.11577149118164401,0.6259471312823613,0.203125,0.744140625,0.1044776119402985,increase,False,9
wpli,facet_reset_once,theta,frontal,frontal,0.01576418988406658,0.33107382414748104,0.4147505991953726,0.9125582034003984,0.578125,0.9625,0.4427860696517413,increase,False,7
wpli,facet_reset_once,theta,frontal,frontal_central,0.004835030995309353,0.09386652550436611,0.8121471565201714,0.9125582034003984,0.8125,0.984375,0.7562189054726368,increase,False,7
wpli,facet_reset_once,theta,frontal,central,0.0022753009106963873,0.08697494225837972,0.8256478983146461,0.9125582034003984,0.9375,0.984375,0.8308457711442786,increase,False,7
wpli,facet_reset_once,theta,frontal,parietal,0.013980126939713955,0.19158711725380867,0.6303157190977096,0.9125582034003984,0.578125,0.9625,0.5920398009950248,increase,False,7
wpli,facet_reset_once,theta,frontal,occipital,0.004613708239048719,0.05862752792278939,0.8818181797248892,0.9259090887111336,0.9375,0.984375,0.9303482587064676,increase,False,7
wpli,facet_reset_once,theta,frontal,temporal,0.029574135318398476,0.33376017098408617,0.4111916513702417,0.9125582034003984,0.578125,0.9625,0.4129353233830846,increase,False,7
wpli,facet_reset_once,theta,frontal_central,frontal_central,-0.010921974666416645,-0.18334344433833955,0.6448205086215311,0.9125582034003984,0.8125,0.984375,0.6318407960199005,decrease,False,7
wpli,facet_reset_once,theta,frontal_central,central,-0.004002941306680441,-0.11238801930275553,0.7762250508532548,0.9125582034003984,0.6875,0.9625,0.7910447761194029,decrease,False,7
wpli,facet_reset_once,theta,frontal_central,parietal,0.015716569498181343,0.3032651720152456,0.4529423755957892,0.9125582034003984,0.296875,0.9625,0.4228855721393035,increase,False,7
wpli,facet_reset_once,theta,frontal_central,occipital,-0.01544194109737873,-0.23375112673750384,0.5590111089507245,0.9125582034003984,0.6875,0.9625,0.5174129353233831,decrease,False,7
wpli,facet_reset_once,theta,frontal_central,temporal,0.02303110621869564,0.41900191292513106,0.3100612349558049,0.9125582034003984,0.46875,0.9625,0.3034825870646766,increase,False,7
wpli,facet_reset_once,theta,central,central,0.049269285053014755,0.4781663379138836,0.2527438234778138,0.9125582034003984,0.296875,0.9625,0.25870646766169153,increase,False,7
wpli,facet_reset_once,theta,central,parietal,0.010097465477883816,0.24018715222634188,0.5485727051861955,0.9125582034003984,0.6875,0.9625,0.572139303482587,increase,False,7
wpli,facet_reset_once,theta,central,occipital,0.008486474864184856,0.16634672052985203,0.6752673801095308,0.9125582034003984,0.6875,0.9625,0.7263681592039801,increase,False,7
wpli,facet_reset_once,theta,central,temporal,0.02831052802503109,0.5883053944807473,0.17059149519936323,0.9125582034003984,0.21875,0.9625,0.15422885572139303,increase,False,7
wpli,facet_reset_once,theta,parietal,parietal,0.039754342287778854,0.4742764080209436,0.2562079829625616,0.9125582034003984,0.375,0.9625,0.2736318407960199,increase,False,7
wpli,facet_reset_once,theta,parietal,occipital,-0.008470405824482441,-0.13795622623019677,0.7276334394277295,0.9125582034003984,0.9375,0.984375,0.8009950248756219,decrease,False,7
wpli,facet_reset_once,theta,parietal,temporal,0.03988223895430565,0.4813697881002604,0.24992199662293182,0.9125582034003984,0.46875,0.9625,0.34328358208955223,increase,False,7
wpli,facet_reset_once,theta,occipital,occipital,0.0199165977537632,0.21026655993299384,0.5981161374944435,0.9125582034003984,0.6875,0.9625,0.6567164179104478,increase,False,7
wpli,facet_reset_once,theta,occipital,temporal,-0.0010115206241607666,-0.01837826437264891,0.9627968633192164,0.9627968633192164,1.0,1.0,0.9900497512437811,decrease,False,7
wpli,facet_reset_once,theta,temporal,temporal,0.05943504720926285,0.7394581043048992,0.09818091362440728,0.9125582034003984,0.15625,0.9625,0.19402985074626866,increase,False,7
wpli,facet_reset_once,alpha,frontal,frontal,0.002086924621835351,0.07264019102942024,0.8539346605712539,0.8966313935998166,0.8125,0.8980263157894737,0.8208955223880597,increase,False,7
wpli,facet_reset_once,alpha,frontal,frontal_central,0.006104311905801296,0.29965742932307643,0.45807724059638477,0.6352461611651758,0.6875,0.8980263157894737,0.5174129353233831,increase,False,7
wpli,facet_reset_once,alpha,frontal,central,-0.00932223442941904,-0.315099757184517,0.43638819745812596,0.6352461611651758,0.46875,0.7572115384615384,0.417910447761194,decrease,False,7
wpli,facet_reset_once,alpha,frontal,parietal,0.005479421000927687,0.33629558993040404,0.40785379555929363,0.6352461611651758,0.46875,0.7572115384615384,0.4427860696517413,increase,False,7
wpli,facet_reset_once,alpha,frontal,occipital,-0.007841808721423149,-0.28215789129319746,0.48356739744606814,0.6352461611651758,0.46875,0.7572115384615384,0.48756218905472637,decrease,False,7
wpli,facet_reset_once,alpha,frontal,temporal,0.010188843123614788,0.43412758009266134,0.29444450468155925,0.6352461611651758,0.375,0.7572115384615384,0.2835820895522388,increase,False,7
wpli,facet_reset_once,alpha,frontal_central,frontal_central,-0.01572905294597149,-0.9625652501598956,0.043683983355480065,0.4586818252325407,0.078125,0.57421875,0.06965174129353234,decrease,False,7
wpli,facet_reset_once,alpha,frontal_central,central,-0.006458946503698826,-0.24272100314102854,0.5444967095701507,0.6352461611651758,0.578125,0.809375,0.5472636815920398,decrease,False,7
wpli,facet_reset_once,alpha,frontal_central,parietal,-0.006099764723330736,-0.5485952572577002,0.19685566956613557,0.5905670086984067,0.21875,0.7572115384615384,0.20398009950248755,decrease,False,7
wpli,facet_reset_once,alpha,frontal_central,occipital,-0.01861523650586605,-1.0378844998061603,0.03346926861270344,0.4586818252325407,0.046875,0.57421875,0.06467661691542288,decrease,False,7
wpli,facet_reset_once,alpha,frontal_central,temporal,0.009704257361590862,0.4004024381146856,0.3302054557558228,0.6352461611651758,0.46875,0.7572115384615384,0.4079601990049751,increase,False,7
wpli,facet_reset_once,alpha,central,central,-0.0010266005992889404,-0.01980683908182764,0.9599079727153439,0.9599079727153439,0.9375,0.9375,0.9402985074626866,decrease,False,7
wpli,facet_reset_once,alpha,central,parietal,-0.014940159395337105,-0.6912022477345643,0.11719107367417313,0.5606358217395843,0.109375,0.57421875,0.10945273631840796,decrease,False,7
wpli,facet_reset_once,alpha,central,occipital,-0.018300464376807213,-0.7728217040831115,0.0868779138090656,0.5606358217395843,0.109375,0.57421875,0.07462686567164178,decrease,False,7
wpli,facet_reset_once,alpha,central,temporal,-0.002600550651550293,-0.09249606337684858,0.814826459941763,0.8966313935998166,0.8125,0.8980263157894737,0.7661691542288557,decrease,False,7
wpli,facet_reset_once,alpha,parietal,parietal,0.008083905093371868,0.24351378382998265,0.543225374515963,0.6352461611651758,0.46875,0.7572115384615384,0.5472636815920398,increase,False,7
wpli,facet_reset_once,alpha,parietal,occipital,-0.008286616764962673,-0.3065343082925278,0.4483250234605747,0.6352461611651758,0.578125,0.809375,0.5174129353233831,decrease,False,7
wpli,facet_reset_once,alpha,parietal,temporal,0.014008240774273872,0.6089481597060455,0.15827850368494453,0.5606358217395843,0.21875,0.7572115384615384,0.1791044776119403,increase,False,7
wpli,facet_reset_once,alpha,occipital,occipital,0.017103420570492744,0.2787836443463625,0.48859299261251765,0.6352461611651758,0.8125,0.8980263157894737,0.6318407960199005,increase,False,7
wpli,facet_reset_once,alpha,occipital,temporal,-0.008818323723971844,-0.259205950779273,0.5184490293373094,0.6352461611651758,0.9375,0.9375,0.4079601990049751,decrease,False,7
wpli,facet_reset_once,alpha,temporal,temporal,0.026039021089673042,0.6056597508974333,0.16018166335416692,0.5606358217395843,0.375,0.7572115384615384,0.21890547263681592,increase,False,7
wpli,facet_reset_once,beta,frontal,frontal,-0.0030416164081543684,-0.11040459006224969,0.7800448667220219,0.9100523445090256,0.9375,0.984375,0.8507462686567164,decrease,False,7
wpli,facet_reset_once,beta,frontal,frontal_central,-0.0029348391108214855,-0.21938947789040178,0.5827386003629635,0.9100523445090256,0.8125,0.984375,0.7661691542288557,decrease,False,7
wpli,facet_reset_once,beta,frontal,central,-0.008121715858578682,-0.5078370109340198,0.22765691743121064,0.7967992110092372,0.296875,0.984375,0.25870646766169153,decrease,False,7
wpli,facet_reset_once,beta,frontal,parietal,0.002815940650179982,0.2407560635057153,0.5476558653360786,0.9100523445090256,0.578125,0.984375,0.5771144278606966,increase,False,7
wpli,facet_reset_once,beta,frontal,occipital,-0.006657838821411133,-0.32601222167808447,0.42151879615700627,0.9100523445090256,0.46875,0.984375,0.3283582089552239,decrease,False,7
wpli,facet_reset_once,beta,frontal,temporal,-0.0017672990215942264,-0.15678611404305282,0.6926994783213424,0.9100523445090256,0.8125,0.984375,0.7164179104477612,decrease,False,7
wpli,facet_reset_once,beta,frontal_central,frontal_central,0.003347652265802026,0.12252104563267478,0.7568192536706392,0.9100523445090256,0.6875,0.984375,0.7711442786069652,increase,False,7
wpli,facet_reset_once,beta,frontal_central,central,-0.0044628637842834,-0.31355270964400545,0.438526901304693,0.9100523445090256,0.578125,0.984375,0.48756218905472637,decrease,False,7
wpli,facet_reset_once,beta,frontal_central,parietal,-0.011768992058932781,-2.198649888849636,0.0011339578082864637,0.02381311397401574,0.015625,0.328125,0.029850746268656716,decrease,True,7
wpli,facet_reset_once,beta,frontal_central,occipital,-0.005512663163244724,-0.2680946678978402,0.504747024072549,0.9100523445090256,0.578125,0.984375,0.5323383084577115,decrease,False,7
wpli,facet_reset_once,beta,frontal_central,temporal,0.00043641243246383965,0.031078952906053846,0.9371405541415767,0.965535257749811,1.0,1.0,0.9253731343283582,increase,False,7
wpli,facet_reset_once,beta,central,central,-0.015159585513174534,-0.6591273230958896,0.13180011550589849,0.5535604851247736,0.109375,0.45937500000000003,0.15422885572139303,decrease,False,7
wpli,facet_reset_once,beta,central,parietal,-0.01604919694364071,-0.8603834110635024,0.06311420971559173,0.395728703221018,0.078125,0.41015625,0.04975124378109453,decrease,False,7
wpli,facet_reset_once,beta,central,occipital,-0.011598676443099976,-0.36738040215899825,0.368590328327479,0.9100523445090256,0.46875,0.984375,0.34328358208955223,decrease,False,7
wpli,facet_reset_once,beta,central,temporal,-0.014615318737924099,-1.128323027348443,0.024469577756875957,0.2569305664471976,0.078125,0.41015625,0.0845771144278607,decrease,False,7
wpli,facet_reset_once,beta,parietal,parietal,0.0002798991627059877,0.017024392924141624,0.965535257749811,0.965535257749811,0.9375,0.984375,0.9701492537313433,increase,False,7
wpli,facet_reset_once,beta,parietal,occipital,-0.0035606196615844965,-0.14255519676731038,0.7190306103987162,0.9100523445090256,0.9375,0.984375,0.7114427860696517,decrease,False,7
wpli,facet_reset_once,beta,parietal,temporal,0.004458141978830099,0.8116388546010505,0.07537689585162247,0.395728703221018,0.078125,0.41015625,0.04975124378109453,increase,False,7
wpli,facet_reset_once,beta,occipital,occipital,0.006842178758233786,0.17325818395517814,0.6628007306768606,0.9100523445090256,0.8125,0.984375,0.6567164179104478,increase,False,7
wpli,facet_reset_once,beta,occipital,temporal,-0.007767766714096069,-0.30437947510639723,0.45136470530542727,0.9100523445090256,0.46875,0.984375,0.5124378109452736,decrease,False,7
wpli,facet_reset_once,beta,temporal,temporal,0.0025455313734710217,0.05703581021695742,0.8849981349373155,0.965535257749811,0.9375,0.984375,0.900497512437811,increase,False,7
wpli,facet_reset_once,gamma,frontal,frontal,0.005247746128588915,0.13011397484006734,0.7424033835076664,0.8661372807589443,0.6875,0.8492647058823529,0.7313432835820896,increase,False,7
wpli,facet_reset_once,gamma,frontal,frontal_central,-0.004136417526751757,-0.20540737138505816,0.6064013170299749,0.7902660764150324,0.6875,0.8492647058823529,0.5771144278606966,decrease,False,7
wpli,facet_reset_once,gamma,frontal,central,-0.00844616163522005,-0.38799603779983705,0.3442295866752591,0.7018343785262746,0.46875,0.8203125,0.36318407960199006,decrease,False,7
wpli,facet_reset_once,gamma,frontal,parietal,-0.0067694103345274925,-0.36817433844226943,0.367627531609001,0.7018343785262746,0.375,0.8203125,0.38308457711442784,decrease,False,7
wpli,facet_reset_once,gamma,frontal,occipital,-0.0023504665587097406,-0.07354592322675695,0.8521398104789812,0.9418387378978214,0.8125,0.8980263157894737,0.6965174129353234,decrease,False,7
wpli,facet_reset_once,gamma,frontal,temporal,-0.019128849729895592,-1.0610535450511565,0.030866373014048834,0.3239165270745152,0.015625,0.328125,0.009950248756218905,decrease,False,7
wpli,facet_reset_once,gamma,frontal_central,frontal_central,0.010909004136919975,0.33365683382665884,0.4113281398352794,0.719824244711739,0.46875,0.8203125,0.34328358208955223,increase,False,7
wpli,facet_reset_once,gamma,frontal_central,central,-0.009463702328503132,-0.46476117302209013,0.26485765077805423,0.7018343785262746,0.296875,0.8203125,0.30845771144278605,decrease,False,7
wpli,facet_reset_once,gamma,frontal_central,parietal,-0.01877550594508648,-1.1440201391767133,0.023193421708670336,0.3239165270745152,0.03125,0.328125,0.03482587064676617,decrease,False,7
wpli,facet_reset_once,gamma,frontal_central,occipital,-0.010295344516634941,-0.1965646654378238,0.6216437339904461,0.7902660764150324,0.8125,0.8980263157894737,0.6069651741293532,decrease,False,7
wpli,facet_reset_once,gamma,frontal_central,temporal,-0.021658804267644882,-0.8124008754924124,0.07516739123353235,0.3239165270745152,0.078125,0.328125,0.07462686567164178,decrease,False,7
wpli,facet_reset_once,gamma,central,central,-0.02345280908048153,-0.4564926765574803,0.2725794626554208,0.7018343785262746,0.375,0.8203125,0.2537313432835821,decrease,False,7
wpli,facet_reset_once,gamma,central,parietal,-0.01655811071395874,-0.7875684242670589,0.08231124390514896,0.3239165270745152,0.078125,0.328125,0.0845771144278607,decrease,False,7
wpli,facet_reset_once,gamma,central,occipital,0.0028576254844665527,0.04661270383055856,0.9058767115098023,0.9432639206112612,0.578125,0.8492647058823529,0.9303482587064676,increase,False,7
wpli,facet_reset_once,gamma,central,temporal,-0.01863374002277851,-0.8758735588275987,0.05966563076059415,0.3239165270745152,0.078125,0.328125,0.09950248756218906,decrease,False,7
wpli,facet_reset_once,gamma,parietal,parietal,-0.002955768723040819,-0.18622003327463751,0.639739204716931,0.7902660764150324,0.9375,0.9375,0.6716417910447762,decrease,False,7
wpli,facet_reset_once,gamma,parietal,occipital,-0.0072085983119904995,-0.1925182470897181,0.6286885444784138,0.7902660764150324,0.6875,0.8492647058823529,0.681592039800995,decrease,False,7
wpli,facet_reset_once,gamma,parietal,temporal,-0.008700596168637276,-0.7555713356493858,0.09254757916414719,0.3239165270745152,0.15625,0.546875,0.0945273631840796,decrease,False,7
wpli,facet_reset_once,gamma,occipital,occipital,-0.0015675084432587028,-0.028044601579730176,0.9432639206112612,0.9432639206112612,0.9375,0.9375,1.0,decrease,False,7
wpli,facet_reset_once,gamma,occipital,temporal,-0.01806776039302349,-0.36836063617674003,0.36740188405107355,0.7018343785262746,0.46875,0.8203125,0.32338308457711445,decrease,False,7
wpli,facet_reset_once,gamma,temporal,temporal,-0.008004511706531048,-0.21397875293392718,0.5918307707668865,0.7902660764150324,0.6875,0.8492647058823529,0.5771144278606966,decrease,False,7
wpli,feedback_late,theta,frontal,frontal,0.01597725972533226,0.5161667418030442,0.1600932049147073,0.24013980737206095,0.25,0.328125,0.18407960199004975,increase,False,9
wpli,feedback_late,theta,frontal,frontal_central,0.011279616504907608,0.6626720210794579,0.08202456762241159,0.15659235637005847,0.1640625,0.287109375,0.12437810945273632,increase,False,9
wpli,feedback_late,theta,frontal,central,0.012464324943721294,0.4385290837425608,0.2247624577526671,0.31466744085373394,0.359375,0.44393382352941174,0.208955223880597,increase,False,9
wpli,feedback_late,theta,frontal,parietal,0.021548625081777573,0.8677640833551769,0.031456464108022116,0.10610484405303101,0.0546875,0.1435546875,0.03482587064676617,increase,False,9
wpli,feedback_late,theta,frontal,occipital,0.015876300632953644,0.8794743704649058,0.029786135105866078,0.10610484405303101,0.02734375,0.1171875,0.01990049751243781,increase,False,9
wpli,feedback_late,theta,frontal,temporal,0.015532874502241611,0.6676252112594567,0.08015831530328044,0.15659235637005847,0.09765625,0.205078125,0.09950248756218906,increase,False,9
wpli,feedback_late,theta,frontal_central,frontal_central,0.015619290992617607,0.8154990540396665,0.040155511087797156,0.10610484405303101,0.0390625,0.1171875,0.03980099502487562,increase,False,9
wpli,feedback_late,theta,frontal_central,central,0.016721943393349648,0.8984608482651808,0.02726833732728987,0.10610484405303101,0.0390625,0.1171875,0.029850746268656716,increase,False,9
wpli,feedback_late,theta,frontal_central,parietal,0.017693238332867622,0.6893508584706123,0.07244797728197402,0.15659235637005847,0.01953125,0.1171875,0.04477611940298507,increase,False,9
wpli,feedback_late,theta,frontal_central,occipital,0.019341876730322838,1.2980069486258894,0.004583145074527714,0.096246046565082,0.01171875,0.1171875,0.01990049751243781,increase,False,9
wpli,feedback_late,theta,frontal_central,temporal,0.015361471101641655,0.8237129930821987,0.03864178077384281,0.10610484405303101,0.09765625,0.205078125,0.06965174129353234,increase,False,9
wpli,feedback_late,theta,central,central,0.012062483467161655,0.2947941666501135,0.40228616809554785,0.44463208052665815,0.49609375,0.5208984375,0.3582089552238806,increase,False,9
wpli,feedback_late,theta,central,parietal,0.022866152226924896,0.8263333630791473,0.038171116542362334,0.10610484405303101,0.0390625,0.1171875,0.03980099502487562,increase,False,9
wpli,feedback_late,theta,central,occipital,0.010925938375294209,0.34599366923981656,0.3296313289036237,0.3845698837208943,0.49609375,0.5208984375,0.35323383084577115,increase,False,9
wpli,feedback_late,theta,central,temporal,0.004324247594922781,0.24913050064107706,0.47621863148047205,0.5000295630544956,0.49609375,0.5208984375,0.4427860696517413,increase,False,9
wpli,feedback_late,theta,parietal,parietal,-0.0018753674812614918,-0.061105512142139384,0.8591105220249883,0.8591105220249883,0.8203125,0.8203125,0.8805970149253731,decrease,False,9
wpli,feedback_late,theta,parietal,occipital,0.013531548902392387,0.40560552911445513,0.25835083682621296,0.33908547333440453,0.25,0.328125,0.23383084577114427,increase,False,9
wpli,feedback_late,theta,parietal,temporal,0.020941201597452164,0.8140912490687775,0.04042089297258324,0.10610484405303101,0.0390625,0.1171875,0.014925373134328358,increase,False,9
wpli,feedback_late,theta,occipital,occipital,-0.016806701198220253,-0.5672842732174482,0.12719564604323608,0.22259238057566313,0.25,0.328125,0.16417910447761194,decrease,False,9
wpli,feedback_late,theta,occipital,temporal,0.016652239486575127,0.5292840570348607,0.15098203816582187,0.24013980737206095,0.203125,0.328125,0.1890547263681592,increase,False,9
wpli,feedback_late,theta,temporal,temporal,0.01947144605219364,0.35240202874517546,0.32129375478106,0.3845698837208943,0.1640625,0.287109375,0.31343283582089554,increase,False,9
wpli,feedback_late,alpha,frontal,frontal,0.010237442329525948,0.6169189759470819,0.1013588241181198,0.4721293330946843,0.1640625,0.609375,0.11442786069651742,increase,False,9
wpli,feedback_late,alpha,frontal,frontal_central,0.004149748012423515,0.22888965082154428,0.5117002210410109,0.727820188336602,0.42578125,0.638671875,0.4577114427860697,increase,False,9
wpli,feedback_late,alpha,frontal,central,0.0063651567324995995,0.35176032917243727,0.32212116935468466,0.5858817259504125,0.359375,0.638671875,0.34328358208955223,increase,False,9
wpli,feedback_late,alpha,frontal,parietal,0.006481683813035488,0.4452344572121699,0.218396467995367,0.5858817259504125,0.30078125,0.6316406250000001,0.26865671641791045,increase,False,9
wpli,feedback_late,alpha,frontal,occipital,0.008719186298549175,0.42582524785614095,0.23725776099091184,0.5858817259504125,0.203125,0.609375,0.263681592039801,increase,False,9
wpli,feedback_late,alpha,frontal,temporal,0.00430654501542449,0.3420916406687006,0.33478955768595003,0.5858817259504125,0.203125,0.609375,0.263681592039801,increase,False,9
wpli,feedback_late,alpha,frontal_central,frontal_central,0.0019407703075557947,0.09549662931577185,0.781782281412305,0.8208713954829203,0.91015625,0.9556640625,0.7960199004975125,increase,False,9
wpli,feedback_late,alpha,frontal_central,central,0.006230526603758335,0.6181639778327602,0.10077936990830445,0.4721293330946843,0.09765625,0.609375,0.0945273631840796,increase,False,9
wpli,feedback_late,alpha,frontal_central,parietal,0.006221959833055735,0.259708152055025,0.458331675032314,0.727820188336602,0.42578125,0.638671875,0.4129353233830846,increase,False,9
wpli,feedback_late,alpha,frontal_central,occipital,0.00021845102310180664,0.011404113851924032,0.9735460474416496,0.9735460474416496,0.65234375,0.8058363970588235,0.9751243781094527,increase,False,9
wpli,feedback_late,alpha,frontal_central,temporal,0.005356348119676113,0.3434063331239116,0.33304472211092123,0.5858817259504125,0.30078125,0.6316406250000001,0.3482587064676617,increase,False,9
wpli,feedback_late,alpha,central,central,-0.0018176138401031494,-0.12120640550000338,0.7255640319293011,0.8208713954829203,0.8203125,0.9556640625,0.6517412935323383,decrease,False,9
wpli,feedback_late,alpha,central,parietal,0.009443802759051323,0.47542202844419634,0.19162666375459506,0.5858817259504125,0.25,0.6316406250000001,0.1691542288557214,increase,False,9
wpli,feedback_late,alpha,central,occipital,0.001955956220626831,0.10810734150182504,0.7540117145042404,0.8208713954829203,1.0,1.0,0.8208955223880597,increase,False,9
wpli,feedback_late,alpha,central,temporal,-0.004981776233762503,-0.3691208271131283,0.3003185824615265,0.5858817259504125,0.49609375,0.6945312499999999,0.36318407960199006,decrease,False,9
wpli,feedback_late,alpha,parietal,parietal,-0.014648414216935635,-1.2803234603827998,0.004940383073546098,0.10374804454446805,0.0078125,0.1640625,0.004975124378109453,decrease,False,9
wpli,feedback_late,alpha,parietal,occipital,0.004756593145430088,0.19983421051025568,0.5654256334333954,0.727820188336602,0.65234375,0.8058363970588235,0.5671641791044776,increase,False,9
wpli,feedback_late,alpha,parietal,temporal,0.007659610826522112,0.7158882571546803,0.0640076943170759,0.4721293330946843,0.07421875,0.609375,0.06467661691542288,increase,False,9
wpli,feedback_late,alpha,occipital,occipital,-0.010854088701307774,-0.5943777205724071,0.11241174597492483,0.4721293330946843,0.1640625,0.609375,0.13930348258706468,decrease,False,9
wpli,feedback_late,alpha,occipital,temporal,0.0064346096478402615,0.2145203138105888,0.5378675085930549,0.727820188336602,0.42578125,0.638671875,0.5671641791044776,increase,False,9
wpli,feedback_late,alpha,temporal,temporal,-0.007065898738801479,-0.18749900584198187,0.5891877715105825,0.727820188336602,0.91015625,0.9556640625,0.6666666666666666,decrease,False,9
wpli,feedback_late,beta,frontal,frontal,0.0014626880874857306,0.15091685542088676,0.6627543866285976,0.9904470514172963,0.65234375,1.0,0.6666666666666666,increase,False,9
wpli,feedback_late,beta,frontal,frontal_central,-0.003943075891584158,-0.2955872103865863,0.4010781749279487,0.9904470514172963,0.91015625,1.0,0.40298507462686567,decrease,False,9
wpli,feedback_late,beta,frontal,central,0.00023667018103878945,0.016838554064222386,0.9609499676127096,0.9904470514172963,1.0,1.0,0.9253731343283582,increase,False,9
wpli,feedback_late,beta,frontal,parietal,-0.0008507867460139096,-0.0769764649740263,0.8231660604688791,0.9904470514172963,0.91015625,1.0,0.8258706467661692,decrease,False,9
wpli,feedback_late,beta,frontal,occipital,0.0009169545373879373,0.04919810039065908,0.8863150146975429,0.9904470514172963,1.0,1.0,0.8905472636815921,increase,False,9
wpli,feedback_late,beta,frontal,temporal,-6.659494829364121e-05,-0.004117423664248406,0.9904470514172963,0.9904470514172963,0.42578125,1.0,1.0,decrease,False,9
wpli,feedback_late,beta,frontal_central,frontal_central,0.0002777510089799762,0.02898203313925429,0.9328512238536789,0.9904470514172963,0.5703125,1.0,0.945273631840796,increase,False,9
wpli,feedback_late,beta,frontal_central,central,0.005373997613787651,0.8422685708995444,0.03543124891093508,0.7440562271296368,0.01953125,0.41015625,0.029850746268656716,increase,False,9
wpli,feedback_late,beta,frontal_central,parietal,0.0001158250670414418,0.006982531758394486,0.9838005051887856,0.9904470514172963,1.0,1.0,0.9950248756218906,increase,False,9
wpli,feedback_late,beta,frontal_central,occipital,0.00040800042916089296,0.026789945148363647,0.9379173041151497,0.9904470514172963,0.8203125,1.0,0.9104477611940298,increase,False,9
wpli,feedback_late,beta,frontal_central,temporal,0.0035221013240516186,0.36356977290774023,0.3071591096294803,0.9904470514172963,0.49609375,1.0,0.2885572139303483,increase,False,9
wpli,feedback_late,beta,central,central,-0.007255623582750559,-0.37495363113484337,0.29326225516904697,0.9904470514172963,0.30078125,1.0,0.27860696517412936,decrease,False,9
wpli,feedback_late,beta,central,parietal,-0.00018586052465252578,-0.022268448087774742,0.9483760746859425,0.9904470514172963,0.8203125,1.0,0.9353233830845771,decrease,False,9
wpli,feedback_late,beta,central,occipital,-0.0030569136142730713,-0.24840919630345362,0.47745487873002745,0.9904470514172963,0.30078125,1.0,0.4626865671641791,decrease,False,9
wpli,feedback_late,beta,central,temporal,0.0011535254307091236,0.1271262049876308,0.7128518550932021,0.9904470514172963,0.91015625,1.0,0.6567164179104478,increase,False,9
wpli,feedback_late,beta,parietal,parietal,-0.007523884531110525,-0.5003270694076248,0.1717546655491926,0.9904470514172963,0.25,1.0,0.15920398009950248,decrease,False,9
wpli,feedback_late,beta,parietal,occipital,0.0015878478297963738,0.1349340322625722,0.6962308196265533,0.9904470514172963,0.8203125,1.0,0.6865671641791045,increase,False,9
wpli,feedback_late,beta,parietal,temporal,0.0023513701744377613,0.18652548971436705,0.5910864161490217,0.9904470514172963,0.30078125,1.0,0.6019900497512438,increase,False,9
wpli,feedback_late,beta,occipital,occipital,-0.0036020311526954174,-0.21205368990478554,0.5424392770220883,0.9904470514172963,0.42578125,1.0,0.48756218905472637,decrease,False,9
wpli,feedback_late,beta,occipital,temporal,0.0053802067413926125,0.28079335525635124,0.42404150385098927,0.9904470514172963,0.65234375,1.0,0.3781094527363184,increase,False,9
wpli,feedback_late,beta,temporal,temporal,-0.005944546777755022,-0.30129449629206456,0.39246169030611633,0.9904470514172963,0.42578125,1.0,0.3781094527363184,decrease,False,9
wpli,feedback_late,gamma,frontal,frontal,0.002269357442855835,0.17696855249958438,0.6099023470986551,0.9148535206479826,0.91015625,0.9556640625,0.6169154228855721,increase,False,9
wpli,feedback_late,gamma,frontal,frontal_central,-0.009209530428051949,-0.5720727793353155,0.12445728464863445,0.8712009925404413,0.12890625,0.6767578125,0.1044776119402985,decrease,False,9
wpli,feedback_late,gamma,frontal,central,0.002703646896407008,0.11959753823986918,0.7290348132634461,0.9620170667764933,0.8203125,0.9556640625,0.8407960199004975,increase,False,9
wpli,feedback_late,gamma,frontal,parietal,-0.0009859933052212,-0.07891707759656345,0.8187993807106434,0.9715878401486362,0.5703125,0.9212740384615384,0.8557213930348259,decrease,False,9
wpli,feedback_late,gamma,frontal,occipital,-0.002423458732664585,-0.11777925922117961,0.7329653842106616,0.9620170667764933,0.5703125,0.9212740384615384,0.736318407960199,decrease,False,9
wpli,feedback_late,gamma,frontal,temporal,0.005480882246047258,0.2917877351745309,0.40688928553210024,0.9148535206479826,0.12890625,0.6767578125,0.373134328358209,increase,False,9
wpli,feedback_late,gamma,frontal_central,frontal_central,-0.004135072231292725,-0.21717145448985187,0.5329796441351379,0.9148535206479826,0.359375,0.8385416666666667,0.5074626865671642,decrease,False,9
wpli,feedback_late,gamma,frontal_central,central,0.012551645748317242,0.8743987291960678,0.030498701527390322,0.5658729110562799,0.0390625,0.57421875,0.05472636815920398,increase,False,9
wpli,feedback_late,gamma,frontal_central,parietal,0.004090375266969204,0.26986002157367495,0.44159386183466975,0.9148535206479826,0.49609375,0.9212740384615384,0.44776119402985076,increase,False,9
wpli,feedback_late,gamma,frontal_central,occipital,0.0005295508308336139,0.02959222238601376,0.9314415989978713,0.9715878401486362,0.8203125,0.9556640625,0.9104477611940298,increase,False,9
wpli,feedback_late,gamma,frontal_central,temporal,0.00918460264801979,0.7526572807389964,0.05389265819583618,0.5658729110562799,0.0546875,0.57421875,0.05970149253731343,increase,False,9
wpli,feedback_late,gamma,central,central,-0.011095656082034111,-0.3014655958318901,0.3922054755304544,0.9148535206479826,0.65234375,0.9556640625,0.39800995024875624,decrease,False,9
wpli,feedback_late,gamma,central,parietal,0.00042991506052203476,0.022252696029175106,0.9484125299876169,0.9715878401486362,0.91015625,0.9556640625,0.9552238805970149,increase,False,9
wpli,feedback_late,gamma,central,occipital,-0.005091273225843906,-0.2783233336400657,0.4279637348486973,0.9148535206479826,0.30078125,0.8385416666666667,0.4626865671641791,decrease,False,9
wpli,feedback_late,gamma,central,temporal,0.005395703949034214,0.21886559360027605,0.5298703201529464,0.9148535206479826,0.42578125,0.894140625,0.48258706467661694,increase,False,9
wpli,feedback_late,gamma,parietal,parietal,0.01077219843864441,0.4286214985710875,0.23445803975878604,0.9148535206479826,0.30078125,0.8385416666666667,0.19900497512437812,increase,False,9
wpli,feedback_late,gamma,parietal,occipital,-0.00017953250790014863,-0.012248695702170761,0.9715878401486362,0.9715878401486362,0.91015625,0.9556640625,0.9800995024875622,decrease,False,9
wpli,feedback_late,gamma,parietal,temporal,0.007277826312929392,0.4266410681834212,0.23643799795474207,0.9148535206479826,0.359375,0.8385416666666667,0.34328358208955223,increase,False,9
wpli,feedback_late,gamma,occipital,occipital,-0.002063410123810172,-0.06448985384386258,0.851413095245011,0.9715878401486362,0.734375,0.9556640625,0.845771144278607,decrease,False,9
wpli,feedback_late,gamma,occipital,temporal,0.00632783118635416,0.34352944092712145,0.3328816852936572,0.9148535206479826,0.359375,0.8385416666666667,0.30845771144278605,increase,False,9
wpli,feedback_late,gamma,temporal,temporal,0.004575560335069895,0.18822015295501415,0.5877834909812882,0.9148535206479826,1.0,1.0,0.6616915422885572,increase,False,9
wpli,first_click_miss,theta,frontal,frontal,0.009177371859550476,0.22475949695761405,0.5451760238717821,0.9402907285582425,0.9453125,0.9453125,0.7014925373134329,increase,False,8
wpli,first_click_miss,theta,frontal,frontal_central,0.026699360460042953,0.7364645020714549,0.07574484318582879,0.5302139023008016,0.109375,0.765625,0.07462686567164178,increase,False,8
wpli,first_click_miss,theta,frontal,central,-2.1725893020629883e-05,-0.000724650266364653,0.9984218285301061,0.9984218285301061,0.640625,0.9168198529411764,0.9900497512437811,decrease,False,8
wpli,first_click_miss,theta,frontal,parietal,0.002186831086874008,0.07287461650241134,0.8425634696229438,0.9423176391183984,0.9453125,0.9453125,0.8557213930348259,increase,False,8
wpli,first_click_miss,theta,frontal,occipital,0.011441648006439209,0.3782980830579495,0.32012552626668306,0.85271821504154,0.640625,0.9168198529411764,0.38308457711442784,increase,False,8
wpli,first_click_miss,theta,frontal,temporal,-0.00963880866765976,-0.22041270256939624,0.5527707993269277,0.9402907285582425,0.546875,0.9168198529411764,0.572139303482587,decrease,False,8
wpli,first_click_miss,theta,frontal_central,frontal_central,0.038324180990457535,0.8155616173410615,0.054446342954550246,0.5302139023008016,0.078125,0.765625,0.03980099502487562,increase,False,8
wpli,first_click_miss,theta,frontal_central,central,0.008656341582536697,0.3350925073343055,0.37480172077698204,0.85271821504154,0.3125,0.9168198529411764,0.3781094527363184,increase,False,8
wpli,first_click_miss,theta,frontal_central,parietal,0.020016472786664963,0.5756072456193834,0.1475360168121557,0.7745640882638174,0.1953125,0.9168198529411764,0.15920398009950248,increase,False,8
wpli,first_click_miss,theta,frontal_central,occipital,0.02086849883198738,0.42934153991663154,0.2639822243198746,0.85271821504154,0.3828125,0.9168198529411764,0.26865671641791045,increase,False,8
wpli,first_click_miss,theta,frontal_central,temporal,0.0033283531665802,0.11173672672930789,0.7611877326423868,0.9402907285582425,0.7421875,0.9168198529411764,0.7562189054726368,increase,False,8
wpli,first_click_miss,theta,central,central,0.0040672458708286285,0.11225595982310295,0.7601195171514682,0.9402907285582425,0.7421875,0.9168198529411764,0.7313432835820896,increase,False,8
wpli,first_click_miss,theta,central,parietal,0.010701902210712433,0.43222963989033913,0.261068123947877,0.85271821504154,0.4609375,0.9168198529411764,0.3034825870646766,increase,False,8
wpli,first_click_miss,theta,central,occipital,0.008605226874351501,0.18105569592859933,0.6243357291923954,0.9402907285582425,0.84375,0.9453125,0.681592039800995,increase,False,8
wpli,first_click_miss,theta,central,temporal,0.0011411309242248535,0.03912338450899722,0.9149937227598743,0.9607434088978681,0.9453125,0.9453125,0.9104477611940298,increase,False,8
wpli,first_click_miss,theta,parietal,parietal,-0.013829760253429413,-0.9521346149761741,0.030949070823285327,0.5302139023008016,0.0390625,0.765625,0.04975124378109453,decrease,False,8
wpli,first_click_miss,theta,parietal,occipital,0.009611129760742188,0.17947921771292985,0.6273030735912277,0.9402907285582425,0.7421875,0.9168198529411764,0.9253731343283582,increase,False,8
wpli,first_click_miss,theta,parietal,temporal,-0.0027526728808879852,-0.06817305825439168,0.8525731020595033,0.9423176391183984,0.7421875,0.9168198529411764,0.8407960199004975,decrease,False,8
wpli,first_click_miss,theta,occipital,occipital,-0.028117099776864052,-0.3125245662936621,0.4060562928769238,0.85271821504154,0.4609375,0.9168198529411764,0.38308457711442784,decrease,False,8
wpli,first_click_miss,theta,occipital,temporal,-0.008146267384290695,-0.1336756102931958,0.716566989949394,0.9402907285582425,0.7421875,0.9168198529411764,0.7213930348258707,decrease,False,8
wpli,first_click_miss,theta,temporal,temporal,0.012504924088716507,0.326113849522126,0.3870130628183328,0.85271821504154,0.3828125,0.9168198529411764,0.43283582089552236,increase,False,8
wpli,first_click_miss,alpha,frontal,frontal,0.011692505329847336,0.37278720968191126,0.3267271140820941,0.6237517632476342,0.546875,0.8834134615384615,0.3781094527363184,increase,False,8
wpli,first_click_miss,alpha,frontal,frontal_central,0.014229051768779755,0.7240376212945492,0.07977874292268002,0.5250904293904218,0.078125,0.546875,0.0845771144278607,increase,False,8
wpli,first_click_miss,alpha,frontal,central,-0.001424390822649002,-0.0736607645998664,0.8408927491870708,0.9294077754172888,0.7421875,0.97412109375,0.7960199004975125,decrease,False,8
wpli,first_click_miss,alpha,frontal,parietal,-0.003833368420600891,-0.24536296150189915,0.5100551127137886,0.8239351820761199,0.7421875,0.97412109375,0.6417910447761194,decrease,False,8
wpli,first_click_miss,alpha,frontal,occipital,0.013609956949949265,0.7648552941358278,0.06727559503068241,0.5250904293904218,0.078125,0.546875,0.08955223880597014,increase,False,8
wpli,first_click_miss,alpha,frontal,temporal,0.0025872625410556793,0.0956676400039456,0.7945119211698721,0.9294077754172888,0.9453125,0.9925781250000001,0.8059701492537313,increase,False,8
wpli,first_click_miss,alpha,frontal_central,frontal_central,0.01936793327331543,0.6159329020008582,0.1250215308072433,0.5250904293904218,0.1953125,0.5833333333333334,0.14925373134328357,increase,False,8
wpli,first_click_miss,alpha,frontal_central,central,0.0065941400825977325,0.6523480642530146,0.10753446266984525,0.5250904293904218,0.109375,0.57421875,0.08955223880597014,increase,False,8
wpli,first_click_miss,alpha,frontal_central,parietal,0.009646385908126831,0.9536128473763162,0.030762339321705672,0.5250904293904218,0.0546875,0.546875,0.04477611940298507,increase,False,8
wpli,first_click_miss,alpha,frontal_central,occipital,0.0029945969581604004,0.09001852320686267,0.8063415933557514,0.9294077754172888,1.0,1.0,0.7910447761194029,increase,False,8
wpli,first_click_miss,alpha,frontal_central,temporal,-0.00023206695914268494,-0.009260477837545253,0.9798347909930922,0.9798347909930922,0.84375,0.984375,0.9552238805970149,decrease,False,8
wpli,first_click_miss,alpha,central,central,0.013099372386932373,0.3894528315285141,0.30709054306127187,0.6237517632476342,0.1484375,0.5833333333333334,0.3034825870646766,increase,False,8
wpli,first_click_miss,alpha,central,parietal,0.005651596933603287,0.42150657836377425,0.272026162808078,0.6237517632476342,0.25,0.5833333333333334,0.25870646766169153,increase,False,8
wpli,first_click_miss,alpha,central,occipital,-0.0010482855141162872,-0.04592964893853236,0.9002929327661813,0.9453075794044904,0.9453125,0.9925781250000001,0.8855721393034826,decrease,False,8
wpli,first_click_miss,alpha,central,temporal,-0.012034516781568527,-0.3983902875810889,0.2969599434527564,0.6237517632476342,0.4609375,0.806640625,0.35323383084577115,decrease,False,8
wpli,first_click_miss,alpha,parietal,parietal,-0.008843090385198593,-0.3096622874463851,0.41015360875281726,0.7177688153174302,0.3828125,0.7308238636363636,0.4228855721393035,decrease,False,8
wpli,first_click_miss,alpha,parietal,occipital,-0.001123618334531784,-0.1702828154244092,0.6447594382526362,0.8776004341400593,0.640625,0.9609375,0.6467661691542289,decrease,False,8
wpli,first_click_miss,alpha,parietal,temporal,0.0033071115612983704,0.15789964699018488,0.6686479498209975,0.8776004341400593,0.1953125,0.5833333333333334,0.5373134328358209,increase,False,8
wpli,first_click_miss,alpha,occipital,occipital,-0.011916633695363998,-0.43134686787801174,0.26195592025826403,0.6237517632476342,0.3828125,0.7308238636363636,0.24378109452736318,decrease,False,8
wpli,first_click_miss,alpha,occipital,temporal,-0.005438107997179031,-0.20574743286720912,0.5788574920346804,0.8682862380520207,0.84375,0.984375,0.5870646766169154,decrease,False,8
wpli,first_click_miss,alpha,temporal,temporal,0.007213268429040909,0.44955675256307054,0.24415285872227016,0.6237517632476342,0.25,0.5833333333333334,0.22885572139303484,increase,False,8
wpli,first_click_miss,beta,frontal,frontal,0.005112554877996445,0.3071555533412982,0.4137666435659715,0.9896560549728647,0.3828125,1.0,0.4228855721393035,increase,False,8
wpli,first_click_miss,beta,frontal,frontal_central,0.0014326348900794983,0.12786184659307476,0.7282850635485192,0.9896560549728647,0.84375,1.0,0.7412935323383084,increase,False,8
wpli,first_click_miss,beta,frontal,central,0.00010833889245986938,0.004749797101138394,0.9896560549728647,0.9896560549728647,0.7421875,1.0,0.9751243781094527,increase,False,8
wpli,first_click_miss,beta,frontal,parietal,-0.002961784601211548,-0.2030181771258654,0.5837898484599336,0.9896560549728647,0.84375,1.0,0.6318407960199005,decrease,False,8
wpli,first_click_miss,beta,frontal,occipital,0.0017510615289211273,0.11583227560013484,0.7527772641365879,0.9896560549728647,0.9453125,1.0,0.8009950248756219,increase,False,8
wpli,first_click_miss,beta,frontal,temporal,0.0011282674968242645,0.07144266354772123,0.8456088946580742,0.9896560549728647,0.84375,1.0,0.8706467661691543,increase,False,8
wpli,first_click_miss,beta,frontal_central,frontal_central,0.00966690108180046,0.5819914516133525,0.14373396396629828,0.9896560549728647,0.1484375,1.0,0.13432835820895522,increase,False,8
wpli,first_click_miss,beta,frontal_central,central,-0.00044151395559310913,-0.024903508757793697,0.9458153305935497,0.9896560549728647,0.9453125,1.0,0.9303482587064676,decrease,False,8
wpli,first_click_miss,beta,frontal_central,parietal,-0.00047424808144569397,-0.053228199958555496,0.884575523833094,0.9896560549728647,0.84375,1.0,0.9253731343283582,decrease,False,8
wpli,first_click_miss,beta,frontal_central,occipital,-0.000750366598367691,-0.023558137221467292,0.9487374799815014,0.9896560549728647,0.84375,1.0,0.9800995024875622,decrease,False,8
wpli,first_click_miss,beta,frontal_central,temporal,0.0035670921206474304,0.20810767934776628,0.5746114191847085,0.9896560549728647,1.0,1.0,0.5621890547263682,increase,False,8
wpli,first_click_miss,beta,central,central,0.0030241794884204865,0.1315188256224246,0.7209048112358822,0.9896560549728647,0.7421875,1.0,0.7313432835820896,increase,False,8
wpli,first_click_miss,beta,central,parietal,0.0007199756801128387,0.06203076744938096,0.8656937870605739,0.9896560549728647,0.7421875,1.0,0.8557213930348259,increase,False,8
wpli,first_click_miss,beta,central,occipital,0.006644140928983688,0.4197067757829125,0.27390275516776313,0.9896560549728647,0.1953125,1.0,0.24875621890547264,increase,False,8
wpli,first_click_miss,beta,central,temporal,-0.009695321321487427,-0.4863061239665568,0.21138247250733208,0.9896560549728647,0.25,1.0,0.21890547263681592,decrease,False,8
wpli,first_click_miss,beta,parietal,parietal,-0.009526841342449188,-0.6412953248106993,0.1125770842827958,0.9896560549728647,0.109375,1.0,0.11442786069651742,decrease,False,8
wpli,first_click_miss,beta,parietal,occipital,-0.0010146908462047577,-0.09655842524067573,0.7926517414314213,0.9896560549728647,0.9453125,1.0,0.8407960199004975,decrease,False,8
wpli,first_click_miss,beta,parietal,temporal,0.006125655025243759,0.5067652630153316,0.19487277226699243,0.9896560549728647,0.109375,1.0,0.21890547263681592,increase,False,8
wpli,first_click_miss,beta,occipital,occipital,-0.00013508275151252747,-0.008133763336217839,0.9822877462809974,0.9896560549728647,0.84375,1.0,0.9800995024875622,decrease,False,8
wpli,first_click_miss,beta,occipital,temporal,-0.0009071379899978638,-0.0395668095311732,0.9140348154147726,0.9896560549728647,1.0,1.0,0.9353233830845771,decrease,False,8
wpli,first_click_miss,beta,temporal,temporal,0.00925355777144432,0.33837999373612965,0.3704042090512508,0.9896560549728647,0.4609375,1.0,0.3582089552238806,increase,False,8
wpli,first_click_miss,gamma,frontal,frontal,0.001449625939130783,0.06033185374417336,0.8693311038654705,0.9127976590587441,1.0,1.0,0.8656716417910447,increase,False,8
wpli,first_click_miss,gamma,frontal,frontal_central,-0.003828246146440506,-0.18575135171061033,0.6155416412407284,0.8201823321377221,0.84375,0.984375,0.6716417910447762,decrease,False,8
wpli,first_click_miss,gamma,frontal,central,0.005054041743278503,0.14045102199980364,0.7030134275466189,0.8201823321377221,0.7421875,0.9168198529411764,0.6417910447761194,increase,False,8
wpli,first_click_miss,gamma,frontal,parietal,-0.004438947886228561,-0.19965526818511314,0.5899002619388631,0.8201823321377221,0.640625,0.9168198529411764,0.6019900497512438,decrease,False,8
wpli,first_click_miss,gamma,frontal,occipital,-0.010720506310462952,-0.651791135713522,0.10778324744906442,0.8201823321377221,0.109375,0.9168198529411764,0.10945273631840796,decrease,False,8
wpli,first_click_miss,gamma,frontal,temporal,-0.009886618703603745,-0.4378965675434553,0.2554293319613233,0.8201823321377221,0.3125,0.9168198529411764,0.2885572139303483,decrease,False,8
wpli,first_click_miss,gamma,frontal_central,frontal_central,0.005383897572755814,0.3823136977693479,0.31538271006864255,0.8201823321377221,0.3828125,0.9168198529411764,0.34328358208955223,increase,False,8
wpli,first_click_miss,gamma,frontal_central,central,-0.00036234036087989807,-0.011163732378904624,0.9756917869249022,0.9756917869249022,0.7421875,0.9168198529411764,0.9950248756218906,decrease,False,8
wpli,first_click_miss,gamma,frontal_central,parietal,-0.003532934933900833,-0.1853593928130992,0.6162731621705173,0.8201823321377221,0.640625,0.9168198529411764,0.5771144278606966,decrease,False,8
wpli,first_click_miss,gamma,frontal_central,occipital,-0.006896618753671646,-0.28207493554517,0.45118213413969355,0.8201823321377221,0.4609375,0.9168198529411764,0.4427860696517413,decrease,False,8
wpli,first_click_miss,gamma,frontal_central,temporal,0.007483363151550293,0.26165817261040164,0.48332824513692874,0.8201823321377221,0.4609375,0.9168198529411764,0.4975124378109453,increase,False,8
wpli,first_click_miss,gamma,central,central,-0.011868327856063843,-0.4076150765202325,0.28679237528358204,0.8201823321377221,0.3125,0.9168198529411764,0.24875621890547264,decrease,False,8
wpli,first_click_miss,gamma,central,parietal,0.0014542937278747559,0.07654253556141878,0.834775974698272,0.9127976590587441,1.0,1.0,0.8507462686567164,increase,False,8
wpli,first_click_miss,gamma,central,occipital,0.012324359267950058,0.3051086226778094,0.4167340112927823,0.8201823321377221,0.4609375,0.9168198529411764,0.42786069651741293,increase,False,8
wpli,first_click_miss,gamma,central,temporal,-0.0033098720014095306,-0.1464793208606948,0.6910508028590125,0.8201823321377221,0.640625,0.9168198529411764,0.6567164179104478,decrease,False,8
wpli,first_click_miss,gamma,parietal,parietal,-0.004636488854885101,-0.1621544744875969,0.6603914914088161,0.8201823321377221,0.7421875,0.9168198529411764,0.6069651741293532,decrease,False,8
wpli,first_click_miss,gamma,parietal,occipital,0.0026983581483364105,0.31804636627680843,0.39823675248726015,0.8201823321377221,0.640625,0.9168198529411764,0.44776119402985076,increase,False,8
wpli,first_click_miss,gamma,parietal,temporal,0.007074739784002304,0.42155199336806876,0.27197894076689855,0.8201823321377221,0.25,0.9168198529411764,0.26865671641791045,increase,False,8
wpli,first_click_miss,gamma,occipital,occipital,0.011863578110933304,0.22757739447528139,0.5402866652264415,0.8201823321377221,0.9453125,1.0,0.6169154228855721,increase,False,8
wpli,first_click_miss,gamma,occipital,temporal,0.005250614136457443,0.1419500759785573,0.7000300794797806,0.8201823321377221,0.640625,0.9168198529411764,0.6716417910447762,increase,False,8
wpli,first_click_miss,gamma,temporal,temporal,0.011448405683040619,0.28482497223358644,0.44696751585371874,0.8201823321377221,0.640625,0.9168198529411764,0.48756218905472637,increase,False,8
wpli,network_jitter,theta,frontal,frontal,0.014628427103161812,0.5173931628838047,0.15922070793152723,0.7657120790416774,0.1640625,0.77109375,0.15920398009950248,increase,False,9
wpli,network_jitter,theta,frontal,frontal_central,0.009446061216294765,0.25680900197729034,0.4631889284794175,0.7657120790416774,0.65234375,0.77109375,0.44776119402985076,increase,False,9
wpli,network_jitter,theta,frontal,central,-0.0026532476767897606,-0.12393729015738758,0.7196881929880795,0.8048590087573793,0.49609375,0.77109375,0.6766169154228856,decrease,False,9
wpli,network_jitter,theta,frontal,parietal,0.0007512834272347391,0.054842812390934526,0.8733962831556095,0.91706609731339,0.734375,0.77109375,0.8805970149253731,increase,False,9
wpli,network_jitter,theta,frontal,occipital,0.017054375261068344,0.37763554894499596,0.29006267067052033,0.7657120790416774,0.359375,0.77109375,0.2885572139303483,increase,False,9
wpli,network_jitter,theta,frontal,temporal,0.0034941036719828844,0.22957360254228448,0.5104747193611182,0.7657120790416774,0.65234375,0.77109375,0.5223880597014925,increase,False,9
wpli,network_jitter,theta,frontal_central,frontal_central,-0.01041556429117918,-0.2592213617432389,0.45914481578486743,0.7657120790416774,0.42578125,0.77109375,0.4626865671641791,decrease,False,9
wpli,network_jitter,theta,frontal_central,central,-0.0009975068969652057,-0.03326091232954213,0.9229720017431218,0.9229720017431218,1.0,1.0,0.9651741293532339,decrease,False,9
wpli,network_jitter,theta,frontal_central,parietal,-0.005431639030575752,-0.270221238474009,0.4410060614838244,0.7657120790416774,0.5703125,0.77109375,0.4228855721393035,decrease,False,9
wpli,network_jitter,theta,frontal_central,occipital,0.014116602018475533,0.33605709548491514,0.34288899773665155,0.7657120790416774,0.734375,0.77109375,0.39800995024875624,increase,False,9
wpli,network_jitter,theta,frontal_central,temporal,0.0028129848651587963,0.17880659853767605,0.6062588861219427,0.7957147880350498,0.42578125,0.77109375,0.5373134328358209,increase,False,9
wpli,network_jitter,theta,central,central,0.009545273147523403,0.34461540636539073,0.33144624429391756,0.7657120790416774,0.359375,0.77109375,0.3333333333333333,increase,False,9
wpli,network_jitter,theta,central,parietal,0.009178876876831055,0.3836846555247547,0.2829491666064013,0.7657120790416774,0.30078125,0.77109375,0.3034825870646766,increase,False,9
wpli,network_jitter,theta,central,occipital,0.006920936983078718,0.2452013440525483,0.4829782400572957,0.7657120790416774,0.65234375,0.77109375,0.5124378109452736,increase,False,9
wpli,network_jitter,theta,central,temporal,0.009029064327478409,0.2872950283918943,0.4138378266543177,0.7657120790416774,0.49609375,0.77109375,0.4626865671641791,increase,False,9
wpli,network_jitter,theta,parietal,parietal,-0.01645766757428646,-0.39738011235916537,0.2673663596008363,0.7657120790416774,0.30078125,0.77109375,0.23383084577114427,decrease,False,9
wpli,network_jitter,theta,parietal,occipital,0.0053039491176605225,0.11998156182662871,0.728205769828105,0.8048590087573793,0.734375,0.77109375,0.7412935323383084,increase,False,9
wpli,network_jitter,theta,parietal,temporal,0.002675559837371111,0.1255642478332745,0.7161969423102715,0.8048590087573793,0.734375,0.77109375,0.6517412935323383,increase,False,9
wpli,network_jitter,theta,occipital,occipital,-0.021027717739343643,-0.3044796266834963,0.38771169567240815,0.7657120790416774,0.42578125,0.77109375,0.35323383084577115,decrease,False,9
wpli,network_jitter,theta,occipital,temporal,0.018738828599452972,0.41910505321946007,0.24410187802549804,0.7657120790416774,0.25,0.77109375,0.22388059701492538,increase,False,9
wpli,network_jitter,theta,temporal,temporal,0.0070008207112550735,0.19030733017600118,0.5837295821992925,0.7957147880350498,0.5703125,0.77109375,0.6467661691542289,increase,False,9
wpli,network_jitter,alpha,frontal,frontal,0.006871882360428572,0.48440337332419053,0.18423742204872767,0.7548136042983122,0.359375,0.8385416666666667,0.21890547263681592,increase,False,9
wpli,network_jitter,alpha,frontal,frontal_central,0.007127079647034407,0.48296825031694124,0.1854010086241901,0.7548136042983122,0.1640625,0.8385416666666667,0.1691542288557214,increase,False,9
wpli,network_jitter,alpha,frontal,central,-0.0034442576579749584,-0.2603641745156204,0.4572372880918244,0.7548136042983122,0.734375,0.9071691176470588,0.5024875621890548,decrease,False,9
wpli,network_jitter,alpha,frontal,parietal,-0.0033113094978034496,-0.2757864438430392,0.43201841795506,0.7548136042983122,0.5703125,0.9071691176470588,0.4129353233830846,decrease,False,9
wpli,network_jitter,alpha,frontal,occipital,0.0019952389411628246,0.1668463680442801,0.6301731066557761,0.9452596599836641,0.734375,0.9071691176470588,0.5671641791044776,increase,False,9
wpli,network_jitter,alpha,frontal,temporal,-0.006349023897200823,-0.48812623984312653,0.1812490492646628,0.7548136042983122,0.25,0.8385416666666667,0.14925373134328357,decrease,False,9
wpli,network_jitter,alpha,frontal_central,frontal_central,-0.0003265241684857756,-0.025495773640992144,0.9409096672025977,0.949892669016377,1.0,1.0,0.9353233830845771,decrease,False,9
wpli,network_jitter,alpha,frontal_central,central,0.004694988485425711,0.35501838024570687,0.3179374165327786,0.7548136042983122,0.1640625,0.8385416666666667,0.3333333333333333,increase,False,9
wpli,network_jitter,alpha,frontal_central,parietal,-0.0029199784621596336,-0.25439141562940126,0.46726556456562185,0.7548136042983122,0.49609375,0.9071691176470588,0.3880597014925373,decrease,False,9
wpli,network_jitter,alpha,frontal_central,occipital,-0.004990614019334316,-0.2761892057992398,0.4313729186312809,0.7548136042983122,0.359375,0.8385416666666667,0.42786069651741293,decrease,False,9
wpli,network_jitter,alpha,frontal_central,temporal,-0.0002684295177459717,-0.02161320199932956,0.949892669016377,0.949892669016377,1.0,1.0,0.9552238805970149,decrease,False,9
wpli,network_jitter,alpha,central,central,0.0028577547054737806,0.1445789278182718,0.6759385336394637,0.9463139470952491,0.734375,0.9071691176470588,0.6268656716417911,increase,False,9
wpli,network_jitter,alpha,central,parietal,-0.0005607406492345035,-0.026845761735234026,0.9377882685242075,0.949892669016377,0.91015625,1.0,0.9552238805970149,decrease,False,9
wpli,network_jitter,alpha,central,occipital,-0.009409133344888687,-0.4892589734973871,0.18034830383210868,0.7548136042983122,0.30078125,0.8385416666666667,0.15422885572139303,decrease,False,9
wpli,network_jitter,alpha,central,temporal,-0.001677433610893786,-0.09686817498524673,0.7787449030181502,0.949892669016377,0.734375,0.9071691176470588,0.7512437810945274,decrease,False,9
wpli,network_jitter,alpha,parietal,parietal,-0.013989816419780254,-0.7666329613440749,0.050478804352764466,0.7548136042983122,0.0546875,0.8385416666666667,0.04975124378109453,decrease,False,9
wpli,network_jitter,alpha,parietal,occipital,-0.0008560584392398596,-0.04814308205653031,0.8887337210141397,0.949892669016377,0.734375,0.9071691176470588,0.8805970149253731,decrease,False,9
wpli,network_jitter,alpha,parietal,temporal,-0.0061173043213784695,-0.3821415658642175,0.28475024270119886,0.7548136042983122,0.42578125,0.894140625,0.31840796019900497,decrease,False,9
wpli,network_jitter,alpha,occipital,occipital,-0.011181380599737167,-0.32768304537812326,0.3543752869771482,0.7548136042983122,0.30078125,0.8385416666666667,0.39303482587064675,decrease,False,9
wpli,network_jitter,alpha,occipital,temporal,-0.000814841827377677,-0.05298502903619378,0.8776438399883252,0.949892669016377,0.91015625,1.0,0.8656716417910447,decrease,False,9
wpli,network_jitter,alpha,temporal,temporal,-0.006640550214797258,-0.3664568612051321,0.3035861192522139,0.7548136042983122,0.30078125,0.8385416666666667,0.31840796019900497,decrease,False,9
wpli,network_jitter,beta,frontal,frontal,0.0023624864406883717,0.14341744994784528,0.6783677547767362,0.7395585381692533,0.91015625,0.91015625,0.6666666666666666,increase,False,9
wpli,network_jitter,beta,frontal,frontal_central,0.009849107824265957,0.6737093755115691,0.07792216431843897,0.64665574476748,0.09765625,0.7109375,0.09950248756218906,increase,False,9
wpli,network_jitter,beta,frontal,central,-0.0029898120556026697,-0.41693693314232944,0.24634504562570667,0.64665574476748,0.25,0.75,0.25870646766169153,decrease,False,9
wpli,network_jitter,beta,frontal,parietal,-0.006599495653063059,-0.8812879483732263,0.029535693856570136,0.6202495709879728,0.02734375,0.57421875,0.03980099502487562,decrease,False,9
wpli,network_jitter,beta,frontal,occipital,-0.0038887758273631334,-0.48199996496614933,0.18618974206671732,0.64665574476748,0.30078125,0.7546875000000001,0.23383084577114427,decrease,False,9
wpli,network_jitter,beta,frontal,temporal,-0.004843632224947214,-0.4379965331856068,0.225274838326014,0.64665574476748,0.203125,0.7109375,0.20398009950248755,decrease,False,9
wpli,network_jitter,beta,frontal_central,frontal_central,0.007583492435514927,0.4745544952263599,0.1923540261773187,0.64665574476748,0.203125,0.7109375,0.18407960199004975,increase,False,9
wpli,network_jitter,beta,frontal_central,central,0.0051949420012533665,0.6365336207166322,0.09258813474705375,0.64665574476748,0.203125,0.7109375,0.12437810945273632,increase,False,9
wpli,network_jitter,beta,frontal_central,parietal,-0.0018748475704342127,-0.18486162151548838,0.5943392891204669,0.7395585381692533,0.65234375,0.8058363970588235,0.6119402985074627,decrease,False,9
wpli,network_jitter,beta,frontal_central,occipital,-0.005888591054826975,-0.37977782464564985,0.28752714505544436,0.6708966717960368,0.359375,0.7546875000000001,0.3283582089552239,decrease,False,9
wpli,network_jitter,beta,frontal_central,temporal,0.0036876467056572437,0.25410340780754465,0.4677527732186919,0.7395585381692533,0.49609375,0.7984375,0.43283582089552236,increase,False,9
wpli,network_jitter,beta,central,central,0.0031731559429317713,0.19716631597306084,0.5705180937143267,0.7395585381692533,0.5703125,0.7984375,0.5223880597014925,increase,False,9
wpli,network_jitter,beta,central,parietal,-0.002776205539703369,-0.26278553174528124,0.4532132812707831,0.7395585381692533,0.65234375,0.8058363970588235,0.46766169154228854,decrease,False,9
wpli,network_jitter,beta,central,occipital,-0.011263330467045307,-0.5514940037204161,0.13662620467482003,0.64665574476748,0.1640625,0.7109375,0.14925373134328357,decrease,False,9
wpli,network_jitter,beta,central,temporal,-0.002515478292480111,-0.21409290059588876,0.5386580226456099,0.7395585381692533,0.5703125,0.7984375,0.4925373134328358,decrease,False,9
wpli,network_jitter,beta,parietal,parietal,-0.003911985084414482,-0.27005946255253166,0.4412692640450414,0.7395585381692533,0.5703125,0.7984375,0.5223880597014925,decrease,False,9
wpli,network_jitter,beta,parietal,occipital,-0.0005037254886701703,-0.03399859659797627,0.9212701915720066,0.9212701915720066,0.8203125,0.9066611842105263,0.9104477611940298,decrease,False,9
wpli,network_jitter,beta,parietal,temporal,-0.0018789800815284252,-0.13111410061472947,0.7043414649230983,0.7395585381692533,0.91015625,0.91015625,0.6965174129353234,decrease,False,9
wpli,network_jitter,beta,occipital,occipital,-0.004882620647549629,-0.17836934500700055,0.6071245431176024,0.7395585381692533,0.359375,0.7546875000000001,0.5373134328358209,decrease,False,9
wpli,network_jitter,beta,occipital,temporal,-0.0015673405723646283,-0.1335167364335335,0.699235301874781,0.7395585381692533,0.734375,0.8567708333333334,0.681592039800995,decrease,False,9
wpli,network_jitter,beta,temporal,temporal,-0.003851592540740967,-0.2710228913448384,0.43970357042072994,0.7395585381692533,0.42578125,0.7984375,0.43283582089552236,decrease,False,9
wpli,network_jitter,gamma,frontal,frontal,-0.0025427143555134535,-0.21455960141991992,0.537794861454066,0.7612117507507349,0.65234375,0.7610677083333334,0.48258706467661694,decrease,False,9
wpli,network_jitter,gamma,frontal,frontal_central,0.0044891005381941795,0.3371913382839329,0.3413553079391151,0.7612117507507349,0.359375,0.7610677083333334,0.39303482587064675,increase,False,9
wpli,network_jitter,gamma,frontal,central,-0.006137841381132603,-0.3095472050887334,0.38024107186782397,0.7612117507507349,0.359375,0.7610677083333334,0.4079601990049751,decrease,False,9
wpli,network_jitter,gamma,frontal,parietal,-0.01069711335003376,-0.7845712117451688,0.04641142787070605,0.7612117507507349,0.01953125,0.41015625,0.014925373134328358,decrease,False,9
wpli,network_jitter,gamma,frontal,occipital,-0.0035492645110934973,-0.2605355373097864,0.45695173066144856,0.7612117507507349,0.49609375,0.7610677083333334,0.48258706467661694,decrease,False,9
wpli,network_jitter,gamma,frontal,temporal,-0.0030438106041401625,-0.22872547099690813,0.5119946124726875,0.7612117507507349,0.5703125,0.7610677083333334,0.472636815920398,decrease,False,9
wpli,network_jitter,gamma,frontal_central,frontal_central,0.005393120925873518,0.17379571513102327,0.6162190363220235,0.7612117507507349,0.5703125,0.7610677083333334,0.7860696517412935,increase,False,9
wpli,network_jitter,gamma,frontal_central,central,0.0026420289650559425,0.30253572760508163,0.3906056430706313,0.7612117507507349,0.65234375,0.7610677083333334,0.43283582089552236,increase,False,9
wpli,network_jitter,gamma,frontal_central,parietal,-0.004705157596617937,-0.37018615486483913,0.299019772663035,0.7612117507507349,0.25,0.7610677083333334,0.31840796019900497,decrease,False,9
wpli,network_jitter,gamma,frontal_central,occipital,-0.007701363880187273,-0.38727030749020236,0.27879963882099995,0.7612117507507349,0.25,0.7610677083333334,0.24875621890547264,decrease,False,9
wpli,network_jitter,gamma,frontal_central,temporal,0.003941088914871216,0.20958856238415546,0.5470313459655894,0.7612117507507349,0.8203125,0.861328125,0.582089552238806,increase,False,9
wpli,network_jitter,gamma,central,central,-0.003439949592575431,-0.09558581570131731,0.781584652531216,0.8206638851577769,0.49609375,0.7610677083333334,0.7761194029850746,decrease,False,9
wpli,network_jitter,gamma,central,parietal,-0.0028726260643452406,-0.17527503497466393,0.6132696151833954,0.7612117507507349,0.65234375,0.7610677083333334,0.6268656716417911,decrease,False,9
wpli,network_jitter,gamma,central,occipital,-0.014555792324244976,-0.6473845781397706,0.08805294425796374,0.7612117507507349,0.12890625,0.7610677083333334,0.07462686567164178,decrease,False,9
wpli,network_jitter,gamma,central,temporal,-0.002732094842940569,-0.10952356765630117,0.7509157570599869,0.8206638851577769,1.0,1.0,0.7611940298507462,decrease,False,9
wpli,network_jitter,gamma,parietal,parietal,0.00524560920894146,0.24399703582130824,0.48506256373439727,0.7612117507507349,0.25,0.7610677083333334,0.5024875621890548,increase,False,9
wpli,network_jitter,gamma,parietal,occipital,0.007072352804243565,0.33431656893413325,0.34525273398240364,0.7612117507507349,0.359375,0.7610677083333334,0.3383084577114428,increase,False,9
wpli,network_jitter,gamma,parietal,temporal,0.00452586030587554,0.35767994905056577,0.31455131281709453,0.7612117507507349,0.25,0.7610677083333334,0.23383084577114427,increase,False,9
wpli,network_jitter,gamma,occipital,occipital,-0.008627474308013916,-0.20999695405232283,0.54626899294574,0.7612117507507349,0.5703125,0.7610677083333334,0.5024875621890548,decrease,False,9
wpli,network_jitter,gamma,occipital,temporal,0.0031108558177948,0.14331533677224115,0.6785815255053501,0.7916784464229085,0.5703125,0.7610677083333334,0.681592039800995,increase,False,9
wpli,network_jitter,gamma,temporal,temporal,-0.0008046627044677734,-0.04783835430789,0.889432566888795,0.889432566888795,0.734375,0.8116776315789473,0.9054726368159204,decrease,False,9
wpli,overlay_blocking,theta,frontal,frontal,-0.0025193095207214355,0.0,1.0,1.0,1.0,1.0,,decrease,False,1
wpli,overlay_blocking,theta,frontal,frontal_central,-0.0018864274024963379,0.0,1.0,1.0,1.0,1.0,,decrease,False,1
wpli,overlay_blocking,theta,frontal,central,-0.025561422109603882,0.0,1.0,1.0,1.0,1.0,,decrease,False,1
wpli,overlay_blocking,theta,frontal,parietal,-0.019484758377075195,0.0,1.0,1.0,1.0,1.0,,decrease,False,1
wpli,overlay_blocking,theta,frontal,occipital,-0.06567347049713135,0.0,1.0,1.0,1.0,1.0,,decrease,False,1
wpli,overlay_blocking,theta,frontal,temporal,0.006751924753189087,0.0,1.0,1.0,1.0,1.0,,increase,False,1
wpli,overlay_blocking,theta,frontal_central,frontal_central,0.025161057710647583,0.0,1.0,1.0,1.0,1.0,,increase,False,1
wpli,overlay_blocking,theta,frontal_central,central,-0.09968836605548859,0.0,1.0,1.0,1.0,1.0,,decrease,False,1
wpli,overlay_blocking,theta,frontal_central,parietal,0.00622972846031189,0.0,1.0,1.0,1.0,1.0,,increase,False,1
wpli,overlay_blocking,theta,frontal_central,occipital,0.001317828893661499,0.0,1.0,1.0,1.0,1.0,,increase,False,1
wpli,overlay_blocking,theta,frontal_central,temporal,-0.009428203105926514,0.0,1.0,1.0,1.0,1.0,,decrease,False,1
wpli,overlay_blocking,theta,central,central,0.008115112781524658,0.0,1.0,1.0,1.0,1.0,,increase,False,1
wpli,overlay_blocking,theta,central,parietal,0.012292593717575073,0.0,1.0,1.0,1.0,1.0,,increase,False,1
wpli,overlay_blocking,theta,central,occipital,-0.015775591135025024,0.0,1.0,1.0,1.0,1.0,,decrease,False,1
wpli,overlay_blocking,theta,central,temporal,-0.0010666251182556152,0.0,1.0,1.0,1.0,1.0,,decrease,False,1
wpli,overlay_blocking,theta,parietal,parietal,0.025762170553207397,0.0,1.0,1.0,1.0,1.0,,increase,False,1
wpli,overlay_blocking,theta,parietal,occipital,-0.04238197207450867,0.0,1.0,1.0,1.0,1.0,,decrease,False,1
wpli,overlay_blocking,theta,parietal,temporal,0.021480560302734375,0.0,1.0,1.0,1.0,1.0,,increase,False,1
wpli,overlay_blocking,theta,occipital,occipital,-0.07795608043670654,0.0,1.0,1.0,1.0,1.0,,decrease,False,1
wpli,overlay_blocking,theta,occipital,temporal,0.01219719648361206,0.0,1.0,1.0,1.0,1.0,,increase,False,1
wpli,overlay_blocking,theta,temporal,temporal,-0.06411030888557434,0.0,1.0,1.0,1.0,1.0,,decrease,False,1
wpli,overlay_blocking,alpha,frontal,frontal,0.02585849165916443,0.0,1.0,1.0,1.0,1.0,,increase,False,1
wpli,overlay_blocking,alpha,frontal,frontal_central,0.018569886684417725,0.0,1.0,1.0,1.0,1.0,,increase,False,1
wpli,overlay_blocking,alpha,frontal,central,0.019160747528076172,0.0,1.0,1.0,1.0,1.0,,increase,False,1
wpli,overlay_blocking,alpha,frontal,parietal,-0.014843493700027466,0.0,1.0,1.0,1.0,1.0,,decrease,False,1
wpli,overlay_blocking,alpha,frontal,occipital,0.041151583194732666,0.0,1.0,1.0,1.0,1.0,,increase,False,1
wpli,overlay_blocking,alpha,frontal,temporal,-0.019672751426696777,0.0,1.0,1.0,1.0,1.0,,decrease,False,1
wpli,overlay_blocking,alpha,frontal_central,frontal_central,0.1029076874256134,0.0,1.0,1.0,1.0,1.0,,increase,False,1
wpli,overlay_blocking,alpha,frontal_central,central,0.011179566383361816,0.0,1.0,1.0,1.0,1.0,,increase,False,1
wpli,overlay_blocking,alpha,frontal_central,parietal,-0.012947678565979004,0.0,1.0,1.0,1.0,1.0,,decrease,False,1
wpli,overlay_blocking,alpha,frontal_central,occipital,0.026370108127593994,0.0,1.0,1.0,1.0,1.0,,increase,False,1
wpli,overlay_blocking,alpha,frontal_central,temporal,-0.026023834943771362,0.0,1.0,1.0,1.0,1.0,,decrease,False,1
wpli,overlay_blocking,alpha,central,central,0.020039796829223633,0.0,1.0,1.0,1.0,1.0,,increase,False,1
wpli,overlay_blocking,alpha,central,parietal,0.0019071102142333984,0.0,1.0,1.0,1.0,1.0,,increase,False,1
wpli,overlay_blocking,alpha,central,occipital,0.046698570251464844,0.0,1.0,1.0,1.0,1.0,,increase,False,1
wpli,overlay_blocking,alpha,central,temporal,-0.011471539735794067,0.0,1.0,1.0,1.0,1.0,,decrease,False,1
wpli,overlay_blocking,alpha,parietal,parietal,-0.041351109743118286,0.0,1.0,1.0,1.0,1.0,,decrease,False,1
wpli,overlay_blocking,alpha,parietal,occipital,-0.01904958486557007,0.0,1.0,1.0,1.0,1.0,,decrease,False,1
wpli,overlay_blocking,alpha,parietal,temporal,-0.005860388278961182,0.0,1.0,1.0,1.0,1.0,,decrease,False,1
wpli,overlay_blocking,alpha,occipital,occipital,-0.007970303297042847,0.0,1.0,1.0,1.0,1.0,,decrease,False,1
wpli,overlay_blocking,alpha,occipital,temporal,-0.0111674964427948,0.0,1.0,1.0,1.0,1.0,,decrease,False,1
wpli,overlay_blocking,alpha,temporal,temporal,-0.05059784650802612,0.0,1.0,1.0,1.0,1.0,,decrease,False,1
wpli,overlay_blocking,beta,frontal,frontal,0.020266622304916382,0.0,1.0,1.0,1.0,1.0,,increase,False,1
wpli,overlay_blocking,beta,frontal,frontal_central,0.010256946086883545,0.0,1.0,1.0,1.0,1.0,,increase,False,1
wpli,overlay_blocking,beta,frontal,central,0.031047433614730835,0.0,1.0,1.0,1.0,1.0,,increase,False,1
wpli,overlay_blocking,beta,frontal,parietal,0.0067675113677978516,0.0,1.0,1.0,1.0,1.0,,increase,False,1
wpli,overlay_blocking,beta,frontal,occipital,0.059829115867614746,0.0,1.0,1.0,1.0,1.0,,increase,False,1
wpli,overlay_blocking,beta,frontal,temporal,-0.0211029052734375,0.0,1.0,1.0,1.0,1.0,,decrease,False,1
wpli,overlay_blocking,beta,frontal_central,frontal_central,0.03028830885887146,0.0,1.0,1.0,1.0,1.0,,increase,False,1
wpli,overlay_blocking,beta,frontal_central,central,0.047130972146987915,0.0,1.0,1.0,1.0,1.0,,increase,False,1
wpli,overlay_blocking,beta,frontal_central,parietal,-0.02421364188194275,0.0,1.0,1.0,1.0,1.0,,decrease,False,1
wpli,overlay_blocking,beta,frontal_central,occipital,0.011727601289749146,0.0,1.0,1.0,1.0,1.0,,increase,False,1
wpli,overlay_blocking,beta,frontal_central,temporal,-0.017870038747787476,0.0,1.0,1.0,1.0,1.0,,decrease,False,1
wpli,overlay_blocking,beta,central,central,0.08804640173912048,0.0,1.0,1.0,1.0,1.0,,increase,False,1
wpli,overlay_blocking,beta,central,parietal,0.010769307613372803,0.0,1.0,1.0,1.0,1.0,,increase,False,1
wpli,overlay_blocking,beta,central,occipital,0.07070130109786987,0.0,1.0,1.0,1.0,1.0,,increase,False,1
wpli,overlay_blocking,beta,central,temporal,-0.01982325315475464,0.0,1.0,1.0,1.0,1.0,,decrease,False,1
wpli,overlay_blocking,beta,parietal,parietal,-0.019281327724456787,0.0,1.0,1.0,1.0,1.0,,decrease,False,1
wpli,overlay_blocking,beta,parietal,occipital,-0.01670786738395691,0.0,1.0,1.0,1.0,1.0,,decrease,False,1
wpli,overlay_blocking,beta,parietal,temporal,-0.0356002151966095,0.0,1.0,1.0,1.0,1.0,,decrease,False,1
wpli,overlay_blocking,beta,occipital,occipital,-0.03646135330200195,0.0,1.0,1.0,1.0,1.0,,decrease,False,1
wpli,overlay_blocking,beta,occipital,temporal,-0.01770108938217163,0.0,1.0,1.0,1.0,1.0,,decrease,False,1
wpli,overlay_blocking,beta,temporal,temporal,-0.03727179765701294,0.0,1.0,1.0,1.0,1.0,,decrease,False,1
wpli,overlay_blocking,gamma,frontal,frontal,-0.030458152294158936,0.0,1.0,1.0,1.0,1.0,,decrease,False,1
wpli,overlay_blocking,gamma,frontal,frontal_central,-0.014925956726074219,0.0,1.0,1.0,1.0,1.0,,decrease,False,1
wpli,overlay_blocking,gamma,frontal,central,0.0029236674308776855,0.0,1.0,1.0,1.0,1.0,,increase,False,1
wpli,overlay_blocking,gamma,frontal,parietal,-0.020313382148742676,0.0,1.0,1.0,1.0,1.0,,decrease,False,1
wpli,overlay_blocking,gamma,frontal,occipital,0.0017832517623901367,0.0,1.0,1.0,1.0,1.0,,increase,False,1
wpli,overlay_blocking,gamma,frontal,temporal,-0.02883896231651306,0.0,1.0,1.0,1.0,1.0,,decrease,False,1
wpli,overlay_blocking,gamma,frontal_central,frontal_central,-0.04996687173843384,0.0,1.0,1.0,1.0,1.0,,decrease,False,1
wpli,overlay_blocking,gamma,frontal_central,central,0.057878077030181885,0.0,1.0,1.0,1.0,1.0,,increase,False,1
wpli,overlay_blocking,gamma,frontal_central,parietal,-0.047426700592041016,0.0,1.0,1.0,1.0,1.0,,decrease,False,1
wpli,overlay_blocking,gamma,frontal_central,occipital,-0.007409155368804932,0.0,1.0,1.0,1.0,1.0,,decrease,False,1
wpli,overlay_blocking,gamma,frontal_central,temporal,-0.013889849185943604,0.0,1.0,1.0,1.0,1.0,,decrease,False,1
wpli,overlay_blocking,gamma,central,central,0.08963069319725037,0.0,1.0,1.0,1.0,1.0,,increase,False,1
wpli,overlay_blocking,gamma,central,parietal,0.007415741682052612,0.0,1.0,1.0,1.0,1.0,,increase,False,1
wpli,overlay_blocking,gamma,central,occipital,0.04564961791038513,0.0,1.0,1.0,1.0,1.0,,increase,False,1
wpli,overlay_blocking,gamma,central,temporal,-0.06769973039627075,0.0,1.0,1.0,1.0,1.0,,decrease,False,1
wpli,overlay_blocking,gamma,parietal,parietal,0.007482945919036865,0.0,1.0,1.0,1.0,1.0,,increase,False,1
wpli,overlay_blocking,gamma,parietal,occipital,-0.05794450640678406,0.0,1.0,1.0,1.0,1.0,,decrease,False,1
wpli,overlay_blocking,gamma,parietal,temporal,-0.06966227293014526,0.0,1.0,1.0,1.0,1.0,,decrease,False,1
wpli,overlay_blocking,gamma,occipital,occipital,-0.11731384694576263,0.0,1.0,1.0,1.0,1.0,,decrease,False,1
wpli,overlay_blocking,gamma,occipital,temporal,-0.025688648223876953,0.0,1.0,1.0,1.0,1.0,,decrease,False,1
wpli,overlay_blocking,gamma,temporal,temporal,-0.04602828621864319,0.0,1.0,1.0,1.0,1.0,,decrease,False,1
wpli,price_change,theta,frontal,frontal,0.017113715410232544,0.23895794244707388,0.621432189113394,0.9850926687901758,1.0,1.0,0.8557213930348259,increase,False,5
wpli,price_change,theta,frontal,frontal_central,0.010227680206298828,0.1319585063764148,0.7826232980387295,0.9850926687901758,0.8125,1.0,0.9203980099502488,increase,False,5
wpli,price_change,theta,frontal,central,0.021996313706040382,0.14584321223971738,0.760685569683864,0.9850926687901758,1.0,1.0,0.9154228855721394,increase,False,5
wpli,price_change,theta,frontal,parietal,0.039293430745601654,0.3475169276723527,0.4805100325298692,0.9850926687901758,0.8125,1.0,0.7213930348258707,increase,False,5
wpli,price_change,theta,frontal,occipital,0.012662219814956188,0.2261501277051437,0.6396706758192703,0.9850926687901758,1.0,1.0,0.7611940298507462,increase,False,5
wpli,price_change,theta,frontal,temporal,0.027999430894851685,0.2655957276332979,0.5845431818310671,0.9850926687901758,1.0,1.0,0.7910447761194029,increase,False,5
wpli,price_change,theta,frontal_central,frontal_central,-0.007291859481483698,-0.11274456376847397,0.8133841266923336,0.9850926687901758,1.0,1.0,1.0,decrease,False,5
wpli,price_change,theta,frontal_central,central,0.0038517266511917114,0.03691253808504446,0.9381834940858816,0.9850926687901758,0.8125,1.0,0.9402985074626866,increase,False,5
wpli,price_change,theta,frontal_central,parietal,0.019676506519317627,0.20215458732113997,0.6746745004334876,0.9850926687901758,1.0,1.0,0.7412935323383084,increase,False,5
wpli,price_change,theta,frontal_central,occipital,-0.01467781700193882,-0.25245317989729626,0.6025641147364209,0.9850926687901758,0.625,1.0,0.5323383084577115,decrease,False,5
wpli,price_change,theta,frontal_central,temporal,0.01719379425048828,0.20294721720405628,0.6735014566859774,0.9850926687901758,1.0,1.0,0.7014925373134329,increase,False,5
wpli,price_change,theta,central,central,0.00038267075433395803,0.003706398840189853,0.9937842690780847,0.9937842690780847,1.0,1.0,1.0,increase,False,5
wpli,price_change,theta,central,parietal,0.010680034756660461,0.08301663909703577,0.8617673748350687,0.9850926687901758,1.0,1.0,0.7960199004975125,increase,False,5
wpli,price_change,theta,central,occipital,0.005536371376365423,0.04867962105048581,0.9185626852322102,0.9850926687901758,0.625,1.0,0.7263681592039801,increase,False,5
wpli,price_change,theta,central,temporal,0.009142977185547352,0.09564560609496792,0.8411078224227401,0.9850926687901758,1.0,1.0,0.835820895522388,increase,False,5
wpli,price_change,theta,parietal,parietal,0.024201905354857445,0.2013858523751245,0.6758132588282353,0.9850926687901758,1.0,1.0,0.7611940298507462,increase,False,5
wpli,price_change,theta,parietal,occipital,0.022668611258268356,0.22273216281485933,0.6445912238460638,0.9850926687901758,1.0,1.0,0.7064676616915423,increase,False,5
wpli,price_change,theta,parietal,temporal,0.006521397735923529,0.08123864015224962,0.8646872366059832,0.9850926687901758,1.0,1.0,0.8805970149253731,increase,False,5
wpli,price_change,theta,occipital,occipital,0.06310425698757172,0.5115996676015734,0.31644267554738886,0.9850926687901758,0.3125,1.0,0.29850746268656714,increase,False,5
wpli,price_change,theta,occipital,temporal,0.04303384944796562,0.647764650128282,0.2210687297093415,0.9850926687901758,0.3125,1.0,0.2736318407960199,increase,False,5
wpli,price_change,theta,temporal,temporal,-0.01854991540312767,-0.2261655622703965,0.6396485162194288,0.9850926687901758,0.625,1.0,0.582089552238806,decrease,False,5
wpli,price_change,alpha,frontal,frontal,0.0150211276486516,0.21185997392370826,0.6603888727812053,0.9107509471625387,0.8125,1.0,0.9502487562189055,increase,False,5
wpli,price_change,alpha,frontal,frontal_central,0.02103332243859768,0.2563145294701232,0.5972328633244293,0.9107509471625387,0.625,1.0,1.0,increase,False,5
wpli,price_change,alpha,frontal,central,0.015097039751708508,0.16789510853309042,0.7264043826890139,0.9107509471625387,0.625,1.0,1.0,increase,False,5
wpli,price_change,alpha,frontal,parietal,0.024311577901244164,0.3748738862770337,0.44906216770387186,0.9107509471625387,1.0,1.0,0.6865671641791045,increase,False,5
wpli,price_change,alpha,frontal,occipital,0.027878623455762863,0.45173864073309256,0.3695788610082028,0.9107509471625387,0.8125,1.0,0.5174129353233831,increase,False,5
wpli,price_change,alpha,frontal,temporal,0.01329805888235569,0.17608241708884043,0.7138654102810663,0.9107509471625387,1.0,1.0,0.7512437810945274,increase,False,5
wpli,price_change,alpha,frontal_central,frontal_central,0.019874650985002518,0.2609233605910351,0.5909093074843312,0.9107509471625387,1.0,1.0,0.7611940298507462,increase,False,5
wpli,price_change,alpha,frontal_central,central,0.01902431808412075,0.19370552915771314,0.6872475854790348,0.9107509471625387,1.0,1.0,0.8109452736318408,increase,False,5
wpli,price_change,alpha,frontal_central,parietal,0.01752610132098198,0.2699015588489587,0.5787164910802371,0.9107509471625387,0.8125,1.0,0.6766169154228856,increase,False,5
wpli,price_change,alpha,frontal_central,occipital,-0.0033880651462823153,-0.05337566255668788,0.9107509471625387,0.9107509471625387,0.8125,1.0,1.0,decrease,False,5
wpli,price_change,alpha,frontal_central,temporal,0.010503405705094337,0.16311494965277062,0.7337737910054076,0.9107509471625387,0.8125,1.0,0.9402985074626866,increase,False,5
wpli,price_change,alpha,central,central,0.013127553276717663,0.13839175907877913,0.7724267566649707,0.9107509471625387,1.0,1.0,0.8606965174129353,increase,False,5
wpli,price_change,alpha,central,parietal,0.016564715653657913,0.22693752261177522,0.6385402455974016,0.9107509471625387,1.0,1.0,0.736318407960199,increase,False,5
wpli,price_change,alpha,central,occipital,-0.009462994523346424,-0.1665392423230242,0.7284910836211844,0.9107509471625387,0.625,1.0,0.6716417910447762,decrease,False,5
wpli,price_change,alpha,central,temporal,-0.005234712269157171,-0.07651973957336122,0.8724492260488486,0.9107509471625387,0.625,1.0,1.0,decrease,False,5
wpli,price_change,alpha,parietal,parietal,-0.004897481296211481,-0.0552531606846592,0.9076311243949102,0.9107509471625387,0.625,1.0,0.9701492537313433,decrease,False,5
wpli,price_change,alpha,parietal,occipital,-0.008403295651078224,-0.13548967140147508,0.7770197684278525,0.9107509471625387,0.625,1.0,0.835820895522388,decrease,False,5
wpli,price_change,alpha,parietal,temporal,0.005697852466255426,0.07942635448215808,0.8676660899290475,0.9107509471625387,0.625,1.0,1.0,increase,False,5
wpli,price_change,alpha,occipital,occipital,-0.007389390375465155,-0.13555148881454074,0.776921823836001,0.9107509471625387,0.8125,1.0,0.7960199004975125,decrease,False,5
wpli,price_change,alpha,occipital,temporal,0.00287611479870975,0.06787442323169267,0.8867141050499889,0.9107509471625387,1.0,1.0,0.945273631840796,increase,False,5
wpli,price_change,alpha,temporal,temporal,0.009705501608550549,0.19318989049138363,0.6880189316139141,0.9107509471625387,1.0,1.0,0.8059701492537313,increase,False,5
wpli,price_change,beta,frontal,frontal,0.005811566021293402,0.27968718351641286,0.5656186385769368,0.8484279578654053,1.0,1.0,0.8059701492537313,increase,False,5
wpli,price_change,beta,frontal,frontal_central,0.00750498753041029,0.38018591841163396,0.443149349600094,0.7755113618001646,0.4375,0.8352272727272727,0.4228855721393035,increase,False,5
wpli,price_change,beta,frontal,central,-0.011158531531691551,-0.6631598227494788,0.21225327693212342,0.557164851946824,0.1875,0.5625,0.15920398009950248,decrease,False,5
wpli,price_change,beta,frontal,parietal,-0.002314609242603183,-0.1472691653817387,0.7584474712057061,0.9147537792469294,0.8125,0.9479166666666667,0.746268656716418,decrease,False,5
wpli,price_change,beta,frontal,occipital,0.008222157135605812,0.315607264179944,0.5192941383747122,0.8388597619899196,0.8125,0.9479166666666667,0.7114427860696517,increase,False,5
wpli,price_change,beta,frontal,temporal,-0.014919305220246315,-1.1734098278864196,0.05856401876377547,0.5541628782835871,0.125,0.5625,0.12935323383084577,decrease,False,5
wpli,price_change,beta,frontal_central,frontal_central,0.006523626856505871,0.1310455549958042,0.7840746679259394,0.9147537792469294,1.0,1.0,0.8109452736318408,increase,False,5
wpli,price_change,beta,frontal_central,central,0.0005224108463153243,0.01925552755401046,0.9677199649521777,0.9983018789619275,0.8125,0.9479166666666667,0.9402985074626866,increase,False,5
wpli,price_change,beta,frontal_central,parietal,0.0051156580448150635,0.6877544757293924,0.19890283767062175,0.557164851946824,0.3125,0.7291666666666667,0.22388059701492538,increase,False,5
wpli,price_change,beta,frontal_central,occipital,3.348588870721869e-05,0.0010125648811379268,0.9983018789619275,0.9983018789619275,0.8125,0.9479166666666667,1.0,increase,False,5
wpli,price_change,beta,frontal_central,temporal,0.006902444176375866,0.6052086868185107,0.247388275258788,0.562038404028055,0.1875,0.5625,0.14925373134328357,increase,False,5
wpli,price_change,beta,central,central,-0.0018417596584185958,-0.06048302553986232,0.8989515618950804,0.9935780420945626,1.0,1.0,1.0,decrease,False,5
wpli,price_change,beta,central,parietal,0.0017742037307471037,0.18434885402111667,0.7013151542701663,0.9147537792469294,0.625,0.9479166666666667,0.6716417910447762,increase,False,5
wpli,price_change,beta,central,occipital,-0.01580309309065342,-0.9286983237219856,0.10642777988907783,0.5541628782835871,0.125,0.5625,0.13930348258706468,decrease,False,5
wpli,price_change,beta,central,temporal,-0.013348901644349098,-0.8551588116027218,0.12842095827584354,0.5541628782835871,0.125,0.5625,0.1044776119402985,decrease,False,5
wpli,price_change,beta,parietal,parietal,-0.011437254957854748,-0.43219757429493333,0.38855939592331773,0.741795210399061,0.8125,0.9479166666666667,0.472636815920398,decrease,False,5
wpli,price_change,beta,parietal,occipital,-0.02114751935005188,-0.8148775744108613,0.14252541235415606,0.5541628782835871,0.1875,0.5625,0.20398009950248755,decrease,False,5
wpli,price_change,beta,parietal,temporal,0.0038974464405328035,0.20140879742590467,0.6757792478139373,0.9147537792469294,0.625,0.9479166666666667,0.7014925373134329,increase,False,5
wpli,price_change,beta,occipital,occipital,-0.025393014773726463,-0.8708919246292566,0.12332847875742782,0.5541628782835871,0.3125,0.7291666666666667,0.27860696517412936,decrease,False,5
wpli,price_change,beta,occipital,temporal,-0.00946131907403469,-0.5753998838497554,0.2676373352514548,0.562038404028055,0.4375,0.8352272727272727,0.34328358208955223,decrease,False,5
wpli,price_change,beta,temporal,temporal,0.016958314925432205,0.774524595743892,0.15833225093816775,0.5541628782835871,0.125,0.5625,0.13432835820895522,increase,False,5
wpli,price_change,gamma,frontal,frontal,0.016100924462080002,1.9097098016878824,0.012947655599841039,0.2719007675966618,0.0625,0.9375,0.08955223880597014,increase,False,5
wpli,price_change,gamma,frontal,frontal_central,0.016572605818510056,0.5689645833248349,0.27221513398775216,0.9161221598278131,0.3125,0.9375,0.3283582089552239,increase,False,5
wpli,price_change,gamma,frontal,central,-0.007909173145890236,-0.35606455834946243,0.4705048936965576,0.9269145302844977,0.625,0.9375,0.6517412935323383,decrease,False,5
wpli,price_change,gamma,frontal,parietal,0.00453378539532423,0.27043143275599313,0.5780021292140365,0.9330202028036234,0.8125,1.0,0.6567164179104478,increase,False,5
wpli,price_change,gamma,frontal,occipital,-0.002836120082065463,-0.12597060187935846,0.7921617347597967,0.9330202028036234,0.625,0.9375,0.6517412935323383,decrease,False,5
wpli,price_change,gamma,frontal,temporal,-0.007081091403961182,-0.43708645210051783,0.3837334114314896,0.9217045476661475,0.625,0.9375,0.5074626865671642,decrease,False,5
wpli,price_change,gamma,frontal_central,frontal_central,-0.0019867182709276676,-0.05292463688404019,0.9115007042973526,0.9330202028036234,1.0,1.0,0.9552238805970149,decrease,False,5
wpli,price_change,gamma,frontal_central,central,0.002010828349739313,0.08580950693893186,0.8571862814887746,0.9330202028036234,1.0,1.0,0.8905472636815921,increase,False,5
wpli,price_change,gamma,frontal_central,parietal,0.015071183443069458,0.5942314912542452,0.2546650872109555,0.9161221598278131,0.3125,0.9375,0.3333333333333333,increase,False,5
wpli,price_change,gamma,frontal_central,occipital,0.0028522969223558903,0.12399906043790321,0.7953120571990651,0.9330202028036234,0.8125,1.0,0.8059701492537313,increase,False,5
wpli,price_change,gamma,frontal_central,temporal,0.013480585999786854,0.5847765942220225,0.26109996718500045,0.9161221598278131,0.3125,0.9375,0.2537313432835821,increase,False,5
wpli,price_change,gamma,central,central,-0.009565779939293861,-0.10947995648650667,0.8186533683374414,0.9330202028036234,1.0,1.0,0.7114427860696517,decrease,False,5
wpli,price_change,gamma,central,parietal,0.0036260962951928377,0.22521165538574872,0.641019497056496,0.9330202028036234,0.8125,1.0,0.7562189054726368,increase,False,5
wpli,price_change,gamma,central,occipital,-0.014618540182709694,-0.5724181434453026,0.269749102526623,0.9161221598278131,0.3125,0.9375,0.25870646766169153,decrease,False,5
wpli,price_change,gamma,central,temporal,-0.016604751348495483,-0.4257373023267943,0.3950162347140632,0.9217045476661475,0.4375,0.9375,0.3383084577114428,decrease,False,5
wpli,price_change,gamma,parietal,parietal,0.010792565532028675,0.29693811201501635,0.5430232737816103,0.9330202028036234,0.625,0.9375,0.6069651741293532,increase,False,5
wpli,price_change,gamma,parietal,occipital,-0.01708941161632538,-0.3432825859376854,0.4855266587204512,0.9269145302844977,0.625,0.9375,0.4427860696517413,decrease,False,5
wpli,price_change,gamma,parietal,temporal,0.01164479274302721,0.5252139569411157,0.3053740532759377,0.9161221598278131,0.3125,0.9375,0.2835820895522388,increase,False,5
wpli,price_change,gamma,occipital,occipital,-0.0023344666697084904,-0.04000558855993704,0.9330202028036234,0.9330202028036234,0.625,0.9375,1.0,decrease,False,5
wpli,price_change,gamma,occipital,temporal,0.0044068871065974236,0.11397249827954216,0.8114052524531629,0.9330202028036234,1.0,1.0,1.0,increase,False,5
wpli,price_change,gamma,temporal,temporal,0.023842494934797287,0.7275255411665335,0.17910871297983538,0.9161221598278131,0.3125,0.9375,0.26865671641791045,increase,False,5
wpli,search_irrelevant,theta,frontal,frontal,-0.019714146852493286,0.0,1.0,1.0,1.0,1.0,,decrease,False,1
wpli,search_irrelevant,theta,frontal,frontal_central,-0.07034182548522949,0.0,1.0,1.0,1.0,1.0,,decrease,False,1
wpli,search_irrelevant,theta,frontal,central,-0.07065680623054504,0.0,1.0,1.0,1.0,1.0,,decrease,False,1
wpli,search_irrelevant,theta,frontal,parietal,-0.018814414739608765,0.0,1.0,1.0,1.0,1.0,,decrease,False,1
wpli,search_irrelevant,theta,frontal,occipital,-0.068971186876297,0.0,1.0,1.0,1.0,1.0,,decrease,False,1
wpli,search_irrelevant,theta,frontal,temporal,-0.08205816149711609,0.0,1.0,1.0,1.0,1.0,,decrease,False,1
wpli,search_irrelevant,theta,frontal_central,frontal_central,-0.12165741622447968,0.0,1.0,1.0,1.0,1.0,,decrease,False,1
wpli,search_irrelevant,theta,frontal_central,central,-0.03525617718696594,0.0,1.0,1.0,1.0,1.0,,decrease,False,1
wpli,search_irrelevant,theta,frontal_central,parietal,0.017007529735565186,0.0,1.0,1.0,1.0,1.0,,increase,False,1
wpli,search_irrelevant,theta,frontal_central,occipital,-0.07228082418441772,0.0,1.0,1.0,1.0,1.0,,decrease,False,1
wpli,search_irrelevant,theta,frontal_central,temporal,-0.08832371234893799,0.0,1.0,1.0,1.0,1.0,,decrease,False,1
wpli,search_irrelevant,theta,central,central,0.08724048733711243,0.0,1.0,1.0,1.0,1.0,,increase,False,1
wpli,search_irrelevant,theta,central,parietal,-0.06600654125213623,0.0,1.0,1.0,1.0,1.0,,decrease,False,1
wpli,search_irrelevant,theta,central,occipital,-0.031020641326904297,0.0,1.0,1.0,1.0,1.0,,decrease,False,1
wpli,search_irrelevant,theta,central,temporal,-0.06953766942024231,0.0,1.0,1.0,1.0,1.0,,decrease,False,1
wpli,search_irrelevant,theta,parietal,parietal,0.0658276379108429,0.0,1.0,1.0,1.0,1.0,,increase,False,1
wpli,search_irrelevant,theta,parietal,occipital,-0.02995195984840393,0.0,1.0,1.0,1.0,1.0,,decrease,False,1
wpli,search_irrelevant,theta,parietal,temporal,-0.0931442379951477,0.0,1.0,1.0,1.0,1.0,,decrease,False,1
wpli,search_irrelevant,theta,occipital,occipital,-0.04625493288040161,0.0,1.0,1.0,1.0,1.0,,decrease,False,1
wpli,search_irrelevant,theta,occipital,temporal,-0.13186265528202057,0.0,1.0,1.0,1.0,1.0,,decrease,False,1
wpli,search_irrelevant,theta,temporal,temporal,-0.1004689484834671,0.0,1.0,1.0,1.0,1.0,,decrease,False,1
wpli,search_irrelevant,alpha,frontal,frontal,-0.04114052653312683,0.0,1.0,1.0,1.0,1.0,,decrease,False,1
wpli,search_irrelevant,alpha,frontal,frontal_central,-0.012901008129119873,0.0,1.0,1.0,1.0,1.0,,decrease,False,1
wpli,search_irrelevant,alpha,frontal,central,-0.07231307029724121,0.0,1.0,1.0,1.0,1.0,,decrease,False,1
wpli,search_irrelevant,alpha,frontal,parietal,-0.044952988624572754,0.0,1.0,1.0,1.0,1.0,,decrease,False,1
wpli,search_irrelevant,alpha,frontal,occipital,-0.03399577736854553,0.0,1.0,1.0,1.0,1.0,,decrease,False,1
wpli,search_irrelevant,alpha,frontal,temporal,-0.056431859731674194,0.0,1.0,1.0,1.0,1.0,,decrease,False,1
wpli,search_irrelevant,alpha,frontal_central,frontal_central,0.009258151054382324,0.0,1.0,1.0,1.0,1.0,,increase,False,1
wpli,search_irrelevant,alpha,frontal_central,central,-0.02993309497833252,0.0,1.0,1.0,1.0,1.0,,decrease,False,1
wpli,search_irrelevant,alpha,frontal_central,parietal,-0.00024563074111938477,0.0,1.0,1.0,1.0,1.0,,decrease,False,1
wpli,search_irrelevant,alpha,frontal_central,occipital,0.01797989010810852,0.0,1.0,1.0,1.0,1.0,,increase,False,1
wpli,search_irrelevant,alpha,frontal_central,temporal,-0.04300007224082947,0.0,1.0,1.0,1.0,1.0,,decrease,False,1
wpli,search_irrelevant,alpha,central,central,0.01914045214653015,0.0,1.0,1.0,1.0,1.0,,increase,False,1
wpli,search_irrelevant,alpha,central,parietal,-0.016176432371139526,0.0,1.0,1.0,1.0,1.0,,decrease,False,1
wpli,search_irrelevant,alpha,central,occipital,0.009960532188415527,0.0,1.0,1.0,1.0,1.0,,increase,False,1
wpli,search_irrelevant,alpha,central,temporal,-0.02048105001449585,0.0,1.0,1.0,1.0,1.0,,decrease,False,1
wpli,search_irrelevant,alpha,parietal,parietal,0.027744263410568237,0.0,1.0,1.0,1.0,1.0,,increase,False,1
wpli,search_irrelevant,alpha,parietal,occipital,-0.03914320468902588,0.0,1.0,1.0,1.0,1.0,,decrease,False,1
wpli,search_irrelevant,alpha,parietal,temporal,-0.010927587747573853,0.0,1.0,1.0,1.0,1.0,,decrease,False,1
wpli,search_irrelevant,alpha,occipital,occipital,-0.08479854464530945,0.0,1.0,1.0,1.0,1.0,,decrease,False,1
wpli,search_irrelevant,alpha,occipital,temporal,-0.0022650957107543945,0.0,1.0,1.0,1.0,1.0,,decrease,False,1
wpli,search_irrelevant,alpha,temporal,temporal,-0.04533207416534424,0.0,1.0,1.0,1.0,1.0,,decrease,False,1
wpli,search_irrelevant,beta,frontal,frontal,-0.00707322359085083,0.0,1.0,1.0,1.0,1.0,,decrease,False,1
wpli,search_irrelevant,beta,frontal,frontal_central,0.008594691753387451,0.0,1.0,1.0,1.0,1.0,,increase,False,1
wpli,search_irrelevant,beta,frontal,central,-0.0158461332321167,0.0,1.0,1.0,1.0,1.0,,decrease,False,1
wpli,search_irrelevant,beta,frontal,parietal,-0.021027356386184692,0.0,1.0,1.0,1.0,1.0,,decrease,False,1
wpli,search_irrelevant,beta,frontal,occipital,0.01605015993118286,0.0,1.0,1.0,1.0,1.0,,increase,False,1
wpli,search_irrelevant,beta,frontal,temporal,-0.015866965055465698,0.0,1.0,1.0,1.0,1.0,,decrease,False,1
wpli,search_irrelevant,beta,frontal_central,frontal_central,0.0058560967445373535,0.0,1.0,1.0,1.0,1.0,,increase,False,1
wpli,search_irrelevant,beta,frontal_central,central,-0.007425457239151001,0.0,1.0,1.0,1.0,1.0,,decrease,False,1
wpli,search_irrelevant,beta,frontal_central,parietal,0.0031493008136749268,0.0,1.0,1.0,1.0,1.0,,increase,False,1
wpli,search_irrelevant,beta,frontal_central,occipital,0.029273629188537598,0.0,1.0,1.0,1.0,1.0,,increase,False,1
wpli,search_irrelevant,beta,frontal_central,temporal,0.01281505823135376,0.0,1.0,1.0,1.0,1.0,,increase,False,1
wpli,search_irrelevant,beta,central,central,-0.005426555871963501,0.0,1.0,1.0,1.0,1.0,,decrease,False,1
wpli,search_irrelevant,beta,central,parietal,-0.003933548927307129,0.0,1.0,1.0,1.0,1.0,,decrease,False,1
wpli,search_irrelevant,beta,central,occipital,0.011244922876358032,0.0,1.0,1.0,1.0,1.0,,increase,False,1
wpli,search_irrelevant,beta,central,temporal,-0.0032108426094055176,0.0,1.0,1.0,1.0,1.0,,decrease,False,1
wpli,search_irrelevant,beta,parietal,parietal,-0.0035810470581054688,0.0,1.0,1.0,1.0,1.0,,decrease,False,1
wpli,search_irrelevant,beta,parietal,occipital,-0.02435588836669922,0.0,1.0,1.0,1.0,1.0,,decrease,False,1
wpli,search_irrelevant,beta,parietal,temporal,0.010567039251327515,0.0,1.0,1.0,1.0,1.0,,increase,False,1
wpli,search_irrelevant,beta,occipital,occipital,-0.019911766052246094,0.0,1.0,1.0,1.0,1.0,,decrease,False,1
wpli,search_irrelevant,beta,occipital,temporal,-0.005725204944610596,0.0,1.0,1.0,1.0,1.0,,decrease,False,1
wpli,search_irrelevant,beta,temporal,temporal,-0.03272145986557007,0.0,1.0,1.0,1.0,1.0,,decrease,False,1
wpli,search_irrelevant,gamma,frontal,frontal,0.012432634830474854,0.0,1.0,1.0,1.0,1.0,,increase,False,1
wpli,search_irrelevant,gamma,frontal,frontal_central,-0.00742003321647644,0.0,1.0,1.0,1.0,1.0,,decrease,False,1
wpli,search_irrelevant,gamma,frontal,central,0.037960559129714966,0.0,1.0,1.0,1.0,1.0,,increase,False,1
wpli,search_irrelevant,gamma,frontal,parietal,0.0060541629791259766,0.0,1.0,1.0,1.0,1.0,,increase,False,1
wpli,search_irrelevant,gamma,frontal,occipital,0.04262879490852356,0.0,1.0,1.0,1.0,1.0,,increase,False,1
wpli,search_irrelevant,gamma,frontal,temporal,0.005774080753326416,0.0,1.0,1.0,1.0,1.0,,increase,False,1
wpli,search_irrelevant,gamma,frontal_central,frontal_central,-0.09245720505714417,0.0,1.0,1.0,1.0,1.0,,decrease,False,1
wpli,search_irrelevant,gamma,frontal_central,central,0.024419188499450684,0.0,1.0,1.0,1.0,1.0,,increase,False,1
wpli,search_irrelevant,gamma,frontal_central,parietal,0.04656451940536499,0.0,1.0,1.0,1.0,1.0,,increase,False,1
wpli,search_irrelevant,gamma,frontal_central,occipital,0.023274987936019897,0.0,1.0,1.0,1.0,1.0,,increase,False,1
wpli,search_irrelevant,gamma,frontal_central,temporal,0.0532243549823761,0.0,1.0,1.0,1.0,1.0,,increase,False,1
wpli,search_irrelevant,gamma,central,central,-0.03614574670791626,0.0,1.0,1.0,1.0,1.0,,decrease,False,1
wpli,search_irrelevant,gamma,central,parietal,0.02472376823425293,0.0,1.0,1.0,1.0,1.0,,increase,False,1
wpli,search_irrelevant,gamma,central,occipital,0.028562992811203003,0.0,1.0,1.0,1.0,1.0,,increase,False,1
wpli,search_irrelevant,gamma,central,temporal,0.010622948408126831,0.0,1.0,1.0,1.0,1.0,,increase,False,1
wpli,search_irrelevant,gamma,parietal,parietal,-0.005329608917236328,0.0,1.0,1.0,1.0,1.0,,decrease,False,1
wpli,search_irrelevant,gamma,parietal,occipital,0.05238613486289978,0.0,1.0,1.0,1.0,1.0,,increase,False,1
wpli,search_irrelevant,gamma,parietal,temporal,-0.0034659206867218018,0.0,1.0,1.0,1.0,1.0,,decrease,False,1
wpli,search_irrelevant,gamma,occipital,occipital,0.11927130818367004,0.0,1.0,1.0,1.0,1.0,,increase,False,1
wpli,search_irrelevant,gamma,occipital,temporal,-0.03866952657699585,0.0,1.0,1.0,1.0,1.0,,decrease,False,1
wpli,search_irrelevant,gamma,temporal,temporal,-0.024609655141830444,0.0,1.0,1.0,1.0,1.0,,decrease,False,1
wpli,skeleton_prolong,theta,frontal,frontal,-0.03278345614671707,-0.7428432775759629,0.056426247119108604,0.25440293055056323,0.07421875,0.3896484375,0.08955223880597014,decrease,False,9
wpli,skeleton_prolong,theta,frontal,frontal_central,-0.03000325709581375,-0.7617507976088084,0.051646160832880005,0.25440293055056323,0.07421875,0.3896484375,0.06467661691542288,decrease,False,9
wpli,skeleton_prolong,theta,frontal,central,-0.016459234058856964,-0.31062709779555703,0.3786628021350571,0.6116860649873999,0.65234375,0.8058363970588235,0.39303482587064675,decrease,False,9
wpli,skeleton_prolong,theta,frontal,parietal,-0.012277904897928238,-0.31821724063865503,0.36770619198574134,0.6116860649873999,0.65234375,0.8058363970588235,0.4129353233830846,decrease,False,9
wpli,skeleton_prolong,theta,frontal,occipital,-0.025875039398670197,-0.49619059410539956,0.17492269628313092,0.5181159933067625,0.203125,0.533203125,0.17412935323383086,decrease,False,9
wpli,skeleton_prolong,theta,frontal,temporal,-0.03227488324046135,-0.7276890396990016,0.06057212632156267,0.25440293055056323,0.0546875,0.3896484375,0.04477611940298507,decrease,False,9
wpli,skeleton_prolong,theta,frontal_central,frontal_central,-0.02586127445101738,-0.3343556961769984,0.345199470950736,0.6116860649873999,0.359375,0.6860795454545454,0.3482587064676617,decrease,False,9
wpli,skeleton_prolong,theta,frontal_central,central,-0.010369800962507725,-0.23849750166403882,0.4946544072587109,0.6492339095270581,0.91015625,0.9556640625,0.4228855721393035,decrease,False,9
wpli,skeleton_prolong,theta,frontal_central,parietal,-0.007700449787080288,-0.2518434345705406,0.4715877327653809,0.6492339095270581,0.42578125,0.6878004807692307,0.5223880597014925,decrease,False,9
wpli,skeleton_prolong,theta,frontal_central,occipital,-0.021768726408481598,-0.4014585954077747,0.2628642113263011,0.5520148437852324,0.359375,0.6860795454545454,0.2736318407960199,decrease,False,9
wpli,skeleton_prolong,theta,frontal_central,temporal,-0.00538197485730052,-0.11483335342023004,0.739351337847785,0.7855399908856661,0.91015625,0.9556640625,0.6766169154228856,decrease,False,9
wpli,skeleton_prolong,theta,central,central,-0.02010364644229412,-0.4686404032095884,0.19737752125971902,0.5181159933067625,0.203125,0.533203125,0.22885572139303484,decrease,False,9
wpli,skeleton_prolong,theta,central,parietal,-0.009322881698608398,-0.43492853752231875,0.2282457414900947,0.532573396810221,0.30078125,0.6860795454545454,0.25870646766169153,decrease,False,9
wpli,skeleton_prolong,theta,central,occipital,-0.00893534254282713,-0.11079824706624421,0.7481333246530153,0.7855399908856661,0.42578125,0.6878004807692307,0.746268656716418,decrease,False,9
wpli,skeleton_prolong,theta,central,temporal,-1.307162983721355e-05,-0.00022361355404851657,0.9994811731956317,0.9994811731956317,1.0,1.0,1.0,decrease,False,9
wpli,skeleton_prolong,theta,parietal,parietal,-0.02365180104970932,-0.8086622584031264,0.04146101507039789,0.25440293055056323,0.0546875,0.3896484375,0.04975124378109453,decrease,False,9
wpli,skeleton_prolong,theta,parietal,occipital,-0.008682962507009506,-0.16698254439581034,0.6298981180558273,0.7781094399513161,0.5703125,0.8058363970588235,0.6417910447761194,decrease,False,9
wpli,skeleton_prolong,theta,parietal,temporal,-0.013425784185528755,-0.47176266652309395,0.19471128752087882,0.5181159933067625,0.1640625,0.533203125,0.20398009950248755,decrease,False,9
wpli,skeleton_prolong,theta,occipital,occipital,0.06386858969926834,0.8082412310462282,0.041542796846332976,0.25440293055056323,0.09765625,0.41015625,0.07462686567164178,increase,False,9
wpli,skeleton_prolong,theta,occipital,temporal,-0.013448353856801987,-0.12000583773153069,0.7281533553607914,0.7855399908856661,0.91015625,0.9556640625,0.6616915422885572,decrease,False,9
wpli,skeleton_prolong,theta,temporal,temporal,-0.01633431762456894,-0.24531236638288714,0.48278639284504254,0.6492339095270581,0.65234375,0.8058363970588235,0.47761194029850745,decrease,False,9
wpli,skeleton_prolong,alpha,frontal,frontal,-0.0011372731532901525,-0.06632250143570437,0.8472518986571549,0.9503700858994761,0.734375,0.9556640625,0.8805970149253731,decrease,False,9
wpli,skeleton_prolong,alpha,frontal,frontal_central,-0.00744957709684968,-0.26213697360383503,0.4542887583889944,0.9503700858994761,0.42578125,0.9470880681818181,0.5024875621890548,decrease,False,9
wpli,skeleton_prolong,alpha,frontal,central,-0.008785827085375786,-0.40854654197071066,0.25518899964772274,0.9503700858994761,0.25,0.9470880681818181,0.263681592039801,decrease,False,9
wpli,skeleton_prolong,alpha,frontal,parietal,-0.005108816549181938,-0.15613488945619997,0.6519926950297358,0.9503700858994761,0.5703125,0.9556640625,0.6666666666666666,decrease,False,9
wpli,skeleton_prolong,alpha,frontal,occipital,-0.014444987289607525,-0.5101994149343986,0.16440014737342756,0.9503700858994761,0.1640625,0.9470880681818181,0.22388059701492538,decrease,False,9
wpli,skeleton_prolong,alpha,frontal,temporal,-0.017458472400903702,-1.019045121618785,0.015650514959635556,0.3286608141523467,0.02734375,0.287109375,0.024875621890547265,decrease,False,9
wpli,skeleton_prolong,alpha,frontal_central,frontal_central,0.00772908004000783,0.189775244115295,0.5847615585730108,0.9503700858994761,0.8203125,0.9556640625,0.5621890547263682,increase,False,9
wpli,skeleton_prolong,alpha,frontal_central,central,0.0013947023544460535,0.041011595252211416,0.9051143675233105,0.9503700858994761,0.91015625,0.9556640625,0.8706467661691543,increase,False,9
wpli,skeleton_prolong,alpha,frontal_central,parietal,-0.006268719676882029,-0.2638736443312804,0.4514127670700697,0.9503700858994761,0.49609375,0.9470880681818181,0.4925373134328358,decrease,False,9
wpli,skeleton_prolong,alpha,frontal_central,occipital,-0.0018710361327975988,-0.062185404427626524,0.8566526034699256,0.9503700858994761,0.8203125,0.9556640625,0.9104477611940298,decrease,False,9
wpli,skeleton_prolong,alpha,frontal_central,temporal,-0.0014294120483100414,-0.060507871804322697,0.8604715022781763,0.9503700858994761,1.0,1.0,0.8159203980099502,decrease,False,9
wpli,skeleton_prolong,alpha,central,central,-0.0002868771553039551,-0.0057104311206000475,0.9867514206696614,0.9867514206696614,0.91015625,0.9556640625,0.9850746268656716,decrease,False,9
wpli,skeleton_prolong,alpha,central,parietal,-0.014204402454197407,-0.8096174946361064,0.04127606552823353,0.43339868804645204,0.0078125,0.1640625,0.004975124378109453,decrease,False,9
wpli,skeleton_prolong,alpha,central,occipital,-0.014341797679662704,-0.3549809602498749,0.31798525746672057,0.9503700858994761,0.25,0.9470880681818181,0.29850746268656714,decrease,False,9
wpli,skeleton_prolong,alpha,central,temporal,-0.002190146129578352,-0.06082534574424671,0.8597484656168749,0.9503700858994761,0.49609375,0.9470880681818181,0.8706467661691543,decrease,False,9
wpli,skeleton_prolong,alpha,parietal,parietal,-0.015504174865782261,-0.4070890002802103,0.25675191153538807,0.9503700858994761,0.359375,0.9470880681818181,0.26865671641791045,decrease,False,9
wpli,skeleton_prolong,alpha,parietal,occipital,-0.006063512526452541,-0.11067635474756966,0.7483992305752353,0.9503700858994761,0.91015625,0.9556640625,0.736318407960199,decrease,False,9
wpli,skeleton_prolong,alpha,parietal,temporal,-0.003292183158919215,-0.15452179834732496,0.655310433707317,0.9503700858994761,0.734375,0.9556640625,0.5970149253731343,decrease,False,9
wpli,skeleton_prolong,alpha,occipital,occipital,-0.013034624978899956,-0.24069658077137976,0.4908044646904036,0.9503700858994761,0.42578125,0.9470880681818181,0.43781094527363185,decrease,False,9
wpli,skeleton_prolong,alpha,occipital,temporal,-0.005186024587601423,-0.22794663111733396,0.5133928403125481,0.9503700858994761,0.65234375,0.9556640625,0.4925373134328358,decrease,False,9
wpli,skeleton_prolong,alpha,temporal,temporal,-0.007605867460370064,-0.19465853292311508,0.5753286751174946,0.9503700858994761,0.30078125,0.9470880681818181,0.5124378109452736,decrease,False,9
wpli,skeleton_prolong,beta,frontal,frontal,0.0014928943710401654,0.07277549002028508,0.832641148061428,0.9316856341374038,0.91015625,0.9556640625,0.900497512437811,increase,False,9
wpli,skeleton_prolong,beta,frontal,frontal_central,-0.006329327821731567,-0.27729172444078143,0.4296093528448637,0.8201633099765578,0.359375,0.943359375,0.3582089552238806,decrease,False,9
wpli,skeleton_prolong,beta,frontal,central,0.006807350553572178,0.34750837189104894,0.32764562111853174,0.8201633099765578,0.30078125,0.943359375,0.2537313432835821,increase,False,9
wpli,skeleton_prolong,beta,frontal,parietal,0.007610910572111607,0.28622409934957793,0.4155065076670684,0.8201633099765578,0.65234375,0.9556640625,0.5572139303482587,increase,False,9
wpli,skeleton_prolong,beta,frontal,occipital,-0.008671094663441181,-0.5524101386760928,0.13606188302428743,0.8201633099765578,0.203125,0.943359375,0.14925373134328357,decrease,False,9
wpli,skeleton_prolong,beta,frontal,temporal,0.0011717180022969842,0.048759822867317434,0.8873196515594322,0.9316856341374038,0.8203125,0.9556640625,0.8905472636815921,increase,False,9
wpli,skeleton_prolong,beta,frontal_central,frontal_central,0.008518066257238388,0.3311821770394542,0.3495407086265756,0.8201633099765578,0.5703125,0.9556640625,0.3333333333333333,increase,False,9
wpli,skeleton_prolong,beta,frontal_central,central,0.001116888364776969,0.09573267802515416,0.7812592583109014,0.9316856341374038,1.0,1.0,0.7512437810945274,increase,False,9
wpli,skeleton_prolong,beta,frontal_central,parietal,-0.0046537285670638084,-0.2100265690649675,0.5462137557912815,0.8518426163270894,0.734375,0.9556640625,0.5024875621890548,decrease,False,9
wpli,skeleton_prolong,beta,frontal_central,occipital,0.0016777548007667065,0.05390513568560633,0.8755396152951327,0.9316856341374038,0.359375,0.943359375,0.9701492537313433,increase,False,9
wpli,skeleton_prolong,beta,frontal_central,temporal,0.006954451557248831,0.3230715190490096,0.3608236729236588,0.8201633099765578,0.359375,0.943359375,0.3482587064676617,increase,False,9
wpli,skeleton_prolong,beta,central,central,-0.0025694966316223145,-0.12291295084264034,0.7218898835509047,0.9316856341374038,0.8203125,0.9556640625,0.7960199004975125,decrease,False,9
wpli,skeleton_prolong,beta,central,parietal,-0.007419794797897339,-0.35493730055536155,0.31804100799598933,0.8201633099765578,0.65234375,0.9556640625,0.3034825870646766,decrease,False,9
wpli,skeleton_prolong,beta,central,occipital,-0.010557270608842373,-0.4003548762652319,0.26407640269740634,0.8201633099765578,0.25,0.943359375,0.24875621890547264,decrease,False,9
wpli,skeleton_prolong,beta,central,temporal,0.008634994737803936,0.1985387758787196,0.5678950775513929,0.8518426163270894,0.734375,0.9556640625,0.5522388059701493,increase,False,9
wpli,skeleton_prolong,beta,parietal,parietal,0.005190289579331875,0.24975486984271525,0.47515021523468126,0.8315128766606923,0.42578125,0.9556640625,0.46766169154228854,increase,False,9
wpli,skeleton_prolong,beta,parietal,occipital,0.011469264514744282,0.2860477702735811,0.415781716280593,0.8201633099765578,0.49609375,0.9556640625,0.42786069651741293,increase,False,9
wpli,skeleton_prolong,beta,parietal,temporal,0.01571294292807579,1.4128578131852507,0.0028429857323752747,0.05970270037988077,0.00390625,0.08203125,0.004975124378109453,increase,False,9
wpli,skeleton_prolong,beta,occipital,occipital,-0.035247448831796646,-0.8380484026710204,0.03613682701234923,0.3794366836296669,0.0390625,0.41015625,0.05472636815920398,decrease,False,9
wpli,skeleton_prolong,beta,occipital,temporal,0.002111637033522129,0.05580249870164584,0.8712037980746578,0.9316856341374038,0.8203125,0.9556640625,0.9353233830845771,increase,False,9
wpli,skeleton_prolong,beta,temporal,temporal,0.0006273057661019266,0.023738041397776355,0.9449754546201167,0.9449754546201167,0.91015625,0.9556640625,0.9552238805970149,increase,False,9
wpli,skeleton_prolong,gamma,frontal,frontal,-0.007398284040391445,-0.2953326793439794,0.40146565240295806,0.6588350314571679,0.49609375,0.8013822115384616,0.3034825870646766,decrease,False,9
wpli,skeleton_prolong,gamma,frontal,frontal_central,-0.013941947370767593,-0.5313909745878195,0.14956326817192123,0.5675635503158474,0.203125,0.65625,0.15920398009950248,decrease,False,9
wpli,skeleton_prolong,gamma,frontal,central,0.007797896862030029,0.3262186251061038,0.3564135288579155,0.6588350314571679,0.359375,0.7546875000000001,0.373134328358209,increase,False,9
wpli,skeleton_prolong,gamma,frontal,parietal,0.012466387823224068,0.2569865696803902,0.46289045065917467,0.6588350314571679,1.0,1.0,0.7761194029850746,increase,False,9
wpli,skeleton_prolong,gamma,frontal,occipital,-0.006387362722307444,-0.2539868905912737,0.4679500152992513,0.6588350314571679,0.30078125,0.7018229166666667,0.4228855721393035,decrease,False,9
wpli,skeleton_prolong,gamma,frontal,temporal,0.00632860604673624,0.2233385274617128,0.5217141450559533,0.6847498153859387,0.49609375,0.8013822115384616,0.4925373134328358,increase,False,9
wpli,skeleton_prolong,gamma,frontal_central,frontal_central,0.0012522009201347828,0.03727958576766588,0.9137064517689053,0.9273701855439875,0.8203125,1.0,0.8706467661691543,increase,False,9
wpli,skeleton_prolong,gamma,frontal_central,central,-0.0026106287259608507,-0.05205048418407804,0.879782142833923,0.9273701855439875,0.65234375,0.9132812499999999,0.8656716417910447,decrease,False,9
wpli,skeleton_prolong,gamma,frontal_central,parietal,0.002476245164871216,0.13493717500864683,0.6962241701130358,0.8600416219043384,0.8203125,1.0,0.7064676616915423,increase,False,9
wpli,skeleton_prolong,gamma,frontal_central,occipital,-0.008062402717769146,-0.25330039408953564,0.469113043805226,0.6588350314571679,0.65234375,0.9132812499999999,0.5074626865671642,decrease,False,9
wpli,skeleton_prolong,gamma,frontal_central,temporal,0.01583925634622574,0.45088105853374405,0.21315622527283612,0.5706863214050575,0.25,0.65625,0.21393034825870647,increase,False,9
wpli,skeleton_prolong,gamma,central,central,-0.020159244537353516,-0.5231098506862621,0.1552103199676277,0.5675635503158474,0.12890625,0.65625,0.15920398009950248,decrease,False,9
wpli,skeleton_prolong,gamma,central,parietal,-0.0012248820858076215,-0.03135526090478076,0.9273701855439875,0.9273701855439875,1.0,1.0,0.9303482587064676,decrease,False,9
wpli,skeleton_prolong,gamma,central,occipital,-0.012926992028951645,-0.3384097872777528,0.3397136014202275,0.6588350314571679,0.49609375,0.8013822115384616,0.31840796019900497,decrease,False,9
wpli,skeleton_prolong,gamma,central,temporal,0.01349520031362772,0.2524264309209778,0.47059645104083425,0.6588350314571679,0.91015625,1.0,0.5024875621890548,increase,False,9
wpli,skeleton_prolong,gamma,parietal,parietal,0.01340935006737709,0.5132839141184602,0.16216101437595637,0.5675635503158474,0.25,0.65625,0.16417910447761194,increase,False,9
wpli,skeleton_prolong,gamma,parietal,occipital,0.020932627841830254,0.7770979176551212,0.0480645195217025,0.5046774549778763,0.07421875,0.51953125,0.06965174129353234,increase,False,9
wpli,skeleton_prolong,gamma,parietal,temporal,0.030757976695895195,1.7184577742622857,0.0008685753729627548,0.01824008283221785,0.00390625,0.08203125,0.009950248756218905,increase,True,9
wpli,skeleton_prolong,gamma,occipital,occipital,-0.033981356769800186,-0.5910723139117274,0.11412504470733614,0.5675635503158474,0.07421875,0.51953125,0.11940298507462686,decrease,False,9
wpli,skeleton_prolong,gamma,occipital,temporal,-0.01872878521680832,-0.44629454521222484,0.21740431291621234,0.5706863214050575,0.203125,0.65625,0.20398009950248755,decrease,False,9
wpli,skeleton_prolong,gamma,temporal,temporal,-0.003346396842971444,-0.07533067056758361,0.8268744855857255,0.9273701855439875,1.0,1.0,0.8606965174129353,decrease,False,9
wpli,slow_image,theta,frontal,frontal,0.03309480845928192,0.4775136592824726,0.18988292757649392,0.6421124468068687,0.203125,0.7109375,0.1691542288557214,increase,False,9
wpli,slow_image,theta,frontal,frontal_central,0.023018207401037216,0.4499231750560503,0.21403748226895622,0.6421124468068687,0.203125,0.7109375,0.1890547263681592,increase,False,9
wpli,slow_image,theta,frontal,central,-0.00491314148530364,-0.09965081639771935,0.7725950042067923,0.9873286063470252,0.91015625,1.0,0.7313432835820896,decrease,False,9
wpli,slow_image,theta,frontal,parietal,0.008622927591204643,0.20321171315368314,0.5590163709378451,0.9873286063470252,0.8203125,1.0,0.5174129353233831,increase,False,9
wpli,slow_image,theta,frontal,occipital,0.00497274287045002,0.16623379428098006,0.6314108558751101,0.9873286063470252,0.5703125,1.0,0.5870646766169154,increase,False,9
wpli,slow_image,theta,frontal,temporal,0.027244053781032562,1.0377501286277182,0.014374649827737371,0.3018676463824848,0.00390625,0.08203125,0.009950248756218905,increase,False,9
wpli,slow_image,theta,frontal_central,frontal_central,0.021174483001232147,0.23465141123788458,0.5014341152329873,0.9873286063470252,0.49609375,1.0,0.5024875621890548,increase,False,9
wpli,slow_image,theta,frontal_central,central,-0.0006136364536359906,-0.01940527036313368,0.9550045951438751,0.9873286063470252,1.0,1.0,0.9552238805970149,decrease,False,9
wpli,slow_image,theta,frontal_central,parietal,-0.00015724037075415254,-0.005461625252755598,0.9873286063470252,0.9873286063470252,0.8203125,1.0,0.9900497512437811,decrease,False,9
wpli,slow_image,theta,frontal_central,occipital,-0.002663473365828395,-0.06320700786172599,0.8543288968307248,0.9873286063470252,0.65234375,1.0,0.8159203980099502,decrease,False,9
wpli,slow_image,theta,frontal_central,temporal,0.02515876293182373,0.6930166395533243,0.07122029172417127,0.485586323654145,0.07421875,0.3896484375,0.0945273631840796,increase,False,9
wpli,slow_image,theta,central,central,-0.030550437048077583,-0.7897947724303424,0.045289918598194354,0.4755441452810407,0.0546875,0.3896484375,0.06965174129353234,decrease,False,9
wpli,slow_image,theta,central,parietal,0.007984125055372715,0.577807261533426,0.1212501999174346,0.5092508396532254,0.25,0.75,0.10945273631840796,increase,False,9
wpli,slow_image,theta,central,occipital,-0.003920627757906914,-0.1073229772138183,0.7557284261501362,0.9873286063470252,0.8203125,1.0,0.746268656716418,decrease,False,9
wpli,slow_image,theta,central,temporal,-0.0013157030334696174,-0.04412990722405541,0.8979453192880857,0.9873286063470252,1.0,1.0,0.8905472636815921,decrease,False,9
wpli,slow_image,theta,parietal,parietal,0.006296104751527309,0.09252158987034043,0.7883843717197387,0.9873286063470252,0.65234375,1.0,0.8159203980099502,increase,False,9
wpli,slow_image,theta,parietal,occipital,-0.0024172465782612562,-0.03419597120393317,0.9208149312193168,0.9873286063470252,1.0,1.0,0.9054726368159204,decrease,False,9
wpli,slow_image,theta,parietal,temporal,0.00222958461381495,0.05261416250558318,0.8784922732396886,0.9873286063470252,0.8203125,1.0,0.8656716417910447,increase,False,9
wpli,slow_image,theta,occipital,occipital,-0.02206769585609436,-0.16046770365930002,0.6431219442115256,0.9873286063470252,0.734375,1.0,0.6467661691542289,decrease,False,9
wpli,slow_image,theta,occipital,temporal,-0.0017872718162834644,-0.02340592926119189,0.9457438525530415,0.9873286063470252,0.91015625,1.0,0.9800995024875622,decrease,False,9
wpli,slow_image,theta,temporal,temporal,0.027782298624515533,0.636756814116361,0.09249263307698,0.485586323654145,0.07421875,0.3896484375,0.0845771144278607,increase,False,9
wpli,slow_image,alpha,frontal,frontal,0.011426389217376709,0.3404900670329712,0.3369247006690042,0.544262978003776,0.49609375,0.651123046875,0.3880597014925373,increase,False,9
wpli,slow_image,alpha,frontal,frontal_central,0.018888341262936592,0.7199870170800685,0.06279319895518395,0.4472539621682137,0.01953125,0.205078125,0.014925373134328358,increase,False,9
wpli,slow_image,alpha,frontal,central,0.0028805071488022804,0.15805226941821304,0.6480597735587936,0.8505784527959167,0.359375,0.5390625,0.6368159203980099,increase,False,9
wpli,slow_image,alpha,frontal,parietal,0.0007513529853895307,0.04683203710009605,0.891741109943733,0.9659354385351254,0.8203125,0.861328125,0.9104477611940298,increase,False,9
wpli,slow_image,alpha,frontal,occipital,0.0073117283172905445,0.30805496606943855,0.38242990154342715,0.5736448523151407,0.25,0.47727272727272724,0.373134328358209,increase,False,9
wpli,slow_image,alpha,frontal,temporal,0.02271350473165512,1.2522000739530732,0.005571360092093891,0.1169985619339717,0.00390625,0.08203125,0.004975124378109453,increase,False,9
wpli,slow_image,alpha,frontal_central,frontal_central,0.030329793691635132,0.7162706343990688,0.06389342316688768,0.4472539621682137,0.09765625,0.41015625,0.07960199004975124,increase,False,9
wpli,slow_image,alpha,frontal_central,central,0.008800125680863857,0.25789102352701737,0.46137209488746356,0.645920932842449,0.49609375,0.651123046875,0.42786069651741293,increase,False,9
wpli,slow_image,alpha,frontal_central,parietal,0.006475859321653843,0.4279406721432717,0.23513712616725843,0.4799452978744146,0.25,0.47727272727272724,0.24378109452736318,increase,False,9
wpli,slow_image,alpha,frontal_central,occipital,0.014536221511662006,0.5146375321275756,0.16118710947052917,0.4799452978744146,0.25,0.47727272727272724,0.17412935323383086,increase,False,9
wpli,slow_image,alpha,frontal_central,temporal,0.025176919996738434,0.6433419137062379,0.08971708138751493,0.4710146772844534,0.07421875,0.3896484375,0.06965174129353234,increase,False,9
wpli,slow_image,alpha,central,central,-0.022154685109853745,-0.3578522680345473,0.3143331037817876,0.544262978003776,0.30078125,0.5263671875,0.3681592039800995,decrease,False,9
wpli,slow_image,alpha,central,parietal,0.006590733770281076,0.4490640765037784,0.21483053527463036,0.4799452978744146,0.203125,0.47727272727272724,0.22885572139303484,increase,False,9
wpli,slow_image,alpha,central,occipital,0.0028439993038773537,0.12349916677918378,0.720629518430982,0.8597815852661973,0.8203125,0.861328125,0.7114427860696517,increase,False,9
wpli,slow_image,alpha,central,temporal,-0.01450248435139656,-0.45022444522051486,0.21376000061357386,0.4799452978744146,0.25,0.47727272727272724,0.15920398009950248,decrease,False,9
wpli,slow_image,alpha,parietal,parietal,0.002087189117446542,0.11593733094441976,0.7369556445138834,0.8597815852661973,0.5703125,0.7045036764705882,0.7064676616915423,increase,False,9
wpli,slow_image,alpha,parietal,occipital,0.009394741617143154,0.420523724461602,0.2426433966256879,0.4799452978744146,0.25,0.47727272727272724,0.29850746268656714,increase,False,9
wpli,slow_image,alpha,parietal,temporal,0.008894877508282661,0.5795523679745135,0.12028962149099835,0.4799452978744146,0.07421875,0.3896484375,0.11442786069651742,increase,False,9
wpli,slow_image,alpha,occipital,occipital,0.0010316736297681928,0.014687116427505711,0.9659354385351254,0.9659354385351254,0.8203125,0.861328125,0.9800995024875622,increase,False,9
wpli,slow_image,alpha,occipital,temporal,0.012143760919570923,0.4121110977387246,0.2513999179342172,0.4799452978744146,0.359375,0.5390625,0.24378109452736318,increase,False,9
wpli,slow_image,alpha,temporal,temporal,-0.0012591746635735035,-0.028203021152052477,0.9346512145346926,0.9659354385351254,0.91015625,0.91015625,0.9253731343283582,decrease,False,9
wpli,slow_image,beta,frontal,frontal,0.001358552137389779,0.08122613024760962,0.8136124402912378,0.9791125256777893,0.8203125,1.0,0.8159203980099502,increase,False,9
wpli,slow_image,beta,frontal,frontal_central,0.012404263019561768,0.511949939931273,0.16312600660433493,0.8766642087179541,0.09765625,0.90234375,0.17412935323383086,increase,False,9
wpli,slow_image,beta,frontal,central,-0.00024414394283667207,-0.022218381870234588,0.9484919444904524,0.9791125256777893,0.91015625,1.0,0.9253731343283582,decrease,False,9
wpli,slow_image,beta,frontal,parietal,0.0002655254502315074,0.023969526356040154,0.9444399071688541,0.9791125256777893,0.91015625,1.0,0.9601990049751243,increase,False,9
wpli,slow_image,beta,frontal,occipital,0.004985580686479807,0.3507319154203108,0.3234506602021841,0.8766642087179541,0.359375,1.0,0.3482587064676617,increase,False,9
wpli,slow_image,beta,frontal,temporal,0.005001068115234375,0.21191506608601743,0.5426968911111145,0.8766642087179541,0.49609375,1.0,0.5074626865671642,increase,False,9
wpli,slow_image,beta,frontal_central,frontal_central,0.016186773777008057,0.5005395918342427,0.17159330445197304,0.8766642087179541,0.12890625,0.90234375,0.13930348258706468,increase,False,9
wpli,slow_image,beta,frontal_central,central,-0.0002073778014164418,-0.009003700017083829,0.9791125256777893,0.9791125256777893,1.0,1.0,0.9950248756218906,decrease,False,9
wpli,slow_image,beta,frontal_central,parietal,-0.0037683844566345215,-0.26630463821088013,0.44740771373644694,0.8766642087179541,0.42578125,1.0,0.3880597014925373,decrease,False,9
wpli,slow_image,beta,frontal_central,occipital,0.016597453504800797,0.5983932552376888,0.11036291991228403,0.8766642087179541,0.0390625,0.8203125,0.04477611940298507,increase,False,9
wpli,slow_image,beta,frontal_central,temporal,0.007258858997374773,0.27852258202977576,0.42764643351059817,0.8766642087179541,0.30078125,1.0,0.39303482587064675,increase,False,9
wpli,slow_image,beta,central,central,-0.017608463764190674,-0.3803155568973674,0.2868934991932031,0.8766642087179541,0.49609375,1.0,0.31840796019900497,decrease,False,9
wpli,slow_image,beta,central,parietal,-0.0008761882781982422,-0.07657733412764459,0.8240649833665746,0.9791125256777893,0.734375,1.0,0.8407960199004975,decrease,False,9
wpli,slow_image,beta,central,occipital,0.001241319696418941,0.08177346756833065,0.8123843500026725,0.9791125256777893,0.91015625,1.0,0.7761194029850746,increase,False,9
wpli,slow_image,beta,central,temporal,-0.003447542665526271,-0.2556461289749939,0.4651468368006815,0.8766642087179541,0.65234375,1.0,0.4228855721393035,decrease,False,9
wpli,slow_image,beta,parietal,parietal,-0.004111061338335276,-0.2330705821480484,0.5042377602374751,0.8766642087179541,0.49609375,1.0,0.5323383084577115,decrease,False,9
wpli,slow_image,beta,parietal,occipital,0.004907512106001377,0.2809027850101908,0.4238683177749668,0.8766642087179541,0.8203125,1.0,0.373134328358209,increase,False,9
wpli,slow_image,beta,parietal,temporal,0.0031162335071712732,0.22221614126517333,0.5237534847055054,0.8766642087179541,0.65234375,1.0,0.5970149253731343,increase,False,9
wpli,slow_image,beta,occipital,occipital,0.0015816324157640338,0.03385576909878328,0.9215996569907656,0.9791125256777893,1.0,1.0,0.9601990049751243,increase,False,9
wpli,slow_image,beta,occipital,temporal,0.00889499019831419,0.44425398970538804,0.21931752037724198,0.8766642087179541,0.203125,1.0,0.24875621890547264,increase,False,9
wpli,slow_image,beta,temporal,temporal,0.0006451606750488281,0.015541170647640204,0.9639561575533726,0.9791125256777893,0.91015625,1.0,1.0,increase,False,9
wpli,slow_image,gamma,frontal,frontal,0.0059096417389810085,0.23707243963642943,0.4971595847035827,0.7873225870866939,0.5703125,0.85546875,0.472636815920398,increase,False,9
wpli,slow_image,gamma,frontal,frontal_central,0.011956393718719482,0.3605177484722419,0.3109723265064216,0.7873225870866939,0.5703125,0.85546875,0.3482587064676617,increase,False,9
wpli,slow_image,gamma,frontal,central,0.0028336148243397474,0.1368741835905305,0.6921271846269705,0.7873225870866939,0.65234375,0.856201171875,0.7960199004975125,increase,False,9
wpli,slow_image,gamma,frontal,parietal,0.002644449472427368,0.1701997100503764,0.6234194793532621,0.7873225870866939,0.49609375,0.85546875,0.6268656716417911,increase,False,9
wpli,slow_image,gamma,frontal,occipital,0.004564692731946707,0.18887419214391146,0.5865114735267747,0.7873225870866939,0.5703125,0.85546875,0.582089552238806,increase,False,9
wpli,slow_image,gamma,frontal,temporal,-0.014517264440655708,-0.5579366531824758,0.13270294319731835,0.7873225870866939,0.1640625,0.85546875,0.13930348258706468,decrease,False,9
wpli,slow_image,gamma,frontal_central,frontal_central,-0.004675471223890781,-0.10934827661218602,0.7512986830619268,0.7873225870866939,0.5703125,0.85546875,0.7711442786069652,decrease,False,9
wpli,slow_image,gamma,frontal_central,central,-0.007223139051347971,-0.24846438519084924,0.4773602356902361,0.7873225870866939,0.49609375,0.85546875,0.527363184079602,decrease,False,9
wpli,slow_image,gamma,frontal_central,parietal,-0.01940270885825157,-1.2007684843358326,0.006958963966282052,0.1461382432919231,0.01171875,0.24609375,0.014925373134328358,decrease,False,9
wpli,slow_image,gamma,frontal_central,occipital,0.01213414128869772,0.29067210074327116,0.40860695633399613,0.7873225870866939,0.49609375,0.85546875,0.43283582089552236,increase,False,9
wpli,slow_image,gamma,frontal_central,temporal,-0.006693780422210693,-0.22257450276554416,0.5231018534255669,0.7873225870866939,0.5703125,0.85546875,0.5174129353233831,decrease,False,9
wpli,slow_image,gamma,central,central,-0.017708562314510345,-0.36198807877707384,0.3091306661821206,0.7873225870866939,0.5703125,0.85546875,0.3482587064676617,decrease,False,9
wpli,slow_image,gamma,central,parietal,-0.004753288347274065,-0.26718566828504764,0.445962163738188,0.7873225870866939,0.5703125,0.85546875,0.43283582089552236,decrease,False,9
wpli,slow_image,gamma,central,occipital,-0.006636556703597307,-0.19667741522422044,0.5714541285571011,0.7873225870866939,0.5703125,0.85546875,0.572139303482587,decrease,False,9
wpli,slow_image,gamma,central,temporal,0.0038607451133430004,0.12788887066586888,0.7112209328501902,0.7873225870866939,1.0,1.0,0.7213930348258707,increase,False,9
wpli,slow_image,gamma,parietal,parietal,-0.006051725707948208,-0.17724855873973747,0.609346574648296,0.7873225870866939,0.734375,0.8567708333333334,0.6069651741293532,decrease,False,9
wpli,slow_image,gamma,parietal,occipital,0.0013033119030296803,0.14637111777417844,0.672198078089387,0.7873225870866939,0.65234375,0.856201171875,0.6716417910447762,increase,False,9
wpli,slow_image,gamma,parietal,temporal,0.0029357606545090675,0.09299948656890175,0.7873225870866939,0.7873225870866939,0.91015625,0.9556640625,0.8308457711442786,increase,False,9
wpli,slow_image,gamma,occipital,occipital,-0.007304785773158073,-0.1006649819304602,0.770357841126153,0.7873225870866939,0.734375,0.8567708333333334,0.8159203980099502,decrease,False,9
wpli,slow_image,gamma,occipital,temporal,0.006936980411410332,0.3504731797282931,0.3237858341030607,0.7873225870866939,0.42578125,0.85546875,0.3482587064676617,increase,False,9
wpli,slow_image,gamma,temporal,temporal,0.007268187124282122,0.1715987243408941,0.6206129630871582,0.7873225870866939,0.8203125,0.9066611842105263,0.5572139303482587,increase,False,9
wpli,sort_reset,theta,frontal,frontal,-0.017077114433050156,-0.28982046626515884,0.4393820696831009,0.9360279370337662,0.4609375,0.9925781250000001,0.46766169154228854,decrease,False,8
wpli,sort_reset,theta,frontal,frontal_central,0.009299054741859436,0.2058229398772557,0.5787213511701991,0.9360279370337662,0.1953125,0.9925781250000001,0.6069651741293532,increase,False,8
wpli,sort_reset,theta,frontal,central,-0.0011501424014568329,-0.041695100760202546,0.9094345571299837,0.9943905227533056,0.9453125,0.9925781250000001,0.8905472636815921,decrease,False,8
wpli,sort_reset,theta,frontal,parietal,-0.00542614609003067,-0.08523270120335717,0.8164063006856311,0.9770633251648505,0.546875,0.9925781250000001,0.8656716417910447,decrease,False,8
wpli,sort_reset,theta,frontal,occipital,-0.004034511744976044,-0.07566863215409214,0.8366296222825791,0.9770633251648505,0.546875,0.9925781250000001,0.8955223880597015,decrease,False,8
wpli,sort_reset,theta,frontal,temporal,-0.0032507814466953278,-0.08169908523855492,0.8238616468204121,0.9770633251648505,0.9453125,0.9925781250000001,0.7711442786069652,decrease,False,8
wpli,sort_reset,theta,frontal_central,frontal_central,0.015320861712098122,0.20542115918566883,0.5794458657828077,0.9360279370337662,0.4609375,0.9925781250000001,0.5472636815920398,increase,False,8
wpli,sort_reset,theta,frontal_central,central,0.008959174156188965,0.2223147935956205,0.5494396189271918,0.9360279370337662,0.7421875,0.9925781250000001,0.6069651741293532,increase,False,8
wpli,sort_reset,theta,frontal_central,parietal,0.008670110255479813,0.2409769403551836,0.5174086384096397,0.9360279370337662,0.640625,0.9925781250000001,0.44776119402985076,increase,False,8
wpli,sort_reset,theta,frontal_central,occipital,0.009943444281816483,0.20549854710475743,0.5793062794516886,0.9360279370337662,0.9453125,0.9925781250000001,0.6169154228855721,increase,False,8
wpli,sort_reset,theta,frontal_central,temporal,0.02660376951098442,0.37011159112128894,0.3299711872194126,0.9360279370337662,0.3828125,0.9925781250000001,0.32338308457711445,increase,False,8
wpli,sort_reset,theta,central,central,0.028146512806415558,0.3643329585922889,0.3370645937894193,0.9360279370337662,0.3125,0.9925781250000001,0.3383084577114428,increase,False,8
wpli,sort_reset,theta,central,parietal,0.0004051998257637024,0.014645398422141718,0.9681150777511192,0.9943905227533056,0.84375,0.9925781250000001,0.9601990049751243,increase,False,8
wpli,sort_reset,theta,central,occipital,-0.023849019780755043,-0.38317275522254973,0.31437543947563157,0.9360279370337662,0.3828125,0.9925781250000001,0.3383084577114428,decrease,False,8
wpli,sort_reset,theta,central,temporal,-0.0001432262361049652,-0.002575732162201912,0.9943905227533056,0.9943905227533056,0.84375,0.9925781250000001,1.0,decrease,False,8
wpli,sort_reset,theta,parietal,parietal,-0.009319048374891281,-0.12873066270889047,0.7265288347215952,0.9770633251648505,0.7421875,0.9925781250000001,0.7313432835820896,decrease,False,8
wpli,sort_reset,theta,parietal,occipital,0.031597334891557693,0.2773558090889566,0.4584785063422887,0.9360279370337662,0.84375,0.9925781250000001,0.6467661691542289,increase,False,8
wpli,sort_reset,theta,parietal,temporal,0.010036703199148178,0.21726838748973584,0.558304063319135,0.9360279370337662,0.4609375,0.9925781250000001,0.5472636815920398,increase,False,8
wpli,sort_reset,theta,occipital,occipital,0.04283111169934273,0.357180674254937,0.3460097736273961,0.9360279370337662,0.4609375,0.9925781250000001,0.3482587064676617,increase,False,8
wpli,sort_reset,theta,occipital,temporal,0.00591200590133667,0.07526655627047842,0.8374828501413004,0.9770633251648505,1.0,1.0,0.8557213930348259,increase,False,8
wpli,sort_reset,theta,temporal,temporal,0.010876879096031189,0.20861306042614114,0.5737046030500639,0.9360279370337662,0.640625,0.9925781250000001,0.6268656716417911,increase,False,8
wpli,sort_reset,alpha,frontal,frontal,-0.00775374099612236,-0.4510353932557415,0.24275385324725784,0.6274714048102227,0.4609375,0.8799715909090908,0.263681592039801,decrease,False,8
wpli,sort_reset,alpha,frontal,frontal_central,-0.004497535526752472,-0.14346815191963944,0.6970146495441858,0.8775074229319407,0.7421875,1.0,0.681592039800995,decrease,False,8
wpli,sort_reset,alpha,frontal,central,-0.010968398302793503,-0.5689668601257772,0.15159019256536418,0.6274714048102227,0.1484375,0.75,0.18407960199004975,decrease,False,8
wpli,sort_reset,alpha,frontal,parietal,0.0032787732779979706,0.22374524505863647,0.5469424498173073,0.820413674725961,0.4609375,0.8799715909090908,0.5323383084577115,increase,False,8
wpli,sort_reset,alpha,frontal,occipital,0.011259935796260834,0.5713209731650686,0.15014119383194366,0.6274714048102227,0.1953125,0.75,0.19900497512437812,increase,False,8
wpli,sort_reset,alpha,frontal,temporal,-0.012222681194543839,-0.4498555706238026,0.2438695993776325,0.6274714048102227,0.109375,0.75,0.23383084577114427,decrease,False,8
wpli,sort_reset,alpha,frontal_central,frontal_central,-0.013853602111339569,-0.3778826060872633,0.3206194965674526,0.6733009427916504,0.25,0.75,0.2885572139303483,decrease,False,8
wpli,sort_reset,alpha,frontal_central,central,0.0012324340641498566,0.047474579823239306,0.8969616595550626,0.9028334394682938,1.0,1.0,0.8905472636815921,increase,False,8
wpli,sort_reset,alpha,frontal_central,parietal,0.010769899934530258,1.0475502713211968,0.021017791815713532,0.4413736281299842,0.0390625,0.75,0.05472636815920398,increase,False,8
wpli,sort_reset,alpha,frontal_central,occipital,-0.012603651732206345,-0.42451222223883356,0.2689163163472383,0.6274714048102227,0.7421875,1.0,0.21393034825870647,decrease,False,8
wpli,sort_reset,alpha,frontal_central,temporal,0.007912840694189072,0.338583048139629,0.3701338637925094,0.7066191945129725,0.4609375,0.8799715909090908,0.34328358208955223,increase,False,8
wpli,sort_reset,alpha,central,central,0.01724984496831894,0.2752161514045311,0.461813334995678,0.7460061565314798,0.640625,1.0,0.572139303482587,increase,False,8
wpli,sort_reset,alpha,central,parietal,0.013598434627056122,0.5138997363133655,0.18939285855171148,0.6274714048102227,0.25,0.75,0.17412935323383086,increase,False,8
wpli,sort_reset,alpha,central,occipital,-0.002903919667005539,-0.10131484449002724,0.7827439403229628,0.8775074229319407,1.0,1.0,0.8109452736318408,decrease,False,8
wpli,sort_reset,alpha,central,temporal,-0.0026232004165649414,-0.13521265004965421,0.7134824352069264,0.8775074229319407,0.9453125,1.0,0.7611940298507462,decrease,False,8
wpli,sort_reset,alpha,parietal,parietal,0.002814140170812607,0.09594370092330602,0.7939352874146131,0.8775074229319407,0.9453125,1.0,0.8258706467661692,increase,False,8
wpli,sort_reset,alpha,parietal,occipital,0.0063885413110256195,0.29111486914085705,0.43743139780799123,0.7460061565314798,0.640625,1.0,0.4427860696517413,increase,False,8
wpli,sort_reset,alpha,parietal,temporal,0.006335560232400894,0.48733241923209275,0.21052560415170068,0.6274714048102227,0.25,0.75,0.2935323383084577,increase,False,8
wpli,sort_reset,alpha,occipital,occipital,0.04074731096625328,0.6795073186842419,0.09605555936070116,0.6274714048102227,0.3125,0.8203125,0.11442786069651742,increase,False,8
wpli,sort_reset,alpha,occipital,temporal,-0.004342947155237198,-0.14510172837904659,0.6937763428723767,0.8775074229319407,0.9453125,1.0,0.7263681592039801,decrease,False,8
wpli,sort_reset,alpha,temporal,temporal,0.0025592930614948273,0.04475212108982504,0.9028334394682938,0.9028334394682938,0.9453125,1.0,0.9203980099502488,increase,False,8
wpli,sort_reset,beta,frontal,frontal,-0.003926999866962433,-0.49137839970331354,0.20717737961150723,0.8002619058456818,0.109375,0.80390625,0.23383084577114427,decrease,False,8
wpli,sort_reset,beta,frontal,frontal_central,-0.0007582865655422211,-0.05998822819341085,0.8700672111199617,0.931484333690986,0.9453125,0.9925781250000001,0.8805970149253731,decrease,False,8
wpli,sort_reset,beta,frontal,central,-0.0014261379837989807,-0.10109389661300769,0.7832032478704612,0.931484333690986,0.4609375,0.806640625,0.8557213930348259,decrease,False,8
wpli,sort_reset,beta,frontal,parietal,-0.0016248226165771484,-0.11423630877913166,0.7560504801823249,0.931484333690986,1.0,1.0,0.7313432835820896,decrease,False,8
wpli,sort_reset,beta,frontal,occipital,0.00014758482575416565,0.009117221810872902,0.980146659688514,0.980146659688514,0.84375,0.9925781250000001,0.9651741293532339,increase,False,8
wpli,sort_reset,beta,frontal,temporal,-0.007556300610303879,-0.31926208948199847,0.39653014290544286,0.8327133001014301,0.3828125,0.80390625,0.38308457711442784,decrease,False,8
wpli,sort_reset,beta,frontal_central,frontal_central,0.0020327195525169373,0.07764216891521605,0.8324451302017464,0.931484333690986,0.84375,0.9925781250000001,0.8109452736318408,increase,False,8
wpli,sort_reset,beta,frontal_central,central,0.0062886737287044525,0.4331193763567449,0.2601758729357894,0.8002619058456818,0.1953125,0.80390625,0.23383084577114427,increase,False,8
wpli,sort_reset,beta,frontal_central,parietal,0.012380044907331467,0.7343167886524888,0.07642722587506541,0.8002619058456818,0.109375,0.80390625,0.07462686567164178,increase,False,8
wpli,sort_reset,beta,frontal_central,occipital,-0.007428433746099472,-0.24242802882716483,0.5149683338776009,0.9011945842858016,0.3828125,0.80390625,0.472636815920398,decrease,False,8
wpli,sort_reset,beta,frontal_central,temporal,0.002991408109664917,0.11917817772943182,0.7459328055894249,0.931484333690986,0.84375,0.9925781250000001,0.7960199004975125,increase,False,8
wpli,sort_reset,beta,central,central,0.007877785712480545,0.2504631382001057,0.5015889977957706,0.9011945842858016,0.640625,0.9609375,0.4925373134328358,increase,False,8
wpli,sort_reset,beta,central,parietal,0.004858966916799545,0.2140801708034364,0.5639481586488932,0.9109931793559044,0.640625,0.9609375,0.5771144278606966,increase,False,8
wpli,sort_reset,beta,central,occipital,0.012204602360725403,0.43233792699109985,0.26095938649538875,0.8002619058456818,0.3828125,0.80390625,0.24875621890547264,increase,False,8
wpli,sort_reset,beta,central,temporal,-0.00150391086935997,-0.05729979322441517,0.8758310262917969,0.931484333690986,0.9453125,0.9925781250000001,0.8606965174129353,decrease,False,8
wpli,sort_reset,beta,parietal,parietal,-0.01143985241651535,-0.46662752015351955,0.22841769973635082,0.8002619058456818,0.3125,0.80390625,0.22885572139303484,decrease,False,8
wpli,sort_reset,beta,parietal,occipital,-0.005044940859079361,-0.3726848903317698,0.3268507238007797,0.8002619058456818,0.4609375,0.806640625,0.373134328358209,decrease,False,8
wpli,sort_reset,beta,parietal,temporal,0.006210222840309143,0.3595952303174561,0.3429693882195779,0.8002619058456818,0.3828125,0.80390625,0.3283582089552239,increase,False,8
wpli,sort_reset,beta,occipital,occipital,0.020782601088285446,0.495534184561258,0.2037876067887581,0.8002619058456818,0.1953125,0.80390625,0.2935323383084577,increase,False,8
wpli,sort_reset,beta,occipital,temporal,-0.007978897541761398,-0.38973740629391324,0.30676372919411155,0.8002619058456818,0.3125,0.80390625,0.2885572139303483,decrease,False,8
wpli,sort_reset,beta,temporal,temporal,-0.0017729587852954865,-0.05204129287313058,0.8871279368485581,0.931484333690986,0.9453125,0.9925781250000001,0.900497512437811,decrease,False,8
wpli,sort_reset,gamma,frontal,frontal,-0.0036563389003276825,-0.2039641162922322,0.5820776190422938,0.9323344016574759,0.9453125,1.0,0.5522388059701493,decrease,False,8
wpli,sort_reset,gamma,frontal,frontal_central,-0.0003226138651371002,-0.015115807276686922,0.9670916387785238,0.9764161941831955,0.546875,0.95703125,0.9850746268656716,decrease,False,8
wpli,sort_reset,gamma,frontal,central,0.004897952079772949,0.1624777413059625,0.659766242070034,0.9323344016574759,0.9453125,1.0,0.7213930348258707,increase,False,8
wpli,sort_reset,gamma,frontal,parietal,-0.009018860757350922,-0.7856852457351186,0.061671819937843035,0.5852625831828683,0.078125,0.765625,0.04975124378109453,decrease,False,8
wpli,sort_reset,gamma,frontal,occipital,-0.01864996924996376,-0.7128020362448128,0.08360894045469547,0.5852625831828683,0.109375,0.765625,0.0945273631840796,decrease,False,8
wpli,sort_reset,gamma,frontal,temporal,0.004655592143535614,0.15179836262801388,0.6805735019082746,0.9323344016574759,0.546875,0.95703125,0.6616915422885572,increase,False,8
wpli,sort_reset,gamma,frontal_central,frontal_central,0.005634129047393799,0.2638028332991219,0.47988094224423083,0.9323344016574759,0.546875,0.95703125,0.582089552238806,increase,False,8
wpli,sort_reset,gamma,frontal_central,central,0.007680762559175491,0.26661160717583354,0.47539110738553214,0.9323344016574759,0.4609375,0.95703125,0.4925373134328358,increase,False,8
wpli,sort_reset,gamma,frontal_central,parietal,0.012630783021450043,0.5095281825394186,0.19273392811809384,0.9323344016574759,0.25,0.95703125,0.24378109452736318,increase,False,8
wpli,sort_reset,gamma,frontal_central,occipital,-0.01143370196223259,-0.30557842424025133,0.4160516113710633,0.9323344016574759,0.1953125,0.95703125,0.46766169154228854,decrease,False,8
wpli,sort_reset,gamma,frontal_central,temporal,-0.005107898265123367,-0.11711276138499437,0.7501550112193262,0.9323344016574759,1.0,1.0,0.6865671641791045,decrease,False,8
wpli,sort_reset,gamma,central,central,0.0005432739853858948,0.010830922231809613,0.9764161941831955,0.9764161941831955,1.0,1.0,0.9751243781094527,increase,False,8
wpli,sort_reset,gamma,central,parietal,0.0027760379016399384,0.07953221818808763,0.8284430850289536,0.9665169325337792,0.7421875,1.0,0.7910447761194029,increase,False,8
wpli,sort_reset,gamma,central,occipital,0.00876283273100853,0.24738311899984144,0.5066907858217418,0.9323344016574759,0.84375,1.0,0.5074626865671642,increase,False,8
wpli,sort_reset,gamma,central,temporal,0.001522742211818695,0.04332169737974524,0.9059212066717919,0.9764161941831955,0.9453125,1.0,0.900497512437811,increase,False,8
wpli,sort_reset,gamma,parietal,parietal,-0.01230471208691597,-0.8139034563730523,0.054823888435718504,0.5852625831828683,0.109375,0.765625,0.0845771144278607,decrease,False,8
wpli,sort_reset,gamma,parietal,occipital,-0.001850169152021408,-0.1148715997533551,0.7547468965798615,0.9323344016574759,0.640625,1.0,0.7014925373134329,decrease,False,8
wpli,sort_reset,gamma,parietal,temporal,0.015174444764852524,0.38510055963123113,0.3121245079560505,0.9323344016574759,0.3125,0.95703125,0.31840796019900497,increase,False,8
wpli,sort_reset,gamma,occipital,occipital,0.016542579978704453,0.24361889353656735,0.5129711261419061,0.9323344016574759,0.9453125,1.0,0.472636815920398,increase,False,8
wpli,sort_reset,gamma,occipital,temporal,-0.013167805969715118,-0.3187169406397287,0.3972947517284082,0.9323344016574759,0.4609375,0.95703125,0.3781094527363184,decrease,False,8
wpli,sort_reset,gamma,temporal,temporal,-0.003333214670419693,-0.15493228735001613,0.6744354278076403,0.9323344016574759,0.546875,0.95703125,0.6467661691542289,decrease,False,8
aec,broken_image,theta,frontal,frontal,-0.054005660116672516,-0.5221215350001873,0.15589706217559274,0.409229788210931,0.203125,0.533203125,0.13930348258706468,decrease,False,9
aec,broken_image,theta,frontal,frontal_central,-0.044638242572546005,-0.6324592725494826,0.0943481158108198,0.39358258744989627,0.203125,0.533203125,0.1044776119402985,decrease,False,9
aec,broken_image,theta,frontal,central,0.036586835980415344,0.4342729042781921,0.22888498814230623,0.5340649723320479,0.30078125,0.57421875,0.21393034825870647,increase,False,9
aec,broken_image,theta,frontal,parietal,-0.05770927667617798,-1.3391274144461658,0.0038551901160453553,0.08095899243695247,0.0078125,0.1640625,0.014925373134328358,decrease,False,9
aec,broken_image,theta,frontal,occipital,-0.04206199198961258,-0.6096103917341328,0.1048246448652989,0.39358258744989627,0.203125,0.533203125,0.07960199004975124,decrease,False,9
aec,broken_image,theta,frontal,temporal,-0.0020123322028666735,-0.02310618757106856,0.9464373907708921,0.9464373907708921,0.91015625,1.0,0.9601990049751243,decrease,False,9
aec,broken_image,theta,frontal_central,frontal_central,-0.010386941954493523,-0.0736941470199572,0.8305666320193122,0.8965807488431843,0.734375,0.9071691176470588,0.8407960199004975,decrease,False,9
aec,broken_image,theta,frontal_central,central,0.03459562361240387,0.36392792919207984,0.3067140658228911,0.5855450347527921,0.65234375,0.9071691176470588,0.31840796019900497,increase,False,9
aec,broken_image,theta,frontal_central,parietal,-0.019837114959955215,-0.20874524996296806,0.5486075417973912,0.7200473986090761,0.42578125,0.7451171875,0.5920398009950248,decrease,False,9
aec,broken_image,theta,frontal_central,occipital,-0.028593851253390312,-0.2537944554440943,0.4682758469831664,0.7200473986090761,0.30078125,0.57421875,0.472636815920398,decrease,False,9
aec,broken_image,theta,frontal_central,temporal,0.014921075664460659,0.1434705907806194,0.6782565155021507,0.7912992680858425,1.0,1.0,0.7263681592039801,increase,False,9
aec,broken_image,theta,central,central,0.04144682362675667,0.21030932965427357,0.5456863361805252,0.7200473986090761,1.0,1.0,0.6169154228855721,increase,False,9
aec,broken_image,theta,central,parietal,0.07901502400636673,0.5983828461999571,0.11036820549786137,0.39358258744989627,0.203125,0.533203125,0.1044776119402985,increase,False,9
aec,broken_image,theta,central,occipital,0.07242819666862488,0.5741070361459545,0.1233106685215914,0.39358258744989627,0.1640625,0.533203125,0.10945273631840796,increase,False,9
aec,broken_image,theta,central,temporal,0.07110205292701721,0.560461206552922,0.13119419581663208,0.39358258744989627,0.12890625,0.533203125,0.15920398009950248,increase,False,9
aec,broken_image,theta,parietal,parietal,-0.006830473430454731,-0.06340160768055669,0.8538864274696992,0.8965807488431843,0.91015625,1.0,0.8805970149253731,decrease,False,9
aec,broken_image,theta,parietal,occipital,-0.05237723886966705,-0.2823386391527898,0.4216004930631443,0.7200473986090761,0.49609375,0.8013822115384616,0.4129353233830846,decrease,False,9
aec,broken_image,theta,parietal,temporal,0.058391768485307693,0.753641493623369,0.05364492036785546,0.39358258744989627,0.07421875,0.533203125,0.05472636815920398,increase,False,9
aec,broken_image,theta,occipital,occipital,-0.057454124093055725,-0.18956504961636647,0.5851694935702825,0.7228564332338784,0.65234375,0.9071691176470588,0.5671641791044776,decrease,False,9
aec,broken_image,theta,occipital,temporal,-0.036387406289577484,-0.37537550536058234,0.2927571691867666,0.5855450347527921,0.25,0.57421875,0.3482587064676617,decrease,False,9
aec,broken_image,theta,temporal,temporal,0.03739262744784355,0.22955755526104896,0.5105034109013808,0.7200473986090761,0.734375,0.9071691176470588,0.5472636815920398,increase,False,9
aec,broken_image,alpha,frontal,frontal,0.03662959858775139,0.28986215943721305,0.409857188927206,0.9263732862908957,0.49609375,1.0,0.40298507462686567,increase,False,9
aec,broken_image,alpha,frontal,frontal_central,0.002743818797171116,0.0317871034389978,0.9263732862908957,0.9263732862908957,1.0,1.0,0.9303482587064676,increase,False,9
aec,broken_image,alpha,frontal,central,-0.01941647380590439,-0.21532377969423053,0.5363833408794338,0.9263732862908957,1.0,1.0,0.6268656716417911,decrease,False,9
aec,broken_image,alpha,frontal,parietal,-0.020328231155872345,-0.3571053550447113,0.31527997738913105,0.9263732862908957,0.42578125,1.0,0.32338308457711445,decrease,False,9
aec,broken_image,alpha,frontal,occipital,0.028163280338048935,0.3542976568407129,0.3188592766878087,0.9263732862908957,0.30078125,1.0,0.3383084577114428,increase,False,9
aec,broken_image,alpha,frontal,temporal,-0.007332911249250174,-0.07563229368041545,0.82619453812501,0.9263732862908957,1.0,1.0,0.9104477611940298,decrease,False,9
aec,broken_image,alpha,frontal_central,frontal_central,-0.004854356404393911,-0.03573109819496468,0.9172750728373623,0.9263732862908957,0.49609375,1.0,0.9353233830845771,decrease,False,9
aec,broken_image,alpha,frontal_central,central,-0.05477921664714813,-0.6073409680814883,0.10592349771841242,0.8146834792547999,0.09765625,1.0,0.1044776119402985,decrease,False,9
aec,broken_image,alpha,frontal_central,parietal,0.008138344623148441,0.14432588873833102,0.6764674282338654,0.9263732862908957,0.734375,1.0,0.6318407960199005,increase,False,9
aec,broken_image,alpha,frontal_central,occipital,0.020477980375289917,0.15521701492935444,0.6538795432795672,0.9263732862908957,0.734375,1.0,0.7064676616915423,increase,False,9
aec,broken_image,alpha,frontal_central,temporal,-0.02404027432203293,-0.2687133545044887,0.44346328916105626,0.9263732862908957,0.49609375,1.0,0.48258706467661694,decrease,False,9
aec,broken_image,alpha,central,central,0.004840994253754616,0.05429463220175434,0.8746491784354737,0.9263732862908957,0.8203125,1.0,0.8656716417910447,increase,False,9
aec,broken_image,alpha,central,parietal,-0.006594544276595116,-0.10786890036691418,0.7545334316292787,0.9263732862908957,0.8203125,1.0,0.7860696517412935,decrease,False,9
aec,broken_image,alpha,central,occipital,-0.013368312269449234,-0.08544903656295837,0.8041517679544548,0.9263732862908957,1.0,1.0,0.8407960199004975,decrease,False,9
aec,broken_image,alpha,central,temporal,-0.006358551327139139,-0.08516905433920814,0.8047779418905521,0.9263732862908957,0.65234375,1.0,0.845771144278607,decrease,False,9
aec,broken_image,alpha,parietal,parietal,-0.02869444154202938,-0.5052011708243321,0.16808759083002228,0.882459851857617,0.1640625,1.0,0.18407960199004975,decrease,False,9
aec,broken_image,alpha,parietal,occipital,-0.051359280943870544,-0.5867860050041528,0.11638335417925712,0.8146834792547999,0.203125,1.0,0.12437810945273632,decrease,False,9
aec,broken_image,alpha,parietal,temporal,-0.007151240948587656,-0.11396313268804752,0.7412418575364992,0.9263732862908957,0.91015625,1.0,0.7064676616915423,decrease,False,9
aec,broken_image,alpha,occipital,occipital,-0.022156082093715668,-0.12573875870186713,0.7158228907336446,0.9263732862908957,0.8203125,1.0,0.7761194029850746,decrease,False,9
aec,broken_image,alpha,occipital,temporal,0.013111796230077744,0.1323807698042736,0.7016474533443842,0.9263732862908957,0.49609375,1.0,0.6417910447761194,increase,False,9
aec,broken_image,alpha,temporal,temporal,-0.05745222046971321,-0.6512027371187142,0.08650850891154863,0.8146834792547999,0.09765625,1.0,0.10945273631840796,decrease,False,9
aec,broken_image,beta,frontal,frontal,0.007575695868581533,0.07549305184973576,0.8265083849917365,0.9256120089425188,0.8203125,0.9066611842105263,0.8706467661691543,increase,False,9
aec,broken_image,beta,frontal,frontal_central,-0.017235994338989258,-0.31857475359539444,0.3671960120937728,0.8567906948854699,0.65234375,0.9066611842105263,0.3333333333333333,decrease,False,9
aec,broken_image,beta,frontal,central,0.0038241976872086525,0.06325145119535096,0.8542277915568853,0.9256120089425188,0.49609375,0.9066611842105263,0.9054726368159204,increase,False,9
aec,broken_image,beta,frontal,parietal,-0.010373917408287525,-0.16059189634014268,0.6428686291296992,0.9256120089425188,0.65234375,0.9066611842105263,0.6268656716417911,decrease,False,9
aec,broken_image,beta,frontal,occipital,-0.01587594673037529,-0.5327260961537199,0.14867056063590497,0.6367576445704023,0.07421875,0.6767578125,0.20398009950248755,decrease,False,9
aec,broken_image,beta,frontal,temporal,0.0049782064743340015,0.1297657156665232,0.7072141152222935,0.9256120089425188,0.734375,0.9066611842105263,0.736318407960199,increase,False,9
aec,broken_image,beta,frontal_central,frontal_central,0.006312903482466936,0.08784002719112485,0.7988102204483245,0.9256120089425188,0.5703125,0.9066611842105263,0.8258706467661692,increase,False,9
aec,broken_image,beta,frontal_central,central,0.019247958436608315,0.34032549160328424,0.33714468441196865,0.8567906948854699,0.49609375,0.9066611842105263,0.3880597014925373,increase,False,9
aec,broken_image,beta,frontal_central,parietal,0.003274235874414444,0.07238306889459044,0.8335277575378199,0.9256120089425188,0.91015625,0.9556640625,0.7960199004975125,increase,False,9
aec,broken_image,beta,frontal_central,occipital,-0.002902722917497158,-0.05083555614355425,0.8825634853625083,0.9256120089425188,0.65234375,0.9066611842105263,0.8756218905472637,decrease,False,9
aec,broken_image,beta,frontal_central,temporal,0.029645094648003578,0.5283587839287118,0.15160896299295293,0.6367576445704023,0.1640625,0.6890625,0.14427860696517414,increase,False,9
aec,broken_image,beta,central,central,0.03814990818500519,0.6269004484662315,0.09680106876254461,0.6367576445704023,0.12890625,0.6767578125,0.10945273631840796,increase,False,9
aec,broken_image,beta,central,parietal,0.02341800555586815,0.5811145045581125,0.11943579674983432,0.6367576445704023,0.12890625,0.6767578125,0.13432835820895522,increase,False,9
aec,broken_image,beta,central,occipital,-0.015312244184315205,-0.22194819800879495,0.5242411097677813,0.9256120089425188,0.8203125,0.9066611842105263,0.6019900497512438,decrease,False,9
aec,broken_image,beta,central,temporal,0.024831226095557213,0.44471989429429265,0.21887940822578286,0.7660779287902401,0.25,0.875,0.23383084577114427,increase,False,9
aec,broken_image,beta,parietal,parietal,0.025228269398212433,0.36569975417019324,0.30451991974700904,0.8567906948854699,0.30078125,0.90234375,0.30845771144278605,increase,False,9
aec,broken_image,beta,parietal,occipital,0.008755428716540337,0.19779080398377052,0.5693237087185479,0.9256120089425188,1.0,1.0,0.5671641791044776,increase,False,9
aec,broken_image,beta,parietal,temporal,-0.0010667811147868633,-0.03211690526207099,0.9256120089425188,0.9256120089425188,0.734375,0.9066611842105263,0.9502487562189055,decrease,False,9
aec,broken_image,beta,occipital,occipital,-0.004706202074885368,-0.04119544881492684,0.9046914341455223,0.9256120089425188,0.8203125,0.9066611842105263,0.9104477611940298,decrease,False,9
aec,broken_image,beta,occipital,temporal,-0.038729533553123474,-0.6819947643738801,0.07497416828733801,0.6367576445704023,0.0546875,0.6767578125,0.06467661691542288,decrease,False,9
aec,broken_image,beta,temporal,temporal,0.008863857947289944,0.14620832019665275,0.6725374449581235,0.9256120089425188,0.65234375,0.9066611842105263,0.6417910447761194,increase,False,9
aec,broken_image,gamma,frontal,frontal,0.00842849537730217,0.10951985229075573,0.7509238734215111,0.949298169090865,0.734375,0.9556640625,0.7512437810945274,increase,False,9
aec,broken_image,gamma,frontal,frontal_central,-0.002629363676533103,-0.04932067097110971,0.8860340794626217,0.949298169090865,0.91015625,0.9556640625,0.8905472636815921,decrease,False,9
aec,broken_image,gamma,frontal,central,-0.008959825150668621,-0.19511164551878962,0.5744578555404627,0.949298169090865,0.8203125,0.9556640625,0.6965174129353234,decrease,False,9
aec,broken_image,gamma,frontal,parietal,-0.003960072062909603,-0.15911139981235195,0.6458923240217458,0.949298169090865,0.65234375,0.9556640625,0.6268656716417911,decrease,False,9
aec,broken_image,gamma,frontal,occipital,0.019250985234975815,0.2482658851587859,0.47770074639734306,0.949298169090865,0.49609375,0.9556640625,0.472636815920398,increase,False,9
aec,broken_image,gamma,frontal,temporal,0.011217890307307243,0.2505646951590408,0.4737667362391923,0.949298169090865,0.734375,0.9556640625,0.5572139303482587,increase,False,9
aec,broken_image,gamma,frontal_central,frontal_central,0.00162618444301188,0.021870056042136713,0.949298169090865,0.949298169090865,0.8203125,0.9556640625,0.945273631840796,increase,False,9
aec,broken_image,gamma,frontal_central,central,0.00792650319635868,0.13829808708240218,0.6891223291438194,0.949298169090865,0.42578125,0.9556640625,0.6368159203980099,increase,False,9
aec,broken_image,gamma,frontal_central,parietal,0.016375252977013588,0.49066619461824423,0.17923491804853098,0.949298169090865,0.09765625,0.9556640625,0.15920398009950248,increase,False,9
aec,broken_image,gamma,frontal_central,occipital,-0.0011104792356491089,-0.024423202614319517,0.9433903951717165,0.949298169090865,0.91015625,0.9556640625,0.9502487562189055,decrease,False,9
aec,broken_image,gamma,frontal_central,temporal,0.04227874055504799,1.1827652922918812,0.007528136735964736,0.15809087145525946,0.01953125,0.41015625,0.009950248756218905,increase,False,9
aec,broken_image,gamma,central,central,-0.015188152901828289,-0.1597055453909953,0.6446780332031323,0.949298169090865,0.734375,0.9556640625,0.6865671641791045,decrease,False,9
aec,broken_image,gamma,central,parietal,0.00861277710646391,0.45796412053121727,0.20673657799547326,0.949298169090865,0.1640625,0.9556640625,0.18407960199004975,increase,False,9
aec,broken_image,gamma,central,occipital,-0.019095584750175476,-0.28401722400509954,0.4189601192855579,0.949298169090865,0.25,0.9556640625,0.3781094527363184,decrease,False,9
aec,broken_image,gamma,central,temporal,0.0010031192796304822,0.028177641623872984,0.9347098810891225,0.949298169090865,0.91015625,0.9556640625,0.9353233830845771,increase,False,9
aec,broken_image,gamma,parietal,parietal,0.010725859552621841,0.29085186488557724,0.4083298284960343,0.949298169090865,0.42578125,0.9556640625,0.39303482587064675,increase,False,9
aec,broken_image,gamma,parietal,occipital,0.002527826465666294,0.05678297482052656,0.8689650569160798,0.949298169090865,0.91015625,0.9556640625,0.8606965174129353,increase,False,9
aec,broken_image,gamma,parietal,temporal,0.010152035392820835,0.40493177227996846,0.25907973558914044,0.949298169090865,0.30078125,0.9556640625,0.22885572139303484,increase,False,9
aec,broken_image,gamma,occipital,occipital,-0.016788354143500328,-0.22840292706523108,0.5125734009791121,0.949298169090865,0.49609375,0.9556640625,0.5124378109452736,decrease,False,9
aec,broken_image,gamma,occipital,temporal,0.0014435257762670517,0.028036896501730628,0.9350351190175498,0.949298169090865,1.0,1.0,0.9203980099502488,increase,False,9
aec,broken_image,gamma,temporal,temporal,0.017220258712768555,0.23759286892611756,0.4962437522592341,0.949298169090865,0.42578125,0.9556640625,0.47761194029850745,increase,False,9
aec,button_delay,theta,frontal,frontal,-0.01476245652884245,-0.22620908124801622,0.5713975083803642,0.8498148879535148,0.9375,1.0,0.5174129353233831,decrease,False,7
aec,button_delay,theta,frontal,frontal_central,-0.04569040983915329,-0.40441224916746327,0.32577378073528085,0.8498148879535148,0.375,1.0,0.36318407960199006,decrease,False,7
aec,button_delay,theta,frontal,central,-0.05142659693956375,-0.42767660938818464,0.30102195169411994,0.8498148879535148,0.578125,1.0,0.3880597014925373,decrease,False,7
aec,button_delay,theta,frontal,parietal,-0.03221660852432251,-0.3521224602136817,0.3874799847564612,0.8498148879535148,0.6875,1.0,0.46766169154228854,decrease,False,7
aec,button_delay,theta,frontal,occipital,-0.011225736699998379,-0.09671164080950324,0.8065938098885543,0.8888544781452736,1.0,1.0,0.736318407960199,decrease,False,7
aec,button_delay,theta,frontal,temporal,-0.03726785257458687,-0.3771445348777483,0.3568868618170625,0.8498148879535148,0.46875,1.0,0.31343283582089554,decrease,False,7
aec,button_delay,theta,frontal_central,frontal_central,0.012194163165986538,0.1389388079855734,0.725791742027979,0.8498148879535148,0.6875,1.0,0.736318407960199,increase,False,7
aec,button_delay,theta,frontal_central,central,0.023191122338175774,0.40406697071670356,0.32615341526606056,0.8498148879535148,0.375,1.0,0.2835820895522388,increase,False,7
aec,button_delay,theta,frontal_central,parietal,-0.045106176286935806,-0.8391945022248253,0.06816979899089194,0.8498148879535148,0.109375,1.0,0.08955223880597014,decrease,False,7
aec,button_delay,theta,frontal_central,occipital,0.01300959475338459,0.208213757064799,0.6016083409184649,0.8498148879535148,0.8125,1.0,0.6119402985074627,increase,False,7
aec,button_delay,theta,frontal_central,temporal,0.013920025900006294,0.20291318038739695,0.6106791893215275,0.8498148879535148,0.296875,1.0,0.6019900497512438,increase,False,7
aec,button_delay,theta,central,central,0.04098251461982727,0.4262812582286866,0.30246080354165866,0.8498148879535148,0.375,1.0,0.3034825870646766,increase,False,7
aec,button_delay,theta,central,parietal,-0.01788513921201229,-0.2643922810375511,0.5104247896244261,0.8498148879535148,1.0,1.0,0.5771144278606966,decrease,False,7
aec,button_delay,theta,central,occipital,0.021051151677966118,0.19991078533943601,0.615851108020449,0.8498148879535148,0.6875,1.0,0.6119402985074627,increase,False,7
aec,button_delay,theta,central,temporal,0.02008827216923237,0.2998257620298001,0.4578367986698204,0.8498148879535148,0.46875,1.0,0.48258706467661694,increase,False,7
aec,button_delay,theta,parietal,parietal,0.010356975719332695,0.1471417793594168,0.7104956347515219,0.8498148879535148,0.8125,1.0,0.7064676616915423,increase,False,7
aec,button_delay,theta,parietal,occipital,0.01648305170238018,0.33683928133325275,0.4071406731644605,0.8498148879535148,0.578125,1.0,0.43781094527363185,increase,False,7
aec,button_delay,theta,parietal,temporal,-0.009980639442801476,-0.13754076943659524,0.7284127611030127,0.8498148879535148,0.6875,1.0,0.6865671641791045,decrease,False,7
aec,button_delay,theta,occipital,occipital,0.0050350213423371315,0.07638094745101964,0.8465280744240701,0.8888544781452736,1.0,1.0,0.8109452736318408,increase,False,7
aec,button_delay,theta,occipital,temporal,-0.003060653805732727,-0.023166830946949792,0.9531160660486124,0.9531160660486124,1.0,1.0,0.9253731343283582,decrease,False,7
aec,button_delay,theta,temporal,temporal,-0.03712933510541916,-0.28029989349283185,0.4863303010608353,0.8498148879535148,0.6875,1.0,0.472636815920398,decrease,False,7
aec,button_delay,alpha,frontal,frontal,0.03652689978480339,0.35679642310556803,0.38161534331883235,0.8312986828728897,0.6875,0.8980263157894737,0.3880597014925373,increase,False,7
aec,button_delay,alpha,frontal,frontal_central,0.010638241656124592,0.24082973470603736,0.5475372041688835,0.8312986828728897,0.8125,0.8980263157894737,0.5870646766169154,increase,False,7
aec,button_delay,alpha,frontal,central,-0.013514949008822441,-0.19484494158260218,0.624632470181502,0.8312986828728897,0.8125,0.8980263157894737,0.6218905472636815,decrease,False,7
aec,button_delay,alpha,frontal,parietal,-0.00019450912077445537,-0.0031999311699868966,0.9935194890398251,0.9935194890398251,0.8125,0.8980263157894737,1.0,decrease,False,7
aec,button_delay,alpha,frontal,occipital,0.015108351595699787,0.14603999891411965,0.7125417281767625,0.8312986828728897,0.8125,0.8980263157894737,0.7412935323383084,increase,False,7
aec,button_delay,alpha,frontal,temporal,0.012364127673208714,0.18620264925609387,0.6397698394181635,0.8312986828728897,0.8125,0.8980263157894737,0.6716417910447762,increase,False,7
aec,button_delay,alpha,frontal_central,frontal_central,0.020561140030622482,0.18628598554481032,0.6396229554462349,0.8312986828728897,0.8125,0.8980263157894737,0.7014925373134329,increase,False,7
aec,button_delay,alpha,frontal_central,central,-0.012642504647374153,-0.22810401489632956,0.5682698921593625,0.8312986828728897,0.6875,0.8980263157894737,0.5472636815920398,decrease,False,7
aec,button_delay,alpha,frontal_central,parietal,0.013423149473965168,0.189028315622351,0.6347991227676704,0.8312986828728897,0.578125,0.8980263157894737,0.582089552238806,increase,False,7
aec,button_delay,alpha,frontal_central,occipital,-0.0049866545014083385,-0.043063694731682,0.9130055459810514,0.9935194890398251,0.8125,0.8980263157894737,0.9154228855721394,decrease,False,7
aec,button_delay,alpha,frontal_central,temporal,-0.01193890068680048,-0.2870443581235764,0.4763527313930581,0.8312986828728897,1.0,1.0,0.5621890547263682,decrease,False,7
aec,button_delay,alpha,central,central,-0.043156228959560394,-0.39294867130207295,0.33857425004133557,0.8312986828728897,0.46875,0.8980263157894737,0.2835820895522388,decrease,False,7
aec,button_delay,alpha,central,parietal,0.009765354916453362,0.24550486116217152,0.5400405743899612,0.8312986828728897,0.8125,0.8980263157894737,0.6766169154228856,increase,False,7
aec,button_delay,alpha,central,occipital,-0.002233387203887105,-0.015741135718072237,0.9681313175480795,0.9935194890398251,0.9375,0.984375,0.9800995024875622,decrease,False,7
aec,button_delay,alpha,central,temporal,-0.011073882691562176,-0.23932276025331717,0.5499675459949767,0.8312986828728897,0.8125,0.8980263157894737,0.5671641791044776,decrease,False,7
aec,button_delay,alpha,parietal,parietal,-0.02046222984790802,-0.9031522034665225,0.054061907831871134,0.8312986828728897,0.046875,0.8980263157894737,0.04477611940298507,decrease,False,7
aec,button_delay,alpha,parietal,occipital,-0.02176751010119915,-0.265561232237321,0.5086275554253348,0.8312986828728897,0.578125,0.8980263157894737,0.6567164179104478,decrease,False,7
aec,button_delay,alpha,parietal,temporal,0.00818691961467266,0.32336762511109973,0.4250874968477405,0.8312986828728897,0.6875,0.8980263157894737,0.4577114427860697,increase,False,7
aec,button_delay,alpha,occipital,occipital,-0.07336171716451645,-0.4546016848257758,0.27437259148848625,0.8312986828728897,0.21875,0.8980263157894737,0.2835820895522388,decrease,False,7
aec,button_delay,alpha,occipital,temporal,-0.052601296454668045,-0.5162067315607582,0.22099572062229372,0.8312986828728897,0.21875,0.8980263157894737,0.22388059701492538,decrease,False,7
aec,button_delay,alpha,temporal,temporal,-0.010064464993774891,-0.1601269192998955,0.6865839020580131,0.8312986828728897,0.8125,0.8980263157894737,0.6865671641791045,decrease,False,7
aec,button_delay,beta,frontal,frontal,-0.03566717728972435,-0.9016256123757307,0.05436047529135564,0.26189426289924794,0.03125,0.1640625,0.04477611940298507,decrease,False,7
aec,button_delay,beta,frontal,frontal_central,-0.022085407748818398,-0.7715046526255742,0.08729808763308264,0.26189426289924794,0.078125,0.328125,0.04975124378109453,decrease,False,7
aec,button_delay,beta,frontal,central,-0.01376714464277029,-0.46998403701215624,0.26007883981445895,0.5271976748446494,0.296875,0.6234375000000001,0.34328358208955223,decrease,False,7
aec,button_delay,beta,frontal,parietal,-0.0027659961488097906,-0.10406452700129212,0.7922996511104302,0.8319146336659518,0.9375,0.9375,0.8059701492537313,decrease,False,7
aec,button_delay,beta,frontal,occipital,-0.018953660503029823,-0.3401292901160785,0.40284557757661626,0.6507505483929955,0.8125,0.8980263157894737,0.4577114427860697,decrease,False,7
aec,button_delay,beta,frontal,temporal,-0.012825915589928627,-0.7811624039630165,0.08426423785816657,0.26189426289924794,0.21875,0.57421875,0.10945273631840796,decrease,False,7
aec,button_delay,beta,frontal_central,frontal_central,0.004940268117934465,0.07938840562388445,0.8405858014516749,0.8405858014516749,0.8125,0.8980263157894737,0.8557213930348259,increase,False,7
aec,button_delay,beta,frontal_central,central,0.008756378665566444,0.16593481224056805,0.6760140176478869,0.8319146336659518,0.8125,0.8980263157894737,0.8756218905472637,increase,False,7
aec,button_delay,beta,frontal_central,parietal,-0.0029103809501975775,-0.10477574453607731,0.7909215786253235,0.8319146336659518,0.578125,0.8671875,0.7263681592039801,decrease,False,7
aec,button_delay,beta,frontal_central,occipital,-0.014881089329719543,-0.452736505660605,0.276151163013864,0.5271976748446494,0.296875,0.6234375000000001,0.29850746268656714,decrease,False,7
aec,button_delay,beta,frontal_central,temporal,-0.0034027020446956158,-0.12028235832907935,0.7610904722709603,0.8319146336659518,0.9375,0.9375,0.8855721393034826,decrease,False,7
aec,button_delay,beta,central,central,-0.015898851677775383,-0.21533072537622716,0.5895511286731479,0.825371580142407,0.578125,0.8671875,0.5870646766169154,decrease,False,7
aec,button_delay,beta,central,parietal,-0.009143801406025887,-0.5847766896544863,0.1727850534486801,0.4535607653027853,0.15625,0.46875,0.1890547263681592,decrease,False,7
aec,button_delay,beta,central,occipital,0.01133488118648529,0.3722103069620575,0.3627637209464675,0.6348365116563182,0.46875,0.8203125,0.4228855721393035,increase,False,7
aec,button_delay,beta,central,temporal,-0.0023864745162427425,-0.14578810900666006,0.7130099006613784,0.8319146336659518,0.8125,0.8980263157894737,0.7313432835820896,decrease,False,7
aec,button_delay,beta,parietal,parietal,-0.024333806708455086,-0.8110278945880002,0.07554529064311019,0.26189426289924794,0.109375,0.3828125,0.1044776119402985,decrease,False,7
aec,button_delay,beta,parietal,occipital,0.0102724963799119,0.3000008914689091,0.45758660546658736,0.686379908199881,0.8125,0.8980263157894737,0.5422885572139303,increase,False,7
aec,button_delay,beta,parietal,temporal,-0.0190841406583786,-0.4669426398881803,0.2628524409032122,0.5271976748446494,0.375,0.7159090909090908,0.35323383084577115,decrease,False,7
aec,button_delay,beta,occipital,occipital,-0.09533701092004776,-1.771022128995532,0.0033759342568381156,0.07089461939360044,0.015625,0.1640625,0.004975124378109453,decrease,False,7
aec,button_delay,beta,occipital,temporal,-0.036143187433481216,-1.2720143612626924,0.01512761204609034,0.15883992648394857,0.015625,0.1640625,0.01990049751243781,decrease,False,7
aec,button_delay,beta,temporal,temporal,-0.03469778224825859,-1.056659971661442,0.0313427441601413,0.21939920912098912,0.03125,0.1640625,0.01990049751243781,decrease,False,7
aec,button_delay,gamma,frontal,frontal,-0.02429674193263054,-0.3585275713846585,0.37946069176781716,0.66405621059368,0.375,0.65625,0.5024875621890548,decrease,False,7
aec,button_delay,gamma,frontal,frontal_central,-0.0055725062265992165,-0.1882580089629375,0.6361521070945424,0.8833864075347087,0.6875,0.8020833333333334,0.6965174129353234,decrease,False,7
aec,button_delay,gamma,frontal,central,-0.026171382516622543,-0.7652600407300447,0.08931857737100707,0.36201743005222414,0.109375,0.41015625,0.08955223880597014,decrease,False,7
aec,button_delay,gamma,frontal,parietal,-0.0018865641904994845,-0.07541251489480533,0.8484439446846423,0.8833864075347087,0.6875,0.8020833333333334,0.8308457711442786,decrease,False,7
aec,button_delay,gamma,frontal,occipital,-0.02294829860329628,-0.6668183400056038,0.12814206810638584,0.36201743005222414,0.21875,0.5104166666666667,0.13930348258706468,decrease,False,7
aec,button_delay,gamma,frontal,temporal,-0.005762544460594654,-0.21035258340864907,0.5979700871609503,0.8833864075347087,0.46875,0.65625,0.6467661691542289,decrease,False,7
aec,button_delay,gamma,frontal_central,frontal_central,0.04159707576036453,0.6602194961931618,0.1312744890219696,0.36201743005222414,0.046875,0.328125,0.04975124378109453,increase,False,7
aec,button_delay,gamma,frontal_central,central,-0.0033063238952308893,-0.08496502570685248,0.8295978930414464,0.8833864075347087,0.6875,0.8020833333333334,0.835820895522388,decrease,False,7
aec,button_delay,gamma,frontal_central,parietal,0.00874940026551485,0.5054829344938868,0.22956277876117526,0.4382562139986073,0.375,0.65625,0.29850746268656714,increase,False,7
aec,button_delay,gamma,frontal_central,occipital,-0.020884105935692787,-0.6581615828388848,0.13226656694895916,0.36201743005222414,0.15625,0.41015625,0.16417910447761194,decrease,False,7
aec,button_delay,gamma,frontal_central,temporal,-0.003962646704167128,-0.05914157492382695,0.8807916850685364,0.8833864075347087,0.9375,1.0,0.9104477611940298,decrease,False,7
aec,button_delay,gamma,central,central,-0.03483251482248306,-1.2257267444247724,0.017621115415478724,0.1850217118625266,0.03125,0.328125,0.07462686567164178,decrease,False,7
aec,button_delay,gamma,central,parietal,-0.009563256986439228,-0.5075285573059978,0.22790577682371782,0.4382562139986073,0.296875,0.6234375000000001,0.2537313432835821,decrease,False,7
aec,button_delay,gamma,central,occipital,-0.01927849091589451,-0.5568458759830489,0.19110662813675627,0.4382562139986073,0.15625,0.41015625,0.15920398009950248,decrease,False,7
aec,button_delay,gamma,central,temporal,-0.02454550564289093,-0.6467314112609309,0.1379114019246568,0.36201743005222414,0.15625,0.41015625,0.14925373134328357,decrease,False,7
aec,button_delay,gamma,parietal,parietal,-0.011671082116663456,-0.2375053392701106,0.5529074189420737,0.8833864075347087,0.46875,0.65625,0.5621890547263682,decrease,False,7
aec,button_delay,gamma,parietal,occipital,-0.00942601915448904,-0.7451908283653017,0.09613814933610292,0.36201743005222414,0.109375,0.41015625,0.0845771144278607,decrease,False,7
aec,button_delay,gamma,parietal,temporal,-0.004100383725017309,-0.12096873536560636,0.7597799828775095,0.8833864075347087,1.0,1.0,0.7860696517412935,decrease,False,7
aec,button_delay,gamma,occipital,occipital,-0.10387164354324341,-1.854587298362392,0.002692422169859714,0.056540865567054,0.015625,0.328125,0.009950248756218905,decrease,False,7
aec,button_delay,gamma,occipital,temporal,-0.0015762150287628174,-0.05784240569077291,0.8833864075347087,0.8833864075347087,1.0,1.0,0.9154228855721394,decrease,False,7
aec,button_delay,gamma,temporal,temporal,-0.007386264856904745,-0.13198995553437612,0.7388589535149956,0.8833864075347087,0.46875,0.65625,0.7761194029850746,decrease,False,7
aec,coupon_expired,theta,frontal,frontal,0.08480226248502731,0.6757816725258092,0.2693949358326227,0.47144113770708973,0.375,0.6057692307692307,0.3880597014925373,increase,False,4
aec,coupon_expired,theta,frontal,frontal_central,0.06324975192546844,1.7280404164239915,0.040756051433300564,0.41633569933176023,0.125,0.47727272727272724,0.12935323383084577,increase,False,4
aec,coupon_expired,theta,frontal,central,0.07537390291690826,0.8466837551867002,0.188960314936768,0.43874514979934914,0.25,0.47727272727272724,0.2935323383084577,increase,False,4
aec,coupon_expired,theta,frontal,parietal,0.06866366416215897,0.7515963940904401,0.22981888799013528,0.43874514979934914,0.25,0.47727272727272724,0.25870646766169153,increase,False,4
aec,coupon_expired,theta,frontal,occipital,0.08859799802303314,0.7611275450985283,0.22530927828398753,0.43874514979934914,0.25,0.47727272727272724,0.31343283582089554,increase,False,4
aec,coupon_expired,theta,frontal,temporal,0.11126492917537689,2.6838094628090583,0.01265776733987121,0.2658131141372954,0.125,0.47727272727272724,0.11940298507462686,increase,False,4
aec,coupon_expired,theta,frontal_central,frontal_central,0.015623234212398529,0.29049880114276455,0.6020122813951982,0.6872656065144868,1.0,1.0,0.8855721393034826,increase,False,4
aec,coupon_expired,theta,frontal_central,central,0.01815519481897354,0.2475365462948002,0.6545386728709397,0.6872656065144868,0.875,0.9671052631578947,0.7661691542288557,increase,False,4
aec,coupon_expired,theta,frontal_central,parietal,0.07609310746192932,1.244994206397928,0.08848496048212867,0.41633569933176023,0.125,0.47727272727272724,0.11940298507462686,increase,False,4
aec,coupon_expired,theta,frontal_central,occipital,0.05278383195400238,0.3557757732645876,0.5280816243895389,0.6872656065144868,0.625,0.7291666666666667,0.5472636815920398,increase,False,4
aec,coupon_expired,theta,frontal_central,temporal,0.09832634776830673,0.9254244151957413,0.1612885852234612,0.43874514979934914,0.25,0.47727272727272724,0.3034825870646766,increase,False,4
aec,coupon_expired,theta,central,central,0.02922644652426243,0.17405419649052303,0.750753419282554,0.750753419282554,1.0,1.0,0.835820895522388,increase,False,4
aec,coupon_expired,theta,central,parietal,0.032042600214481354,0.5375190951024462,0.3611229928630323,0.5416844892945485,0.625,0.7291666666666667,0.47761194029850745,increase,False,4
aec,coupon_expired,theta,central,occipital,0.11006814241409302,0.6053016005254395,0.31272403189695985,0.5051695899873967,0.375,0.6057692307692307,0.40298507462686567,increase,False,4
aec,coupon_expired,theta,central,temporal,0.06378380209207535,0.8534682950926653,0.1863730963499001,0.43874514979934914,0.25,0.47727272727272724,0.263681592039801,increase,False,4
aec,coupon_expired,theta,parietal,parietal,0.018108772113919258,0.2534130652021467,0.6471813431670814,0.6872656065144868,0.625,0.7291666666666667,0.7064676616915423,increase,False,4
aec,coupon_expired,theta,parietal,occipital,0.0859784483909607,1.382465278620106,0.06986370079964396,0.41633569933176023,0.125,0.47727272727272724,0.14925373134328357,increase,False,4
aec,coupon_expired,theta,parietal,temporal,0.01633557677268982,0.28943368358153104,0.60327844644496,0.6872656065144868,0.625,0.7291666666666667,0.6069651741293532,increase,False,4
aec,coupon_expired,theta,occipital,occipital,0.07298712432384491,0.8003896133968103,0.2077380632128467,0.43874514979934914,0.25,0.47727272727272724,0.2835820895522388,increase,False,4
aec,coupon_expired,theta,occipital,temporal,0.12302735447883606,1.1815141967095997,0.09912754745994291,0.41633569933176023,0.125,0.47727272727272724,0.15920398009950248,increase,False,4
aec,coupon_expired,theta,temporal,temporal,0.07989087700843811,0.36059364308605973,0.5229164986798439,0.6872656065144868,0.625,0.7291666666666667,0.5174129353233831,increase,False,4
aec,coupon_expired,alpha,frontal,frontal,0.04248396307229996,0.34962442395722704,0.5347351412760876,0.9936012375210923,0.625,1.0,0.5323383084577115,increase,False,4
aec,coupon_expired,alpha,frontal,frontal_central,0.0021357163786888123,0.01768823533027844,0.9740017778034717,0.9936012375210923,1.0,1.0,1.0,increase,False,4
aec,coupon_expired,alpha,frontal,central,0.014139026403427124,0.10882461158385942,0.8416656241110241,0.9936012375210923,0.875,1.0,0.8258706467661692,increase,False,4
aec,coupon_expired,alpha,frontal,parietal,0.05699124187231064,0.4651944919736402,0.42079894610996627,0.9936012375210923,0.375,1.0,0.4079601990049751,increase,False,4
aec,coupon_expired,alpha,frontal,occipital,0.10464094579219818,1.2212047370648014,0.09230165589129646,0.9691673868586129,0.25,1.0,0.2935323383084577,increase,False,4
aec,coupon_expired,alpha,frontal,temporal,0.024394437670707703,0.21763928719276654,0.6927743101413077,0.9936012375210923,0.625,1.0,0.5970149253731343,increase,False,4
aec,coupon_expired,alpha,frontal_central,frontal_central,-0.016199979931116104,-0.1839751368875279,0.737338632310051,0.9936012375210923,0.875,1.0,0.7263681592039801,decrease,False,4
aec,coupon_expired,alpha,frontal_central,central,0.00045435503125190735,0.004352350192759451,0.9936012375210923,0.9936012375210923,0.875,1.0,1.0,increase,False,4
aec,coupon_expired,alpha,frontal_central,parietal,0.04585249349474907,0.5161022149969379,0.3778990348065932,0.9936012375210923,0.375,1.0,0.4527363184079602,increase,False,4
aec,coupon_expired,alpha,frontal_central,occipital,0.0794982761144638,2.00165008857572,0.02794805082262677,0.5869090672751622,0.125,1.0,0.14427860696517414,increase,False,4
aec,coupon_expired,alpha,frontal_central,temporal,0.009743776172399521,0.07647990582479942,0.8881389884350631,0.9936012375210923,0.875,1.0,0.845771144278607,increase,False,4
aec,coupon_expired,alpha,central,central,0.019296996295452118,0.08899029918641621,0.8700778265470532,0.9936012375210923,1.0,1.0,1.0,increase,False,4
aec,coupon_expired,alpha,central,parietal,0.002971697598695755,0.02677457149240534,0.9606607827727962,0.9936012375210923,1.0,1.0,1.0,increase,False,4
aec,coupon_expired,alpha,central,occipital,0.05949607118964195,0.2686684677462993,0.6283336590805806,0.9936012375210923,0.625,1.0,0.6368159203980099,increase,False,4
aec,coupon_expired,alpha,central,temporal,0.007941240444779396,0.06882846736502586,0.8992313796535951,0.9936012375210923,0.875,1.0,1.0,increase,False,4
aec,coupon_expired,alpha,parietal,parietal,0.033593639731407166,0.3854709571983311,0.4968939832212325,0.9936012375210923,0.875,1.0,0.7562189054726368,increase,False,4
aec,coupon_expired,alpha,parietal,occipital,0.0343405082821846,0.2790527773010927,0.615716320090888,0.9936012375210923,0.625,1.0,0.6169154228855721,increase,False,4
aec,coupon_expired,alpha,parietal,temporal,0.03485248237848282,0.3439427469513926,0.5409393066369959,0.9936012375210923,0.625,1.0,0.4527363184079602,increase,False,4
aec,coupon_expired,alpha,occipital,occipital,0.007001861929893494,0.02575494793202651,0.9621571147376992,0.9936012375210923,0.875,1.0,1.0,increase,False,4
aec,coupon_expired,alpha,occipital,temporal,0.05728103965520859,0.5851404546413501,0.3263973840184468,0.9936012375210923,0.625,1.0,0.5074626865671642,increase,False,4
aec,coupon_expired,alpha,temporal,temporal,-0.03986769914627075,-0.3969413817295131,0.48526173334832945,0.9936012375210923,0.625,1.0,0.4975124378109453,decrease,False,4
aec,coupon_expired,beta,frontal,frontal,-0.0007310155779123306,-0.0153125398197356,0.9774920348328047,0.9774920348328047,0.875,0.9187500000000001,1.0,decrease,False,4
aec,coupon_expired,beta,frontal,frontal_central,-0.01185888797044754,-0.1712098506821147,0.7546217005397381,0.8803919839630279,0.875,0.9187500000000001,0.7562189054726368,decrease,False,4
aec,coupon_expired,beta,frontal,central,-0.01097843050956726,-0.442470005765683,0.4413637347392383,0.7684472431465971,0.375,0.7159090909090908,0.4129353233830846,decrease,False,4
aec,coupon_expired,beta,frontal,parietal,0.0217709019780159,1.5401097491770641,0.05412660500760391,0.3788862350532274,0.125,0.65625,0.12935323383084577,increase,False,4
aec,coupon_expired,beta,frontal,occipital,-0.02594013512134552,-0.7214376264053824,0.244752351580352,0.7342570547410561,0.375,0.7159090909090908,0.373134328358209,decrease,False,4
aec,coupon_expired,beta,frontal,temporal,-0.03404536470770836,-0.84684575576565,0.18889807771139655,0.7130445372306896,0.125,0.65625,0.12935323383084577,decrease,False,4
aec,coupon_expired,beta,frontal_central,frontal_central,0.0076710013672709465,0.07296408142781552,0.8932318406720181,0.9378934327056191,1.0,1.0,1.0,increase,False,4
aec,coupon_expired,beta,frontal_central,central,-0.010394947603344917,-0.5445799520040092,0.3557525002893214,0.7684472431465971,0.375,0.7159090909090908,0.35323383084577115,decrease,False,4
aec,coupon_expired,beta,frontal_central,parietal,0.011857520788908005,0.21622169658689247,0.6946196226757149,0.8580595338935301,0.875,0.9187500000000001,0.746268656716418,increase,False,4
aec,coupon_expired,beta,frontal_central,occipital,-0.012137524783611298,-0.3313111017887088,0.5549331914601349,0.7684472431465971,0.625,0.875,0.582089552238806,decrease,False,4
aec,coupon_expired,beta,frontal_central,temporal,-0.0070053283125162125,-0.3404162183116943,0.5448183040340265,0.7684472431465971,0.625,0.875,0.5472636815920398,decrease,False,4
aec,coupon_expired,beta,central,central,0.006029898300766945,0.10524029311615096,0.8467779143578059,0.9359124316586276,0.875,0.9187500000000001,0.8905472636815921,increase,False,4
aec,coupon_expired,beta,central,parietal,0.03256215527653694,1.6531143639548826,0.045520487709973155,0.3788862350532274,0.125,0.65625,0.12437810945273632,increase,False,4
aec,coupon_expired,beta,central,occipital,-0.006437317468225956,-0.3045518345750324,0.5854836138259787,0.7684472431465971,0.625,0.875,0.5870646766169154,decrease,False,4
aec,coupon_expired,beta,central,temporal,-0.05790740251541138,-1.0980384461579966,0.1155951672113704,0.6068746278596947,0.25,0.7159090909090908,0.22885572139303484,decrease,False,4
aec,coupon_expired,beta,parietal,parietal,-0.01751786842942238,-0.3810358675212071,0.5014536678221783,0.7684472431465971,0.875,0.9187500000000001,0.6268656716417911,decrease,False,4
aec,coupon_expired,beta,parietal,occipital,-0.017100851982831955,-0.5557649819459517,0.34740524855998794,0.7684472431465971,0.375,0.7159090909090908,0.373134328358209,decrease,False,4
aec,coupon_expired,beta,parietal,temporal,-0.03667330741882324,-1.6480986887017999,0.04586409057349808,0.3788862350532274,0.125,0.65625,0.13432835820895522,decrease,False,4
aec,coupon_expired,beta,occipital,occipital,-0.0941510796546936,-0.5212147256901395,0.373827255823005,0.7684472431465971,0.375,0.7159090909090908,0.3482587064676617,decrease,False,4
aec,coupon_expired,beta,occipital,temporal,-0.023943472653627396,-0.8098718045465292,0.2037270106373399,0.7130445372306896,0.25,0.7159090909090908,0.26865671641791045,decrease,False,4
aec,coupon_expired,beta,temporal,temporal,0.013058846816420555,0.4018177997691778,0.48038647127871864,0.7684472431465971,0.625,0.875,0.46766169154228854,increase,False,4
aec,coupon_expired,gamma,frontal,frontal,-0.002306181937456131,-0.0449215460161683,0.9340740843993013,0.9869971637122169,1.0,1.0,1.0,decrease,False,4
aec,coupon_expired,gamma,frontal,frontal_central,0.0013275183737277985,0.04448629711383002,0.9347105676260867,0.9869971637122169,0.875,1.0,1.0,increase,False,4
aec,coupon_expired,gamma,frontal,central,-0.0027707554399967194,-0.07988988465375838,0.8832063504830612,0.9869971637122169,1.0,1.0,1.0,decrease,False,4
aec,coupon_expired,gamma,frontal,parietal,-0.023071374744176865,-0.6033696463902325,0.31400859900811506,0.7326867310189352,0.25,0.65625,0.21890547263681592,decrease,False,4
aec,coupon_expired,gamma,frontal,occipital,-0.0038537606596946716,-0.13010391563451515,0.8115406927620951,0.9869971637122169,0.875,1.0,0.8756218905472637,decrease,False,4
aec,coupon_expired,gamma,frontal,temporal,-0.012078732252120972,-0.4149721424123921,0.46744342492300495,0.9816311923383104,0.375,0.7875000000000001,0.3333333333333333,decrease,False,4
aec,coupon_expired,gamma,frontal_central,frontal_central,-0.00517312902957201,-0.1041498464904,0.8483352350060996,0.9869971637122169,0.875,1.0,0.8507462686567164,decrease,False,4
aec,coupon_expired,gamma,frontal_central,central,-0.043071288615465164,-1.2531280546095294,0.08722454079414031,0.37920569422498074,0.125,0.4375,0.14925373134328357,decrease,False,4
aec,coupon_expired,gamma,frontal_central,parietal,0.007164252921938896,0.13608812380409474,0.8031440298180709,0.9869971637122169,0.875,1.0,0.9253731343283582,increase,False,4
aec,coupon_expired,gamma,frontal_central,occipital,-0.033868707716464996,-1.2054896209678736,0.09493360007816427,0.37920569422498074,0.125,0.4375,0.0945273631840796,decrease,False,4
aec,coupon_expired,gamma,frontal_central,temporal,-0.00038413703441619873,-0.008844815997929637,0.9869971637122169,0.9869971637122169,1.0,1.0,1.0,decrease,False,4
aec,coupon_expired,gamma,central,central,-0.0013952720910310745,-0.010833084504434218,0.9840747688974896,0.9869971637122169,0.875,1.0,1.0,decrease,False,4
aec,coupon_expired,gamma,central,parietal,0.02000739797949791,0.3641687809734711,0.5191099675027332,0.9869971637122169,0.625,1.0,0.5223880597014925,increase,False,4
aec,coupon_expired,gamma,central,occipital,0.023482268676161766,0.6181527804159485,0.3043146652578708,0.7326867310189352,0.375,0.7875000000000001,0.4427860696517413,increase,False,4
aec,coupon_expired,gamma,central,temporal,-0.002927983645349741,-0.0694426053685179,0.8983398754387906,0.9869971637122169,1.0,1.0,0.845771144278607,decrease,False,4
aec,coupon_expired,gamma,parietal,parietal,-0.019148025661706924,-1.1328980126126307,0.10834448406428021,0.37920569422498074,0.125,0.4375,0.1691542288557214,decrease,False,4
aec,coupon_expired,gamma,parietal,occipital,-0.004171102307736874,-1.849638254587822,0.034295171364282284,0.360099299324964,0.125,0.4375,0.13432835820895522,decrease,False,4
aec,coupon_expired,gamma,parietal,temporal,-0.022933395579457283,-0.8075227302351973,0.20471256866896703,0.6141377060069011,0.25,0.65625,0.23383084577114427,decrease,False,4
aec,coupon_expired,gamma,occipital,occipital,-0.021721718832850456,-0.22631596402602905,0.6815422204153064,0.9869971637122169,0.875,1.0,0.7412935323383084,decrease,False,4
aec,coupon_expired,gamma,occipital,temporal,-0.0563080757856369,-2.2013085714595295,0.021728621775320194,0.360099299324964,0.125,0.4375,0.14925373134328357,decrease,False,4
aec,coupon_expired,gamma,temporal,temporal,-0.09655972570180893,-1.3271938572986521,0.07670551407885408,0.37920569422498074,0.125,0.4375,0.13930348258706468,decrease,False,4
aec,coupon_min_spend,theta,frontal,frontal,0.011009360663592815,0.18901784786823037,0.5862322890549687,0.9547848765292726,0.734375,0.9066611842105263,0.6318407960199005,increase,False,9
aec,coupon_min_spend,theta,frontal,frontal_central,-0.003661154070869088,-0.04771260864473129,0.8897209636039628,0.9547848765292726,1.0,1.0,0.8955223880597015,decrease,False,9
aec,coupon_min_spend,theta,frontal,central,0.03157467767596245,0.29497450494884614,0.4020112728470181,0.9547848765292726,0.42578125,0.9066611842105263,0.417910447761194,increase,False,9
aec,coupon_min_spend,theta,frontal,parietal,0.02440064586699009,0.2840488653994709,0.41891051564375026,0.9547848765292726,0.65234375,0.9066611842105263,0.472636815920398,increase,False,9
aec,coupon_min_spend,theta,frontal,occipital,0.023585878312587738,0.1701269365342302,0.6235656167797792,0.9547848765292726,0.8203125,0.9066611842105263,0.6218905472636815,increase,False,9
aec,coupon_min_spend,theta,frontal,temporal,0.007061529438942671,0.09451838341287576,0.7839511056408266,0.9547848765292726,0.734375,0.9066611842105263,0.8308457711442786,increase,False,9
aec,coupon_min_spend,theta,frontal_central,frontal_central,-0.003957147244364023,-0.05851980861002723,0.865002386751792,0.9547848765292726,0.8203125,0.9066611842105263,0.835820895522388,decrease,False,9
aec,coupon_min_spend,theta,frontal_central,central,0.027468401938676834,0.33376436785090097,0.3460052858571736,0.9547848765292726,0.49609375,0.9066611842105263,0.35323383084577115,increase,False,9
aec,coupon_min_spend,theta,frontal_central,parietal,0.022555526345968246,0.2448863507423833,0.48352278440457375,0.9547848765292726,0.8203125,0.9066611842105263,0.417910447761194,increase,False,9
aec,coupon_min_spend,theta,frontal_central,occipital,0.027911415323615074,0.24202171203138728,0.488493804243193,0.9547848765292726,0.734375,0.9066611842105263,0.4577114427860697,increase,False,9
aec,coupon_min_spend,theta,frontal_central,temporal,0.010107992216944695,0.16704453529620777,0.6297729444431961,0.9547848765292726,0.49609375,0.9066611842105263,0.6119402985074627,increase,False,9
aec,coupon_min_spend,theta,central,central,0.046066757291555405,0.24722373812878448,0.47949121366395,0.9547848765292726,0.49609375,0.9066611842105263,0.48258706467661694,increase,False,9
aec,coupon_min_spend,theta,central,parietal,0.017998989671468735,0.176303742169415,0.6112230847861897,0.9547848765292726,0.8203125,0.9066611842105263,0.5920398009950248,increase,False,9
aec,coupon_min_spend,theta,central,occipital,-0.004317617975175381,-0.025547614525393295,0.9407897033845707,0.9547848765292726,0.734375,0.9066611842105263,0.9303482587064676,decrease,False,9
aec,coupon_min_spend,theta,central,temporal,0.06896606087684631,0.7689687930820591,0.04992961645066876,0.9547848765292726,0.0546875,0.9066611842105263,0.06965174129353234,increase,False,9
aec,coupon_min_spend,theta,parietal,parietal,0.037304434925317764,0.35421735096502,0.3189620523994363,0.9547848765292726,0.359375,0.9066611842105263,0.3582089552238806,increase,False,9
aec,coupon_min_spend,theta,parietal,occipital,0.013497473672032356,0.10456919035124289,0.7617669362803596,0.9547848765292726,0.8203125,0.9066611842105263,0.7263681592039801,increase,False,9
aec,coupon_min_spend,theta,parietal,temporal,0.0014511181507259607,0.019500150792302332,0.9547848765292726,0.9547848765292726,0.8203125,0.9066611842105263,0.9601990049751243,increase,False,9
aec,coupon_min_spend,theta,occipital,occipital,0.017285287380218506,0.1338122751801755,0.6986083479098883,0.9547848765292726,0.8203125,0.9066611842105263,0.6716417910447762,increase,False,9
aec,coupon_min_spend,theta,occipital,temporal,0.014571268111467361,0.1535537511796124,0.6573053584114421,0.9547848765292726,1.0,1.0,0.6169154228855721,increase,False,9
aec,coupon_min_spend,theta,temporal,temporal,0.042176440358161926,0.40416621557897064,0.2599100041209088,0.9547848765292726,0.359375,0.9066611842105263,0.18407960199004975,increase,False,9
aec,coupon_min_spend,alpha,frontal,frontal,0.08199413865804672,0.6481495223126386,0.08774142295396624,0.14319635703975317,0.1640625,0.2026654411764706,0.08955223880597014,increase,False,9
aec,coupon_min_spend,alpha,frontal,frontal_central,0.06988269835710526,1.1094007495479872,0.010412214288264412,0.10932825002677633,0.01171875,0.123046875,0.004975124378109453,increase,False,9
aec,coupon_min_spend,alpha,frontal,central,0.08407669514417648,1.1345884609923915,0.009308510638773347,0.10932825002677633,0.01953125,0.13671875,0.024875621890547265,increase,False,9
aec,coupon_min_spend,alpha,frontal,parietal,0.06613713502883911,0.6349335622680705,0.09327554445086098,0.14319635703975317,0.09765625,0.1708984375,0.1044776119402985,increase,False,9
aec,coupon_min_spend,alpha,frontal,occipital,0.10768777132034302,0.8212464314672613,0.03909019135853656,0.14319635703975317,0.0390625,0.1640625,0.05472636815920398,increase,False,9
aec,coupon_min_spend,alpha,frontal,temporal,0.06117894873023033,0.7600739320352816,0.052053303366399684,0.14319635703975317,0.07421875,0.1708984375,0.06467661691542288,increase,False,9
aec,coupon_min_spend,alpha,frontal_central,frontal_central,0.06522009521722794,0.5673078956079353,0.12718199475242775,0.15540968329010896,0.09765625,0.1708984375,0.11442786069651742,increase,False,9
aec,coupon_min_spend,alpha,frontal_central,central,0.02893172949552536,0.4261281630721297,0.2369531457284951,0.24880080301491986,0.25,0.2763157894736842,0.263681592039801,increase,False,9
aec,coupon_min_spend,alpha,frontal_central,parietal,0.06949362903833389,0.6149470161784145,0.10228311217125227,0.14319635703975317,0.12890625,0.193359375,0.06467661691542288,increase,False,9
aec,coupon_min_spend,alpha,frontal_central,occipital,0.09112897515296936,0.7310063838882612,0.059639596397594925,0.14319635703975317,0.07421875,0.1708984375,0.08955223880597014,increase,False,9
aec,coupon_min_spend,alpha,frontal_central,temporal,0.0639207735657692,0.819026197179093,0.039498308802123676,0.14319635703975317,0.0546875,0.1708984375,0.03482587064676617,increase,False,9
aec,coupon_min_spend,alpha,central,central,0.037811268121004105,0.24323832724408442,0.4863786423454852,0.4863786423454852,0.734375,0.734375,0.4427860696517413,increase,False,9
aec,coupon_min_spend,alpha,central,parietal,0.07638055086135864,0.6263483341541803,0.09704796221839554,0.14319635703975317,0.25,0.2763157894736842,0.0945273631840796,increase,False,9
aec,coupon_min_spend,alpha,central,occipital,0.08774816989898682,0.6498411604343705,0.08705623766867014,0.14319635703975317,0.1640625,0.2026654411764706,0.0845771144278607,increase,False,9
aec,coupon_min_spend,alpha,central,temporal,0.053258925676345825,0.6756727652831418,0.07721354156967514,0.14319635703975317,0.09765625,0.1708984375,0.12935323383084577,increase,False,9
aec,coupon_min_spend,alpha,parietal,parietal,0.07976970076560974,0.5996768093287386,0.10971544912404115,0.14400152697530402,0.1640625,0.2026654411764706,0.11442786069651742,increase,False,9
aec,coupon_min_spend,alpha,parietal,occipital,0.11056210100650787,0.7752896635487483,0.04847325325434247,0.14319635703975317,0.0390625,0.1640625,0.029850746268656716,increase,False,9
aec,coupon_min_spend,alpha,parietal,temporal,0.0713888555765152,0.6651943264414876,0.08106902252673254,0.14319635703975317,0.09765625,0.1708984375,0.07960199004975124,increase,False,9
aec,coupon_min_spend,alpha,occipital,occipital,0.06373793631792068,0.5570970095261908,0.13320829996295053,0.15540968329010896,0.12890625,0.193359375,0.17412935323383086,increase,False,9
aec,coupon_min_spend,alpha,occipital,temporal,0.09211103618144989,0.9122499460758967,0.02557743534858112,0.14319635703975317,0.00390625,0.08203125,0.009950248756218905,increase,False,9
aec,coupon_min_spend,alpha,temporal,temporal,0.05095667764544487,0.5164010081554408,0.15992618608763465,0.1767605214652804,0.359375,0.37734375000000003,0.16417910447761194,increase,False,9
aec,coupon_min_spend,beta,frontal,frontal,0.0014768756227567792,0.02005394805825782,0.9535025142502178,0.9535025142502178,1.0,1.0,0.9651741293532339,increase,False,9
aec,coupon_min_spend,beta,frontal,frontal_central,0.0011906963773071766,0.03146573869491922,0.9271151026215005,0.9535025142502178,1.0,1.0,0.945273631840796,increase,False,9
aec,coupon_min_spend,beta,frontal,central,0.031225016340613365,0.6349418377520778,0.09327195879480402,0.5888346584053542,0.0390625,0.41015625,0.05970149253731343,increase,False,9
aec,coupon_min_spend,beta,frontal,parietal,-0.004718301352113485,-0.07880034005677257,0.8190618921950938,0.9535025142502178,0.49609375,0.9470880681818181,0.845771144278607,decrease,False,9
aec,coupon_min_spend,beta,frontal,occipital,-0.004433745983988047,-0.04388701355535428,0.8985034071051929,0.9535025142502178,0.12890625,0.6767578125,0.9950248756218906,decrease,False,9
aec,coupon_min_spend,beta,frontal,temporal,0.00478504179045558,0.11229848024745662,0.7448635933939398,0.9535025142502178,0.91015625,1.0,0.7661691542288557,increase,False,9
aec,coupon_min_spend,beta,frontal_central,frontal_central,0.010388725437223911,0.25738241945261947,0.46222542943919775,0.9535025142502178,0.49609375,0.9470880681818181,0.4975124378109453,increase,False,9
aec,coupon_min_spend,beta,frontal_central,central,0.029545895755290985,1.2913390532444011,0.0047144852260763296,0.09900418974760293,0.00390625,0.08203125,0.009950248756218905,increase,False,9
aec,coupon_min_spend,beta,frontal_central,parietal,0.013920504599809647,0.44225572511606265,0.2212051033006725,0.7742178615523538,0.25,0.75,0.1890547263681592,increase,False,9
aec,coupon_min_spend,beta,frontal_central,occipital,-0.006675899960100651,-0.12310482681811388,0.7214771926267851,0.9535025142502178,0.5703125,0.9638671875,0.7263681592039801,decrease,False,9
aec,coupon_min_spend,beta,frontal_central,temporal,0.018107689917087555,0.33601694280112715,0.34294340488552005,0.9002264378244902,0.65234375,0.9638671875,0.373134328358209,increase,False,9
aec,coupon_min_spend,beta,central,central,0.021829724311828613,0.4751465482234121,0.1918573947142408,0.7742178615523538,0.203125,0.7109375,0.19402985074626866,increase,False,9
aec,coupon_min_spend,beta,central,parietal,0.005620951298624277,0.10324916577737926,0.7646676646688395,0.9535025142502178,0.8203125,1.0,0.7611940298507462,increase,False,9
aec,coupon_min_spend,beta,central,occipital,0.00597032718360424,0.103631510785257,0.7638270479419674,0.9535025142502178,0.91015625,1.0,0.7661691542288557,increase,False,9
aec,coupon_min_spend,beta,central,temporal,0.013829167932271957,0.5948693281378623,0.11215898255340079,0.5888346584053542,0.1640625,0.6890625,0.15422885572139303,increase,False,9
aec,coupon_min_spend,beta,parietal,parietal,-0.008234238252043724,-0.13951095816603154,0.6865675070069338,0.9535025142502178,0.734375,0.9638671875,0.6766169154228856,decrease,False,9
aec,coupon_min_spend,beta,parietal,occipital,0.03134330362081528,0.3562087119584643,0.3164195952260761,0.9002264378244902,0.42578125,0.9470880681818181,0.36318407960199006,increase,False,9
aec,coupon_min_spend,beta,parietal,temporal,0.0011519169202074409,0.022598312426380465,0.9476126774671426,0.9535025142502178,0.49609375,0.9470880681818181,0.9402985074626866,increase,False,9
aec,coupon_min_spend,beta,occipital,occipital,-0.03371720016002655,-0.2651686748645525,0.449276204699411,0.9535025142502178,0.65234375,0.9638671875,0.4975124378109453,decrease,False,9
aec,coupon_min_spend,beta,occipital,temporal,0.02177845686674118,0.692207681066581,0.0714894547264622,0.5888346584053542,0.09765625,0.6767578125,0.0945273631840796,increase,False,9
aec,coupon_min_spend,beta,temporal,temporal,0.010129435919225216,0.23316152811628743,0.5040761610106083,0.9535025142502178,0.734375,0.9638671875,0.5373134328358209,increase,False,9
aec,coupon_min_spend,gamma,frontal,frontal,0.0030027064494788647,0.05734638478266032,0.8676791664201062,0.9629302470596175,0.91015625,1.0,0.8805970149253731,increase,False,9
aec,coupon_min_spend,gamma,frontal,frontal_central,-0.0027223611250519753,-0.055508347523473764,0.8718756717255163,0.9629302470596175,0.91015625,1.0,0.835820895522388,decrease,False,9
aec,coupon_min_spend,gamma,frontal,central,0.015121059492230415,0.33418556604846733,0.34543116507559984,0.9629302470596175,0.359375,1.0,0.3681592039800995,increase,False,9
aec,coupon_min_spend,gamma,frontal,parietal,0.005601621698588133,0.15590615524920481,0.6524626153511639,0.9629302470596175,0.734375,1.0,0.7014925373134329,increase,False,9
aec,coupon_min_spend,gamma,frontal,occipital,0.021037094295024872,0.30904802466889064,0.380972239231691,0.9629302470596175,0.5703125,1.0,0.35323383084577115,increase,False,9
aec,coupon_min_spend,gamma,frontal,temporal,0.02939518541097641,0.8669908843640713,0.03157004894629018,0.3314855139360469,0.02734375,0.57421875,0.01990049751243781,increase,False,9
aec,coupon_min_spend,gamma,frontal_central,frontal_central,-0.005841634701937437,-0.06327656889142502,0.8541707093420801,0.9629302470596175,0.65234375,1.0,0.8557213930348259,decrease,False,9
aec,coupon_min_spend,gamma,frontal_central,central,0.0232382919639349,0.4154671307451693,0.24787549686622665,0.9629302470596175,0.42578125,1.0,0.21393034825870647,increase,False,9
aec,coupon_min_spend,gamma,frontal_central,parietal,0.00834495760500431,0.19569139886857922,0.5733445909139985,0.9629302470596175,1.0,1.0,0.7313432835820896,increase,False,9
aec,coupon_min_spend,gamma,frontal_central,occipital,-0.020742863416671753,-0.42471621036460244,0.23837599900640785,0.9629302470596175,0.30078125,1.0,0.21393034825870647,decrease,False,9
aec,coupon_min_spend,gamma,frontal_central,temporal,0.00043071515392512083,0.00896642570966555,0.9791989539267263,0.9791989539267263,1.0,1.0,0.9900497512437811,increase,False,9
aec,coupon_min_spend,gamma,central,central,0.013720868155360222,0.14513839166884324,0.6747698691355417,0.9629302470596175,0.8203125,1.0,0.6218905472636815,increase,False,9
aec,coupon_min_spend,gamma,central,parietal,0.013326949439942837,0.36353846739018775,0.3071980056452812,0.9629302470596175,0.49609375,1.0,0.34328358208955223,increase,False,9
aec,coupon_min_spend,gamma,central,occipital,0.03954332694411278,0.9119847990695906,0.025608905899142543,0.3314855139360469,0.0546875,0.57421875,0.04477611940298507,increase,False,9
aec,coupon_min_spend,gamma,central,temporal,0.0019171792082488537,0.03581728969980054,0.9170764257710642,0.9629302470596175,1.0,1.0,0.8955223880597015,increase,False,9
aec,coupon_min_spend,gamma,parietal,parietal,-0.009179904125630856,-0.1399229346663925,0.6857006633794975,0.9629302470596175,0.25,1.0,0.7711442786069652,decrease,False,9
aec,coupon_min_spend,gamma,parietal,occipital,0.006596365012228489,0.18135290336366408,0.6012308181514122,0.9629302470596175,0.65234375,1.0,0.572139303482587,increase,False,9
aec,coupon_min_spend,gamma,parietal,temporal,0.007072338834404945,0.206390529688478,0.5530228577479692,0.9629302470596175,0.91015625,1.0,0.5223880597014925,increase,False,9
aec,coupon_min_spend,gamma,occipital,occipital,-0.022493558004498482,-0.1985848028823503,0.5678072469334206,0.9629302470596175,0.5703125,1.0,0.5970149253731343,decrease,False,9
aec,coupon_min_spend,gamma,occipital,temporal,-0.0035761776380240917,-0.0643824242093943,0.8516571657322839,0.9629302470596175,0.91015625,1.0,0.8656716417910447,decrease,False,9
aec,coupon_min_spend,gamma,temporal,temporal,-0.005775885656476021,-0.10294496323451836,0.7653367693970852,0.9629302470596175,1.0,1.0,0.7412935323383084,decrease,False,9
aec,facet_reset_once,theta,frontal,frontal,0.0740230455994606,0.7221388712040187,0.10462086021431007,0.3138625806429302,0.109375,0.41015625,0.11940298507462686,increase,False,7
aec,facet_reset_once,theta,frontal,frontal_central,0.045209579169750214,0.4443243765739469,0.28429649201144475,0.42307058089594896,0.375,0.6057692307692307,0.26865671641791045,increase,False,7
aec,facet_reset_once,theta,frontal,central,0.05836768075823784,0.3644744515944654,0.37213132273496485,0.4884223610896414,0.8125,0.8980263157894737,0.43781094527363185,increase,False,7
aec,facet_reset_once,theta,frontal,parietal,0.09326964616775513,0.9391794986022255,0.04749322513201373,0.3138625806429302,0.015625,0.328125,0.01990049751243781,increase,False,7
aec,facet_reset_once,theta,frontal,occipital,0.12898513674736023,0.7752502127236619,0.08610849985433768,0.3138625806429302,0.078125,0.41015625,0.03980099502487562,increase,False,7
aec,facet_reset_once,theta,frontal,temporal,0.1009361743927002,0.683189001101321,0.12068416207223336,0.3167959254396126,0.15625,0.41015625,0.13930348258706468,increase,False,7
aec,facet_reset_once,theta,frontal_central,frontal_central,-0.013803140260279179,-0.09281645951995632,0.8141998489233231,0.8141998489233231,0.6875,0.8980263157894737,0.7960199004975125,decrease,False,7
aec,facet_reset_once,theta,frontal_central,central,0.03306625410914421,0.30447890471264427,0.45122416324361236,0.5573945545950506,0.8125,0.8980263157894737,0.572139303482587,increase,False,7
aec,facet_reset_once,theta,frontal_central,parietal,0.05891912430524826,0.8361215632277165,0.06893704225309291,0.3138625806429302,0.15625,0.41015625,0.0845771144278607,increase,False,7
aec,facet_reset_once,theta,frontal_central,occipital,0.023175517097115517,0.1574319465766968,0.6915152633074375,0.7643063436555888,1.0,1.0,0.7014925373134329,increase,False,7
aec,facet_reset_once,theta,frontal_central,temporal,0.05807441845536232,0.4703134946115449,0.2597799107681914,0.4196444712409246,0.296875,0.5667613636363636,0.2736318407960199,increase,False,7
aec,facet_reset_once,theta,central,central,0.060339100658893585,0.4969058140631581,0.2366285373158974,0.4196444712409246,0.296875,0.5667613636363636,0.21890547263681592,increase,False,7
aec,facet_reset_once,theta,central,parietal,0.025324003770947456,0.2004797268175167,0.6148691444771486,0.71734733522334,0.8125,0.8980263157894737,0.6616915422885572,increase,False,7
aec,facet_reset_once,theta,central,occipital,0.027510304003953934,0.120809606370655,0.7600836914089848,0.7980878759794341,0.9375,0.984375,0.7064676616915423,increase,False,7
aec,facet_reset_once,theta,central,temporal,0.0595398023724556,0.4265403091709312,0.30219327206853497,0.42307058089594896,0.375,0.6057692307692307,0.36318407960199006,increase,False,7
aec,facet_reset_once,theta,parietal,parietal,0.08393098413944244,0.7228488345066731,0.10434876032515254,0.3138625806429302,0.21875,0.5104166666666667,0.17412935323383086,increase,False,7
aec,facet_reset_once,theta,parietal,occipital,0.08488833904266357,0.47519773026825507,0.2553838076728717,0.4196444712409246,0.46875,0.65625,0.2736318407960199,increase,False,7
aec,facet_reset_once,theta,parietal,temporal,0.08295568078756332,0.6063155642183423,0.15980035360764333,0.3728674917511678,0.15625,0.41015625,0.19900497512437812,increase,False,7
aec,facet_reset_once,theta,occipital,occipital,0.06837087869644165,0.7882185816242826,0.08211563507921088,0.3138625806429302,0.078125,0.41015625,0.04975124378109453,increase,False,7
aec,facet_reset_once,theta,occipital,temporal,0.11736513674259186,0.49102147888604764,0.24158777319992372,0.4196444712409246,0.46875,0.65625,0.29850746268656714,increase,False,7
aec,facet_reset_once,theta,temporal,temporal,0.13338296115398407,0.7227333731473379,0.10439295530660524,0.3138625806429302,0.109375,0.41015625,0.10945273631840796,increase,False,7
aec,facet_reset_once,alpha,frontal,frontal,0.022423798218369484,0.19028821572606114,0.6325894116091482,0.9421934181344138,1.0,1.0,0.7711442786069652,increase,False,7
aec,facet_reset_once,alpha,frontal,frontal_central,0.02384563721716404,0.2808690421655675,0.485482838597019,0.9421934181344138,0.8125,1.0,0.4925373134328358,increase,False,7
aec,facet_reset_once,alpha,frontal,central,0.02143649384379387,0.19786932952679895,0.6193815875674554,0.9421934181344138,0.8125,1.0,0.6268656716417911,increase,False,7
aec,facet_reset_once,alpha,frontal,parietal,0.02087917923927307,0.16726970350536252,0.6735958929974397,0.9421934181344138,0.6875,1.0,0.945273631840796,increase,False,7
aec,facet_reset_once,alpha,frontal,occipital,0.03635682538151741,0.4753922268460558,0.255210088711325,0.9421934181344138,0.296875,1.0,0.263681592039801,increase,False,7
aec,facet_reset_once,alpha,frontal,temporal,0.037444572895765305,0.6228739135785717,0.1504559433380081,0.9421934181344138,0.15625,1.0,0.16417910447761194,increase,False,7
aec,facet_reset_once,alpha,frontal_central,frontal_central,0.013720154762268066,0.11427505952432612,0.7725973460607872,0.9421934181344138,0.8125,1.0,0.7014925373134329,increase,False,7
aec,facet_reset_once,alpha,frontal_central,central,0.012866780161857605,0.12750259745146528,0.7473488251253431,0.9421934181344138,0.578125,1.0,0.7213930348258707,increase,False,7
aec,facet_reset_once,alpha,frontal_central,parietal,-0.00023142567079048604,-0.0038016235840225023,0.9923010193068599,0.9923010193068599,1.0,1.0,1.0,decrease,False,7
aec,facet_reset_once,alpha,frontal_central,occipital,-0.01682695746421814,-0.20979606955932223,0.5989155002335378,0.9421934181344138,0.8125,1.0,0.5223880597014925,decrease,False,7
aec,facet_reset_once,alpha,frontal_central,temporal,0.04248718172311783,0.9275092599857552,0.049523866445996635,0.9421934181344138,0.078125,1.0,0.06965174129353234,increase,False,7
aec,facet_reset_once,alpha,central,central,-0.032701972872018814,-0.2938924783852365,0.46636800133169765,0.9421934181344138,0.46875,1.0,0.43781094527363185,decrease,False,7
aec,facet_reset_once,alpha,central,parietal,-0.005584463477134705,-0.06687401896848634,0.8653832478184287,0.9421934181344138,0.9375,1.0,0.8606965174129353,decrease,False,7
aec,facet_reset_once,alpha,central,occipital,-0.01230979710817337,-0.13334860142720534,0.7362963234248792,0.9421934181344138,1.0,1.0,0.7562189054726368,decrease,False,7
aec,facet_reset_once,alpha,central,temporal,-0.00572177255526185,-0.06996307947922094,0.8592453352008713,0.9421934181344138,1.0,1.0,0.845771144278607,decrease,False,7
aec,facet_reset_once,alpha,parietal,parietal,0.012246707454323769,0.10258802580340176,0.7951631329278357,0.9421934181344138,1.0,1.0,0.8507462686567164,increase,False,7
aec,facet_reset_once,alpha,parietal,occipital,-0.005837619304656982,-0.05087538567877153,0.8973270648899179,0.9421934181344138,0.46875,1.0,0.9402985074626866,decrease,False,7
aec,facet_reset_once,alpha,parietal,temporal,0.013291816227138042,0.3016006819777498,0.4553063788064917,0.9421934181344138,0.46875,1.0,0.472636815920398,increase,False,7
aec,facet_reset_once,alpha,occipital,occipital,0.040826160460710526,0.5662576804577091,0.18473903586129584,0.9421934181344138,0.15625,1.0,0.1044776119402985,increase,False,7
aec,facet_reset_once,alpha,occipital,temporal,0.04385128617286682,0.6219082466313653,0.15098615562275888,0.9421934181344138,0.296875,1.0,0.17412935323383086,increase,False,7
aec,facet_reset_once,alpha,temporal,temporal,-0.02556605450809002,-0.4557943984809145,0.2732403855200795,0.9421934181344138,0.296875,1.0,0.3283582089552239,decrease,False,7
aec,facet_reset_once,beta,frontal,frontal,0.0022815519478172064,0.055798061324443336,0.8874725515660046,0.9808907148887419,1.0,1.0,0.8756218905472637,increase,False,7
aec,facet_reset_once,beta,frontal,frontal_central,-0.009036228060722351,-0.29194680768151493,0.46918977990703115,0.9774786026324834,0.46875,0.8948863636363636,0.4427860696517413,decrease,False,7
aec,facet_reset_once,beta,frontal,central,-0.01763230375945568,-1.1423138980953405,0.023328576115038167,0.24495004920790076,0.03125,0.328125,0.03482587064676617,decrease,False,7
aec,facet_reset_once,beta,frontal,parietal,0.000697365845553577,0.01481304254270851,0.9700091287097946,0.9879267837132203,1.0,1.0,0.9800995024875622,increase,False,7
aec,facet_reset_once,beta,frontal,occipital,-0.02610887959599495,-0.6223930361601613,0.15071978103580586,0.7912788504379807,0.109375,0.57421875,0.15422885572139303,decrease,False,7
aec,facet_reset_once,beta,frontal,temporal,-0.01812959648668766,-0.7649691484581701,0.08941380309213784,0.625896621644965,0.109375,0.57421875,0.11442786069651742,decrease,False,7
aec,facet_reset_once,beta,frontal_central,frontal_central,-0.009461824782192707,-0.19981755907683735,0.6160120496826915,0.9789535673295764,0.8125,1.0,0.6865671641791045,decrease,False,7
aec,facet_reset_once,beta,frontal_central,central,-0.009392453357577324,-0.41155854068439074,0.3179970430973674,0.8412333707385081,0.46875,0.8948863636363636,0.3383084577114428,decrease,False,7
aec,facet_reset_once,beta,frontal_central,parietal,-0.004491408355534077,-0.10225234865536852,0.795814613061029,0.9789535673295764,1.0,1.0,0.8407960199004975,decrease,False,7
aec,facet_reset_once,beta,frontal_central,occipital,-0.011629899963736534,-0.2866159490395632,0.4769822532236667,0.9774786026324834,0.296875,0.8948863636363636,0.4427860696517413,decrease,False,7
aec,facet_reset_once,beta,frontal_central,temporal,0.00022786643239669502,0.0059616889359171,0.9879267837132203,0.9879267837132203,1.0,1.0,0.9800995024875622,increase,False,7
aec,facet_reset_once,beta,central,central,-0.03536636382341385,-0.40927069470582633,0.32046985551943163,0.8412333707385081,0.375,0.8948863636363636,0.39303482587064675,decrease,False,7
aec,facet_reset_once,beta,central,parietal,0.004727635998278856,0.1098034967150495,0.7812037430195194,0.9789535673295764,0.9375,1.0,0.7960199004975125,increase,False,7
aec,facet_reset_once,beta,central,occipital,-0.024736493825912476,-0.5208774056435962,0.21735551858843866,0.8412333707385081,0.375,0.8948863636363636,0.29850746268656714,decrease,False,7
aec,facet_reset_once,beta,central,temporal,-0.005248439498245716,-0.16047901054573982,0.685940895947074,0.9789535673295764,0.8125,1.0,0.6965174129353234,decrease,False,7
aec,facet_reset_once,beta,parietal,parietal,-0.0044427975080907345,-0.08013973925200062,0.8391030577110654,0.9789535673295764,0.9375,1.0,0.7611940298507462,decrease,False,7
aec,facet_reset_once,beta,parietal,occipital,-0.007254508789628744,-0.08731289134854628,0.8249842464607898,0.9789535673295764,0.578125,0.9338942307692307,0.8606965174129353,decrease,False,7
aec,facet_reset_once,beta,parietal,temporal,0.008641027845442295,0.1854766740002639,0.6410502431985639,0.9789535673295764,0.578125,0.9338942307692307,0.6666666666666666,increase,False,7
aec,facet_reset_once,beta,occipital,occipital,-0.07930929958820343,-1.1694609964991471,0.021276049451681163,0.24495004920790076,0.03125,0.328125,0.05970149253731343,decrease,False,7
aec,facet_reset_once,beta,occipital,temporal,-0.022015919908881187,-0.4410676869355791,0.2875047395537421,0.8412333707385081,0.375,0.8948863636363636,0.2736318407960199,decrease,False,7
aec,facet_reset_once,beta,temporal,temporal,0.008768243715167046,0.26336176438897324,0.5120126013789199,0.9774786026324834,0.46875,0.8948863636363636,0.48756218905472637,increase,False,7
aec,facet_reset_once,gamma,frontal,frontal,-0.026182029396295547,-0.492776122896941,0.24009937651144483,0.6302608633425427,0.296875,0.779296875,0.2537313432835821,decrease,False,7
aec,facet_reset_once,gamma,frontal,frontal_central,-0.018403256312012672,-0.6701784808639836,0.12657527778754266,0.4545805378875386,0.15625,0.546875,0.13432835820895522,decrease,False,7
aec,facet_reset_once,gamma,frontal,central,-0.027110112830996513,-1.7246436310060889,0.003838823827025005,0.040307650183762554,0.015625,0.109375,0.014925373134328358,decrease,True,7
aec,facet_reset_once,gamma,frontal,parietal,-0.0046663484536111355,-0.1470016286473233,0.7107558170820627,0.7769083813520242,0.8125,0.8980263157894737,0.6517412935323383,decrease,False,7
aec,facet_reset_once,gamma,frontal,occipital,-0.018347686156630516,-0.31537878747671144,0.43600330120529357,0.7769083813520242,0.8125,0.8980263157894737,0.417910447761194,decrease,False,7
aec,facet_reset_once,gamma,frontal,temporal,-0.006924849934875965,-0.16823563278955628,0.6718487997828049,0.7769083813520242,0.8125,0.8980263157894737,0.6169154228855721,decrease,False,7
aec,facet_reset_once,gamma,frontal_central,frontal_central,-0.007534530479460955,-0.1314318257994521,0.7399127441447849,0.7769083813520242,0.578125,0.8980263157894737,0.6965174129353234,decrease,False,7
aec,facet_reset_once,gamma,frontal_central,central,-0.03535052016377449,-0.7382514664148578,0.09861640658438368,0.4545805378875386,0.109375,0.45937500000000003,0.07960199004975124,decrease,False,7
aec,facet_reset_once,gamma,frontal_central,parietal,-0.0042799185030162334,-0.1428641553995661,0.7184542588805514,0.7769083813520242,0.8125,0.8980263157894737,0.6766169154228856,decrease,False,7
aec,facet_reset_once,gamma,frontal_central,occipital,-0.03517218679189682,-0.838990982151422,0.06822032310792135,0.4545805378875386,0.015625,0.109375,0.009950248756218905,decrease,False,7
aec,facet_reset_once,gamma,frontal_central,temporal,0.004225576762109995,0.13641895400825257,0.730518888977822,0.7769083813520242,0.9375,0.9375,0.7810945273631841,increase,False,7
aec,facet_reset_once,gamma,central,central,-0.03593364357948303,-0.5998805659902743,0.1635793204736617,0.4907379614209851,0.21875,0.65625,0.18407960199004975,decrease,False,7
aec,facet_reset_once,gamma,central,parietal,0.00675096083432436,0.43396166384657864,0.29461214119601964,0.6874283294573792,0.375,0.875,0.3283582089552239,increase,False,7
aec,facet_reset_once,gamma,central,occipital,0.007037096656858921,0.1354467110214654,0.7323462533077374,0.7769083813520242,0.6875,0.8980263157894737,0.7064676616915423,increase,False,7
aec,facet_reset_once,gamma,central,temporal,-0.003776190336793661,-0.09968940528465793,0.8007947605562747,0.8007947605562747,0.8125,0.8980263157894737,0.8308457711442786,decrease,False,7
aec,facet_reset_once,gamma,parietal,parietal,0.011418846435844898,0.20585005460599806,0.6056438010993404,0.7769083813520242,0.9375,0.9375,0.6467661691542289,increase,False,7
aec,facet_reset_once,gamma,parietal,occipital,0.010996549390256405,0.297985312722261,0.46047117905146817,0.7769083813520242,0.46875,0.8980263157894737,0.4975124378109453,increase,False,7
aec,facet_reset_once,gamma,parietal,temporal,-0.007911508902907372,-0.25288872703679743,0.5283338389971701,0.7769083813520242,0.8125,0.8980263157894737,0.5621890547263682,decrease,False,7
aec,facet_reset_once,gamma,occipital,occipital,-0.10303746908903122,-2.369530685836863,0.0007652050891998591,0.01606930687319704,0.015625,0.109375,0.014925373134328358,decrease,True,7
aec,facet_reset_once,gamma,occipital,temporal,-0.012674199417233467,-0.22144668970677772,0.5793034536314999,0.7769083813520242,0.6875,0.8980263157894737,0.5572139303482587,decrease,False,7
aec,facet_reset_once,gamma,temporal,temporal,-0.014001822099089622,-0.6631376234713897,0.1298801536821539,0.4545805378875386,0.109375,0.45937500000000003,0.13930348258706468,decrease,False,7
aec,feedback_late,theta,frontal,frontal,0.008312528021633625,0.13428703974967648,0.6976016729620316,0.8138686184557036,0.734375,0.95703125,0.7562189054726368,increase,False,9
aec,feedback_late,theta,frontal,frontal_central,-0.015684179961681366,-0.2369498407707105,0.4973755005102817,0.7118576483926278,0.5703125,0.9212740384615384,0.5621890547263682,decrease,False,9
aec,feedback_late,theta,frontal,central,0.0033178776502609253,0.07392897402162898,0.8300365521922797,0.9174088208440986,0.8203125,0.95703125,0.8606965174129353,increase,False,9
aec,feedback_late,theta,frontal,parietal,0.01040510181337595,0.2603453012484243,0.457268733190869,0.7118576483926278,0.91015625,1.0,0.5024875621890548,increase,False,9
aec,feedback_late,theta,frontal,occipital,0.014167990535497665,0.1738565645295498,0.6160975675157516,0.808628057364424,1.0,1.0,0.6368159203980099,increase,False,9
aec,feedback_late,theta,frontal,temporal,0.01911572366952896,0.4724103899025769,0.1941621459688941,0.6083951284979064,0.203125,0.5833333333333334,0.21393034825870647,increase,False,9
aec,feedback_late,theta,frontal_central,frontal_central,-0.003932703752070665,-0.05193715181546094,0.8800415183054671,0.9240435942207404,0.734375,0.95703125,0.900497512437811,decrease,False,9
aec,feedback_late,theta,frontal_central,central,-0.0015233722515404224,-0.025993149125626426,0.9397595215908805,0.9397595215908805,1.0,1.0,0.9751243781094527,decrease,False,9
aec,feedback_late,theta,frontal_central,parietal,0.011215904727578163,0.2658332161208428,0.4481824734866111,0.7118576483926278,0.49609375,0.8681640625,0.42786069651741293,increase,False,9
aec,feedback_late,theta,frontal_central,occipital,0.021494582295417786,0.3623119183662094,0.3087261908524416,0.6483250007901273,0.30078125,0.6316406250000001,0.3383084577114428,increase,False,9
aec,feedback_late,theta,frontal_central,temporal,0.022505637258291245,0.495597932871696,0.1753808594350359,0.6083951284979064,0.203125,0.5833333333333334,0.14925373134328357,increase,False,9
aec,feedback_late,theta,central,central,0.04054238274693489,0.4313333605650424,0.23176957276110718,0.6083951284979064,0.203125,0.5833333333333334,0.24378109452736318,increase,False,9
aec,feedback_late,theta,central,parietal,0.025575608015060425,0.7423227331889172,0.05656388010723089,0.5939207411259243,0.0546875,0.5833333333333334,0.07960199004975124,increase,False,9
aec,feedback_late,theta,central,occipital,-0.007100858725607395,-0.13429080977677915,0.6975936698155908,0.8138686184557036,0.8203125,0.95703125,0.6965174129353234,decrease,False,9
aec,feedback_late,theta,central,temporal,0.03023977018892765,0.5977620508849482,0.11068263045391036,0.6083951284979064,0.09765625,0.5833333333333334,0.12935323383084577,increase,False,9
aec,feedback_late,theta,parietal,parietal,0.019053233787417412,0.39528014752735674,0.26970912768777183,0.6293212979381343,0.25,0.5833333333333334,0.24378109452736318,increase,False,9
aec,feedback_late,theta,parietal,occipital,0.01784432679414749,0.2516429948362193,0.4719289070068451,0.7118576483926278,0.42578125,0.8128551136363636,0.44776119402985076,increase,False,9
aec,feedback_late,theta,parietal,temporal,0.015398227609694004,0.4344454636488774,0.22871656328587836,0.6083951284979064,0.25,0.5833333333333334,0.19900497512437812,increase,False,9
aec,feedback_late,theta,occipital,occipital,0.043734610080718994,0.4964476243904701,0.1747243528435442,0.6083951284979064,0.203125,0.5833333333333334,0.18407960199004975,increase,False,9
aec,feedback_late,theta,occipital,temporal,-0.01914275623857975,-0.23069481862177904,0.508469748851877,0.7118576483926278,0.734375,0.95703125,0.5373134328358209,decrease,False,9
aec,feedback_late,theta,temporal,temporal,0.0502801351249218,0.8773992062189968,0.03007538461370239,0.5939207411259243,0.07421875,0.5833333333333334,0.024875621890547265,increase,False,9
aec,feedback_late,alpha,frontal,frontal,0.01817890629172325,0.22530886711722364,0.5181459535865054,0.6357798812521035,0.42578125,0.6653645833333334,0.48258706467661694,increase,False,9
aec,feedback_late,alpha,frontal,frontal_central,0.015251492150127888,0.3097297220354706,0.3799740056128944,0.6274634470970571,0.359375,0.6653645833333334,0.36318407960199006,increase,False,9
aec,feedback_late,alpha,frontal,central,0.015182907693088055,0.2884884144622408,0.4119839663410175,0.6274634470970571,0.5703125,0.6653645833333334,0.46766169154228854,increase,False,9
aec,feedback_late,alpha,frontal,parietal,0.017217479646205902,0.36348925863348475,0.3072592247699443,0.6274634470970571,0.25,0.6653645833333334,0.3482587064676617,increase,False,9
aec,feedback_late,alpha,frontal,occipital,0.013281645253300667,0.29970952369682674,0.3948410493145441,0.6274634470970571,0.42578125,0.6653645833333334,0.3880597014925373,increase,False,9
aec,feedback_late,alpha,frontal,temporal,0.01531499158591032,0.3616596837550804,0.3095412504447469,0.6274634470970571,0.49609375,0.6653645833333334,0.32338308457711445,increase,False,9
aec,feedback_late,alpha,frontal_central,frontal_central,0.008930794894695282,0.2113378708606919,0.5437703355578815,0.6357798812521035,0.734375,0.8116776315789473,0.5621890547263682,increase,False,9
aec,feedback_late,alpha,frontal_central,central,-0.0011645638151094317,-0.024711688360849356,0.9427231056353744,0.9667438389139388,1.0,1.0,0.9751243781094527,decrease,False,9
aec,feedback_late,alpha,frontal_central,parietal,0.014393452554941177,0.26582979053070516,0.448188176497898,0.6274634470970571,0.359375,0.6653645833333334,0.4527363184079602,increase,False,9
aec,feedback_late,alpha,frontal_central,occipital,0.021561764180660248,0.6114528729331533,0.10394046362716987,0.6274634470970571,0.09765625,0.6653645833333334,0.08955223880597014,increase,False,9
aec,feedback_late,alpha,frontal_central,temporal,0.02923908457159996,0.9681751599917973,0.019754176441259836,0.4148377052664566,0.02734375,0.57421875,0.029850746268656716,increase,False,9
aec,feedback_late,alpha,central,central,0.03979182243347168,0.6729933942604196,0.07818215486709774,0.6274634470970571,0.09765625,0.6653645833333334,0.12935323383084577,increase,False,9
aec,feedback_late,alpha,central,parietal,0.0011094941291958094,0.014338314252278907,0.9667438389139388,0.9667438389139388,0.5703125,0.6653645833333334,0.9950248756218906,increase,False,9
aec,feedback_late,alpha,central,occipital,-0.026335664093494415,-0.3162144224162915,0.37057420174330025,0.6274634470970571,0.5703125,0.6653645833333334,0.5422885572139303,decrease,False,9
aec,feedback_late,alpha,central,temporal,0.01551885437220335,0.3744313890442041,0.29388862706570507,0.6274634470970571,0.359375,0.6653645833333334,0.26865671641791045,increase,False,9
aec,feedback_late,alpha,parietal,parietal,0.022795815020799637,0.4881102761609456,0.18126173395921555,0.6274634470970571,0.203125,0.6653645833333334,0.15920398009950248,increase,False,9
aec,feedback_late,alpha,parietal,occipital,0.02394161932170391,0.5672536354688468,0.12721333939499058,0.6274634470970571,0.203125,0.6653645833333334,0.13432835820895522,increase,False,9
aec,feedback_late,alpha,parietal,temporal,0.009707399643957615,0.20088647876128304,0.5634243211313341,0.6357798812521035,0.42578125,0.6653645833333334,0.5373134328358209,increase,False,9
aec,feedback_late,alpha,occipital,occipital,0.016630031168460846,0.27318790340934984,0.43619908882100733,0.6274634470970571,0.49609375,0.6653645833333334,0.38308457711442784,increase,False,9
aec,feedback_late,alpha,occipital,temporal,0.008371517062187195,0.19471017797785958,0.5752294163709508,0.6357798812521035,0.91015625,0.9556640625,0.6368159203980099,increase,False,9
aec,feedback_late,alpha,temporal,temporal,0.021463729441165924,0.3259034792514438,0.35685327296252756,0.6274634470970571,0.49609375,0.6653645833333334,0.3482587064676617,increase,False,9
aec,feedback_late,beta,frontal,frontal,0.019282393157482147,0.44827975323198177,0.21555673038502404,0.5029657042317228,0.359375,0.6860795454545454,0.19402985074626866,increase,False,9
aec,feedback_late,beta,frontal,frontal_central,0.0075816866010427475,0.2476991268122325,0.4786739703490899,0.7732425674869913,0.65234375,0.8203125,0.527363184079602,increase,False,9
aec,feedback_late,beta,frontal,central,0.0013976258924230933,0.07911820093386228,0.8183471483564982,0.9166542444739247,0.8203125,0.8203125,0.8407960199004975,increase,False,9
aec,feedback_late,beta,frontal,parietal,0.01817142218351364,0.6048155246798379,0.10715915132298391,0.37505702963044374,0.12890625,0.451171875,0.08955223880597014,increase,False,9
aec,feedback_late,beta,frontal,occipital,0.033803172409534454,0.7745352606136497,0.048644850593586704,0.37194713535166973,0.01171875,0.24609375,0.024875621890547265,increase,False,9
aec,feedback_late,beta,frontal,temporal,0.009473949670791626,0.3346382758507608,0.3448148741970861,0.6582829416489826,0.1640625,0.4921875,0.373134328358209,increase,False,9
aec,feedback_late,beta,frontal_central,frontal_central,0.008684497326612473,0.28487997461988496,0.4176075722228987,0.7308132513900727,0.49609375,0.744140625,0.42786069651741293,increase,False,9
aec,feedback_late,beta,frontal_central,central,0.0016733118100091815,0.0702433704372869,0.8383664380327787,0.9166542444739247,0.734375,0.8203125,0.845771144278607,increase,False,9
aec,feedback_late,beta,frontal_central,parietal,0.012696987949311733,0.6639077526985769,0.08155509213717708,0.37194713535166973,0.12890625,0.451171875,0.0845771144278607,increase,False,9
aec,feedback_late,beta,frontal_central,occipital,0.023730359971523285,0.6461479674370384,0.08855884175039755,0.37194713535166973,0.09765625,0.451171875,0.07462686567164178,increase,False,9
aec,feedback_late,beta,frontal_central,temporal,-0.0014128570910543203,-0.04992926474672307,0.8846395164219167,0.9166542444739247,0.8203125,0.8203125,0.8955223880597015,decrease,False,9
aec,feedback_late,beta,central,central,0.0011224283371120691,0.036000423265236406,0.9166542444739247,0.9166542444739247,0.65234375,0.8203125,0.9552238805970149,increase,False,9
aec,feedback_late,beta,central,parietal,-0.003543025581166148,-0.12127162593853771,0.7254234376498547,0.9166542444739247,0.8203125,0.8203125,0.7014925373134329,decrease,False,9
aec,feedback_late,beta,central,occipital,0.008481566794216633,0.5662134114399994,0.12781564186197775,0.38344692558593324,0.25,0.5833333333333334,0.11442786069651742,increase,False,9
aec,feedback_late,beta,central,temporal,-0.015055732801556587,-0.7326828058742474,0.05917372520016746,0.37194713535166973,0.07421875,0.451171875,0.07960199004975124,decrease,False,9
aec,feedback_late,beta,parietal,parietal,-0.0077559808269143105,-0.33953669427592703,0.3382006241187866,0.6582829416489826,0.30078125,0.6316406250000001,0.417910447761194,decrease,False,9
aec,feedback_late,beta,parietal,occipital,0.008109986782073975,0.14041240994410106,0.6846713359420158,0.9166542444739247,0.49609375,0.744140625,0.7263681592039801,increase,False,9
aec,feedback_late,beta,parietal,temporal,-0.007461823523044586,-0.5061042854846348,0.16741587969055555,0.43946668418770835,0.203125,0.533203125,0.13432835820895522,decrease,False,9
aec,feedback_late,beta,occipital,occipital,0.07710230350494385,0.712650038953987,0.06498353668624741,0.37194713535166973,0.09765625,0.451171875,0.09950248756218906,increase,False,9
aec,feedback_late,beta,occipital,temporal,0.003378106513991952,0.09011502499501195,0.7937382744056903,0.9166542444739247,0.42578125,0.744140625,0.8109452736318408,increase,False,9
aec,feedback_late,beta,temporal,temporal,0.0068741063587367535,0.18145949570557113,0.6010207375306138,0.9015311062959207,0.8203125,0.8203125,0.6666666666666666,increase,False,9
aec,feedback_late,gamma,frontal,frontal,0.014851649291813374,0.34164004763099953,0.33539056252667965,0.5030858437900195,0.42578125,0.6878004807692307,0.35323383084577115,increase,False,9
aec,feedback_late,gamma,frontal,frontal_central,0.007728505413979292,0.3500264191493769,0.32436509332328345,0.5030858437900195,0.91015625,0.91015625,0.43781094527363185,increase,False,9
aec,feedback_late,gamma,frontal,central,0.0013460711343213916,0.06572300812211924,0.8486125459853849,0.9192431401757755,0.5703125,0.7984375,0.8258706467661692,increase,False,9
aec,feedback_late,gamma,frontal,parietal,0.008041060529649258,0.4023145505623249,0.26192734507603616,0.5030858437900195,0.30078125,0.57421875,0.23880597014925373,increase,False,9
aec,feedback_late,gamma,frontal,occipital,0.02315494418144226,0.7652402847416616,0.05080909556351867,0.5030858437900195,0.07421875,0.57421875,0.0945273631840796,increase,False,9
aec,feedback_late,gamma,frontal,temporal,-0.0017816080944612622,-0.039154402850211864,0.9093885393937342,0.9192431401757755,0.8203125,0.861328125,0.9502487562189055,decrease,False,9
aec,feedback_late,gamma,frontal_central,frontal_central,-0.013014287687838078,-0.4421503573720244,0.22130499747573942,0.5030858437900195,0.25,0.57421875,0.1890547263681592,decrease,False,9
aec,feedback_late,gamma,frontal_central,central,-0.006918113213032484,-0.4179595365123307,0.24528489873009374,0.5030858437900195,0.25,0.57421875,0.208955223880597,decrease,False,9
aec,feedback_late,gamma,frontal_central,parietal,0.009492408484220505,0.4063641577537201,0.2575321866001095,0.5030858437900195,0.30078125,0.57421875,0.25870646766169153,increase,False,9
aec,feedback_late,gamma,frontal_central,occipital,0.008836260996758938,0.44800960979923077,0.2158073765786461,0.5030858437900195,0.25,0.57421875,0.24875621890547264,increase,False,9
aec,feedback_late,gamma,frontal_central,temporal,0.010847811587154865,0.5098050819225133,0.1646884436523876,0.5030858437900195,0.203125,0.57421875,0.1791044776119403,increase,False,9
aec,feedback_late,gamma,central,central,-0.03355159983038902,-0.6556060148510645,0.08475976980859506,0.5030858437900195,0.12890625,0.57421875,0.06965174129353234,decrease,False,9
aec,feedback_late,gamma,central,parietal,-0.004940818529576063,-0.3601161634678043,0.31147684990158847,0.5030858437900195,0.42578125,0.6878004807692307,0.3582089552238806,decrease,False,9
aec,feedback_late,gamma,central,occipital,-0.00925514567643404,-0.27767389232122225,0.42899921326389245,0.6005988985694494,0.65234375,0.8058363970588235,0.5472636815920398,decrease,False,9
aec,feedback_late,gamma,central,temporal,0.0019149229628965259,0.07778845986091289,0.821338116554963,0.9192431401757755,0.734375,0.8116776315789473,0.7761194029850746,increase,False,9
aec,feedback_late,gamma,parietal,parietal,0.00463921157643199,0.12042098365494237,0.7272576053339159,0.9192431401757755,0.734375,0.8116776315789473,0.6616915422885572,increase,False,9
aec,feedback_late,gamma,parietal,occipital,0.010493136011064053,0.44049034433644785,0.2228842312220511,0.5030858437900195,0.30078125,0.57421875,0.26865671641791045,increase,False,9
aec,feedback_late,gamma,parietal,temporal,0.011501621454954147,0.36567039976104304,0.3045561659212112,0.5030858437900195,0.12890625,0.57421875,0.32338308457711445,increase,False,9
aec,feedback_late,gamma,occipital,occipital,0.06132058799266815,0.6348429646817327,0.09331461810024926,0.5030858437900195,0.07421875,0.57421875,0.1044776119402985,increase,False,9
aec,feedback_late,gamma,occipital,temporal,0.0016260618576779962,0.034877509771253985,0.9192431401757755,0.9192431401757755,0.49609375,0.744140625,0.9502487562189055,increase,False,9
aec,feedback_late,gamma,temporal,temporal,0.005168325267732143,0.10669110536498481,0.7571123871993438,0.9192431401757755,0.65234375,0.8058363970588235,0.8009950248756219,increase,False,9
aec,first_click_miss,theta,frontal,frontal,-0.000237906351685524,-0.004168560799132282,0.9909217793804331,0.9909217793804331,0.640625,0.896875,1.0,decrease,False,8
aec,first_click_miss,theta,frontal,frontal_central,0.004756327718496323,0.08034962945117742,0.8267139716041418,0.9046114610361897,1.0,1.0,0.8706467661691543,increase,False,8
aec,first_click_miss,theta,frontal,central,0.03344571962952614,0.979051464410537,0.027726989914101687,0.1629215899723683,0.0390625,0.12760416666666669,0.024875621890547265,increase,False,8
aec,first_click_miss,theta,frontal,parietal,-0.01074021402746439,-0.3779903900943378,0.320491268382802,0.5076288218464791,0.3828125,0.618389423076923,0.3681592039800995,decrease,False,8
aec,first_click_miss,theta,frontal,occipital,0.015230873599648476,0.19345204307775712,0.601265647111034,0.7690657054914939,0.84375,0.984375,0.6865671641791045,increase,False,8
aec,first_click_miss,theta,frontal,temporal,0.041222769767045975,1.047476172462002,0.021024044889890462,0.1629215899723683,0.0390625,0.12760416666666669,0.04975124378109453,increase,False,8
aec,first_click_miss,theta,frontal_central,frontal_central,-0.020924534648656845,-0.36324034677340233,0.33841921456431934,0.5076288218464791,0.4609375,0.69140625,0.3681592039800995,decrease,False,8
aec,first_click_miss,theta,frontal_central,central,0.014190085232257843,0.5321428436554586,0.17600802223359757,0.3360153151732317,0.1484375,0.2833806818181818,0.19900497512437812,increase,False,8
aec,first_click_miss,theta,frontal_central,parietal,0.020289558917284012,0.47533031813654375,0.2207408360491081,0.3862964630859392,0.1953125,0.341796875,0.23383084577114427,increase,False,8
aec,first_click_miss,theta,frontal_central,occipital,0.012592118233442307,0.18199195040561822,0.6225769996835903,0.7690657054914939,0.9453125,0.9925781250000001,0.5920398009950248,increase,False,8
aec,first_click_miss,theta,frontal_central,temporal,0.035289108753204346,0.8828934511461751,0.04116052363986097,0.1629215899723683,0.0546875,0.12760416666666669,0.07960199004975124,increase,False,8
aec,first_click_miss,theta,central,central,0.08543996512889862,0.6957641520211623,0.08976617780672617,0.20945441488236108,0.0546875,0.12760416666666669,0.09950248756218906,increase,False,8
aec,first_click_miss,theta,central,parietal,0.04349534586071968,0.8412091062506856,0.04893255017048559,0.1629215899723683,0.0390625,0.12760416666666669,0.06467661691542288,increase,False,8
aec,first_click_miss,theta,central,occipital,0.04236315190792084,1.0970440996707191,0.017251787578837562,0.1629215899723683,0.0390625,0.12760416666666669,0.04975124378109453,increase,False,8
aec,first_click_miss,theta,central,temporal,0.051310572773218155,0.7606093643381402,0.06847919032518372,0.1797578746036073,0.0234375,0.12760416666666669,0.01990049751243781,increase,False,8
aec,first_click_miss,theta,parietal,parietal,0.009283366613090038,0.18206369547074355,0.622442317939603,0.7690657054914939,0.7421875,0.97412109375,0.6169154228855721,increase,False,8
aec,first_click_miss,theta,parietal,occipital,-0.0030773375183343887,-0.06397536092613021,0.8615347247963712,0.9046114610361897,0.9453125,0.9925781250000001,0.8407960199004975,decrease,False,8
aec,first_click_miss,theta,parietal,temporal,0.04721197485923767,0.9068707535141903,0.037277757221579305,0.1629215899723683,0.0546875,0.12760416666666669,0.06965174129353234,increase,False,8
aec,first_click_miss,theta,occipital,occipital,-0.012243594974279404,-0.07244316812652403,0.8434807568779025,0.9046114610361897,0.84375,0.984375,0.8855721393034826,decrease,False,8
aec,first_click_miss,theta,occipital,temporal,0.03466979041695595,0.6444702906016639,0.11110568116929515,0.23332193045551983,0.078125,0.1640625,0.0945273631840796,increase,False,8
aec,first_click_miss,theta,temporal,temporal,0.06797371804714203,0.8161756701006055,0.0543071966574561,0.1629215899723683,0.0546875,0.12760416666666669,0.05472636815920398,increase,False,8
aec,first_click_miss,alpha,frontal,frontal,0.000622916966676712,0.011023999795845063,0.9759959313343284,0.9905699947001432,0.9453125,0.9925781250000001,0.9800995024875622,increase,False,8
aec,first_click_miss,alpha,frontal,frontal_central,0.004880664870142937,0.1910161938409679,0.6057615600406843,0.9596194558052835,0.3125,0.8203125,0.6069651741293532,increase,False,8
aec,first_click_miss,alpha,frontal,central,0.005757294595241547,0.13334186851397306,0.7172374910246714,0.9596194558052835,0.84375,0.9925781250000001,0.7611940298507462,increase,False,8
aec,first_click_miss,alpha,frontal,parietal,-0.0036748023703694344,-0.06773393324631206,0.8535095077209393,0.9905699947001432,1.0,1.0,0.8606965174129353,decrease,False,8
aec,first_click_miss,alpha,frontal,occipital,-0.007062072865664959,-0.1264520059259543,0.7311386329945017,0.9596194558052835,0.84375,0.9925781250000001,0.7562189054726368,decrease,False,8
aec,first_click_miss,alpha,frontal,temporal,0.03435034304857254,0.5663665823111331,0.15320581293411914,0.7307683999424415,0.1484375,0.8203125,0.10945273631840796,increase,False,8
aec,first_click_miss,alpha,frontal_central,frontal_central,-0.015158446505665779,-0.26329523265698457,0.4806953609131225,0.9176911435614156,0.640625,0.9925781250000001,0.5124378109452736,decrease,False,8
aec,first_click_miss,alpha,frontal_central,central,-0.02304740622639656,-0.6010729449696443,0.13291131083120852,0.7307683999424415,0.1484375,0.8203125,0.14427860696517414,decrease,False,8
aec,first_click_miss,alpha,frontal_central,parietal,0.0025262758135795593,0.039714609957548226,0.9137152298262035,0.9905699947001432,0.640625,0.9925781250000001,0.9303482587064676,increase,False,8
aec,first_click_miss,alpha,frontal_central,occipital,-0.017609156668186188,-0.2715964048237011,0.46749269032130436,0.9176911435614156,0.7421875,0.9925781250000001,0.39800995024875624,decrease,False,8
aec,first_click_miss,alpha,frontal_central,temporal,0.025166071951389313,0.40017491678140243,0.29497018934088975,0.7742967470198356,0.4609375,0.9925781250000001,0.3582089552238806,increase,False,8
aec,first_click_miss,alpha,central,central,-0.019144846126437187,-0.17390358318710794,0.6378570321160361,0.9596194558052835,0.9453125,0.9925781250000001,0.746268656716418,decrease,False,8
aec,first_click_miss,alpha,central,parietal,-0.00029968004673719406,-0.004330103503070669,0.9905699947001432,0.9905699947001432,0.9453125,0.9925781250000001,0.9850746268656716,decrease,False,8
aec,first_click_miss,alpha,central,occipital,-0.04236981272697449,-0.48074079524447555,0.21608302355214742,0.7307683999424415,0.25,0.8203125,0.208955223880597,decrease,False,8
aec,first_click_miss,alpha,central,temporal,0.027365226298570633,0.4523390161340307,0.24152616602535457,0.7307683999424415,0.3125,0.8203125,0.3034825870646766,increase,False,8
aec,first_click_miss,alpha,parietal,parietal,0.010580241680145264,0.15372466636638557,0.6767975285354202,0.9596194558052835,0.640625,0.9925781250000001,0.6965174129353234,increase,False,8
aec,first_click_miss,alpha,parietal,occipital,-0.03171684592962265,-0.5711271082886606,0.15026002914183864,0.7307683999424415,0.1953125,0.8203125,0.1691542288557214,decrease,False,8
aec,first_click_miss,alpha,parietal,temporal,0.013482627458870411,0.2991772834677271,0.4254192318825468,0.9176911435614156,0.546875,0.9925781250000001,0.42786069651741293,increase,False,8
aec,first_click_miss,alpha,occipital,occipital,-0.05299253761768341,-0.6701396298027689,0.0998732740298621,0.7307683999424415,0.078125,0.8203125,0.07960199004975124,decrease,False,8
aec,first_click_miss,alpha,occipital,temporal,0.00026875920593738556,0.006276381947488476,0.986331861516514,0.9905699947001432,0.9453125,0.9925781250000001,0.9950248756218906,increase,False,8
aec,first_click_miss,alpha,temporal,temporal,0.04219876974821091,0.4501513388091325,0.24358946664748046,0.7307683999424415,0.3125,0.8203125,0.22885572139303484,increase,False,8
aec,first_click_miss,beta,frontal,frontal,-0.008471917361021042,-0.18366223331374135,0.6194459530514236,0.844078809722342,0.7421875,0.9168198529411764,0.6616915422885572,decrease,False,8
aec,first_click_miss,beta,frontal,frontal_central,-0.0033521289005875587,-0.11270036893310219,0.7592056685799173,0.8832747019043485,0.546875,0.8834134615384615,0.7263681592039801,decrease,False,8
aec,first_click_miss,beta,frontal,central,-0.011894783936440945,-0.6149130117767639,0.12554847961828317,0.41091790354960983,0.1953125,0.5859375,0.1691542288557214,decrease,False,8
aec,first_click_miss,beta,frontal,parietal,0.003019494004547596,0.09344798328204042,0.799153301722982,0.8832747019043485,0.84375,0.9325657894736842,0.8756218905472637,increase,False,8
aec,first_click_miss,beta,frontal,occipital,-0.012704651802778244,-0.3021929813965026,0.4209872830742952,0.6800563803507845,0.3828125,0.7308238636363636,0.4129353233830846,decrease,False,8
aec,first_click_miss,beta,frontal,temporal,0.00904080830514431,0.3305825335164251,0.3808986685466579,0.6665726699566513,0.4609375,0.806640625,0.4228855721393035,increase,False,8
aec,first_click_miss,beta,frontal_central,frontal_central,0.0063889846205711365,0.1711474705242588,0.6431076645503557,0.844078809722342,0.7421875,0.9168198529411764,0.6766169154228856,increase,False,8
aec,first_click_miss,beta,frontal_central,central,0.019479263573884964,0.9259137669876435,0.03446529846395281,0.2412570892476697,0.0390625,0.2734375,0.04975124378109453,increase,False,8
aec,first_click_miss,beta,frontal_central,parietal,0.022446736693382263,1.4191861452225154,0.005097901542364513,0.10705593238965477,0.0078125,0.1640625,0.004975124378109453,increase,False,8
aec,first_click_miss,beta,frontal_central,occipital,-0.0021803516428917646,-0.12084098444732558,0.742540409325465,0.8832747019043485,0.84375,0.9325657894736842,0.7562189054726368,decrease,False,8
aec,first_click_miss,beta,frontal_central,temporal,0.008576404303312302,0.394337427799466,0.3015195364770371,0.633191026601778,0.3828125,0.7308238636363636,0.31343283582089554,increase,False,8
aec,first_click_miss,beta,central,central,0.044291313737630844,0.5937464423943942,0.1369726345165366,0.41091790354960983,0.1953125,0.5859375,0.14427860696517414,increase,False,8
aec,first_click_miss,beta,central,parietal,0.013896065764129162,0.47079478587558343,0.22471302112993216,0.5243303826365084,0.3828125,0.7308238636363636,0.2935323383084577,increase,False,8
aec,first_click_miss,beta,central,occipital,-0.017121687531471252,-0.63989234714155,0.11323323947253865,0.41091790354960983,0.109375,0.45937500000000003,0.08955223880597014,decrease,False,8
aec,first_click_miss,beta,central,temporal,-0.0017379757482558489,-0.03175133657043794,0.930956699502234,0.9581190171719203,0.9453125,0.9925781250000001,0.9601990049751243,decrease,False,8
aec,first_click_miss,beta,parietal,parietal,0.0076212636195123196,0.1734090548101418,0.6387974994805408,0.844078809722342,0.640625,0.896875,0.681592039800995,increase,False,8
aec,first_click_miss,beta,parietal,occipital,0.0007363935001194477,0.01924135791802944,0.9581190171719203,0.9581190171719203,1.0,1.0,0.9552238805970149,increase,False,8
aec,first_click_miss,beta,parietal,temporal,0.02075500786304474,0.6776981999646535,0.09678155351131844,0.41091790354960983,0.078125,0.41015625,0.06467661691542288,increase,False,8
aec,first_click_miss,beta,occipital,occipital,-0.06024640053510666,-0.5259171725685248,0.18047602124410317,0.4737495557657708,0.3125,0.7308238636363636,0.1791044776119403,decrease,False,8
aec,first_click_miss,beta,occipital,temporal,0.023799344897270203,1.1604008107459198,0.013447913340627077,0.14120309007658433,0.0234375,0.24609375,0.029850746268656716,increase,False,8
aec,first_click_miss,beta,temporal,temporal,0.026181036606431007,0.339015790122978,0.36955827099935,0.6665726699566513,0.640625,0.896875,0.46766169154228854,increase,False,8
aec,first_click_miss,gamma,frontal,frontal,-0.0009261113591492176,-0.02329380970348093,0.9493117044595734,0.9552641210293509,0.9453125,0.9925781250000001,0.9353233830845771,decrease,False,8
aec,first_click_miss,gamma,frontal,frontal_central,-0.004771744832396507,-0.16689238902803472,0.6512569848794922,0.8044939224981963,0.7421875,0.97412109375,0.5920398009950248,decrease,False,8
aec,first_click_miss,gamma,frontal,central,-0.00898450892418623,-0.30360114265559474,0.41892919272843643,0.6283937890926546,0.546875,0.8203125,0.4427860696517413,decrease,False,8
aec,first_click_miss,gamma,frontal,parietal,0.015639284625649452,1.1849732926631624,0.012223788785531738,0.148576662834735,0.015625,0.24609375,0.024875621890547265,increase,False,8
aec,first_click_miss,gamma,frontal,occipital,0.01321837492287159,0.3942309472795288,0.30164010264083985,0.575858377768876,0.3125,0.618389423076923,0.3582089552238806,increase,False,8
aec,first_click_miss,gamma,frontal,temporal,0.004145749844610691,0.13687462515781607,0.7101536381477882,0.8285125778390863,0.9453125,0.9925781250000001,0.6218905472636815,increase,False,8
aec,first_click_miss,gamma,frontal_central,frontal_central,-0.002385486150160432,-0.061043685147790884,0.8678066790089337,0.9552641210293509,1.0,1.0,0.8905472636815921,decrease,False,8
aec,first_click_miss,gamma,frontal_central,central,-0.011262534186244011,-0.3591339164024581,0.34354868853321796,0.6012102049331315,0.3125,0.618389423076923,0.27860696517412936,decrease,False,8
aec,first_click_miss,gamma,frontal_central,parietal,-0.014288133010268211,-0.48314399962570515,0.21404204471405366,0.5484167487181323,0.1953125,0.5126953125,0.263681592039801,decrease,False,8
aec,first_click_miss,gamma,frontal_central,occipital,-0.03176506981253624,-0.8332405818247216,0.05058181251939656,0.25824906641020506,0.078125,0.328125,0.09950248756218906,decrease,False,8
aec,first_click_miss,gamma,frontal_central,temporal,0.015624423511326313,0.6778269487637955,0.09672974480552884,0.33498097589740405,0.109375,0.328125,0.06965174129353234,increase,False,8
aec,first_click_miss,gamma,central,central,0.0008549774065613747,0.020554599753011916,0.9552641210293509,0.9552641210293509,0.7421875,0.97412109375,0.945273631840796,increase,False,8
aec,first_click_miss,gamma,central,parietal,-0.010953091084957123,-0.9009844651292593,0.038194431719745674,0.25824906641020506,0.0390625,0.2734375,0.07462686567164178,decrease,False,8
aec,first_click_miss,gamma,central,occipital,-0.013108305633068085,-0.27678747203931336,0.45936271669656126,0.6431078033751857,0.84375,0.984375,0.582089552238806,decrease,False,8
aec,first_click_miss,gamma,central,temporal,-0.011812657117843628,-0.31198341787435513,0.4068286381626609,0.6283937890926546,0.3828125,0.618389423076923,0.4228855721393035,decrease,False,8
aec,first_click_miss,gamma,parietal,parietal,-0.006684090010821819,-0.23562893274562682,0.5264655774714284,0.6909860704312498,0.84375,0.984375,0.5124378109452736,decrease,False,8
aec,first_click_miss,gamma,parietal,occipital,-0.013345256447792053,-0.4562780549507591,0.23784901222901894,0.5484167487181323,0.3828125,0.618389423076923,0.20398009950248755,decrease,False,8
aec,first_click_miss,gamma,parietal,temporal,-0.01461637020111084,-1.1473647255620398,0.014150158365212858,0.148576662834735,0.0234375,0.24609375,0.009950248756218905,decrease,False,8
aec,first_click_miss,gamma,occipital,occipital,-0.07408704608678818,-0.6432687252308472,0.11166032529913468,0.33498097589740405,0.109375,0.328125,0.10945273631840796,decrease,False,8
aec,first_click_miss,gamma,occipital,temporal,-0.012769602239131927,-0.43214727013376,0.2611508327229201,0.5484167487181323,0.3828125,0.618389423076923,0.26865671641791045,decrease,False,8
aec,first_click_miss,gamma,temporal,temporal,-0.020452499389648438,-0.7864009820234896,0.06148787295481073,0.25824906641020506,0.109375,0.328125,0.0845771144278607,decrease,False,8
aec,network_jitter,theta,frontal,frontal,0.04547284543514252,0.6563186771063939,0.0844799602505832,0.21758356839836887,0.12890625,0.30078125,0.08955223880597014,increase,False,9
aec,network_jitter,theta,frontal,frontal_central,0.018486471846699715,0.35011021170959855,0.32425645095470124,0.48594338654330194,0.65234375,0.7610677083333334,0.4079601990049751,increase,False,9
aec,network_jitter,theta,frontal,central,0.011928185820579529,0.30637866310248213,0.3848997017679002,0.48594338654330194,0.359375,0.5031249999999999,0.36318407960199006,increase,False,9
aec,network_jitter,theta,frontal,parietal,0.04408659413456917,1.0161298275723563,0.015859786526771693,0.06661110341244111,0.01953125,0.08203125,0.03482587064676617,increase,False,9
aec,network_jitter,theta,frontal,occipital,0.08582714200019836,1.372363979170643,0.0033576339163129527,0.0315228230261329,0.0078125,0.0615234375,0.009950248756218905,increase,True,9
aec,network_jitter,theta,frontal,temporal,0.04644712433218956,0.9176975534302932,0.024939470569880523,0.08728814699458183,0.0390625,0.13671875,0.04477611940298507,increase,False,9
aec,network_jitter,theta,frontal_central,frontal_central,0.009046089835464954,0.17956027231644187,0.6047682727238767,0.6684280909053374,0.734375,0.8116776315789473,0.6417910447761194,increase,False,9
aec,network_jitter,theta,frontal_central,central,-0.001150541822426021,-0.035873894700997375,0.9169459294365471,0.9169459294365471,0.65234375,0.7610677083333334,0.9303482587064676,decrease,False,9
aec,network_jitter,theta,frontal_central,parietal,0.033918604254722595,1.3103644266974142,0.004349997926340756,0.0315228230261329,0.0078125,0.0615234375,0.009950248756218905,increase,True,9
aec,network_jitter,theta,frontal_central,occipital,0.034651730209589005,0.5310309486231604,0.14980487109761195,0.2979679423489553,0.12890625,0.30078125,0.13930348258706468,increase,False,9
aec,network_jitter,theta,frontal_central,temporal,0.026225702837109566,0.5218610998988986,0.1560784459923099,0.2979679423489553,0.203125,0.3877840909090909,0.19402985074626866,increase,False,9
aec,network_jitter,theta,central,central,0.00427529402077198,0.06808032336086481,0.8432653584375935,0.8854286263594733,0.8203125,0.861328125,0.8159203980099502,increase,False,9
aec,network_jitter,theta,central,parietal,0.010774769820272923,0.3011518539416865,0.39267539797077344,0.48594338654330194,0.91015625,0.91015625,0.3582089552238806,increase,False,9
aec,network_jitter,theta,central,occipital,0.02270098775625229,0.38505651018283377,0.28135567534499617,0.45449762940345534,0.30078125,0.451171875,0.31343283582089554,increase,False,9
aec,network_jitter,theta,central,temporal,0.04348857328295708,1.0464114456742695,0.013821196823734,0.06661110341244111,0.01171875,0.0615234375,0.01990049751243781,increase,False,9
aec,network_jitter,theta,parietal,parietal,0.012717310339212418,0.4286044751083138,0.23447501168211737,0.41033127044370543,0.25,0.40384615384615385,0.20398009950248755,increase,False,9
aec,network_jitter,theta,parietal,occipital,0.04230041801929474,1.3021635282634565,0.0045032604323047,0.0315228230261329,0.01171875,0.0615234375,0.009950248756218905,increase,True,9
aec,network_jitter,theta,parietal,temporal,0.03362346813082695,0.6349925158493456,0.09325010074215809,0.21758356839836887,0.25,0.40384615384615385,0.1044776119402985,increase,False,9
aec,network_jitter,theta,occipital,occipital,0.0329718142747879,0.24877206923220022,0.476832663451202,0.5563047740264023,0.5703125,0.74853515625,0.5074626865671642,increase,False,9
aec,network_jitter,theta,occipital,temporal,0.05247815325856209,0.7284297122904876,0.06036269608199023,0.1810880882459707,0.07421875,0.22265625,0.05472636815920398,increase,False,9
aec,network_jitter,theta,temporal,temporal,0.02667231671512127,0.30068012558718393,0.3933827414874349,0.48594338654330194,0.1640625,0.34453125,0.39303482587064675,increase,False,9
aec,network_jitter,alpha,frontal,frontal,0.009518793784081936,0.14306172119750996,0.6791125898204589,0.9947076118477185,0.8203125,1.0,0.736318407960199,increase,False,9
aec,network_jitter,alpha,frontal,frontal_central,0.00010588517034193501,0.0022810308548964803,0.9947076118477185,0.9947076118477185,1.0,1.0,0.9950248756218906,increase,False,9
aec,network_jitter,alpha,frontal,central,0.00612577935680747,0.1377717433951665,0.690232394297374,0.9947076118477185,0.8203125,1.0,0.6965174129353234,increase,False,9
aec,network_jitter,alpha,frontal,parietal,0.00608406774699688,0.14054752713480506,0.6843873379221936,0.9947076118477185,0.8203125,1.0,0.6069651741293532,increase,False,9
aec,network_jitter,alpha,frontal,occipital,0.008587871678173542,0.08363834670064843,0.8082042092856485,0.9947076118477185,0.5703125,1.0,0.9253731343283582,increase,False,9
aec,network_jitter,alpha,frontal,temporal,0.013370990753173828,0.3612331745195718,0.31007515817831316,0.9947076118477185,0.359375,1.0,0.3383084577114428,increase,False,9
aec,network_jitter,alpha,frontal_central,frontal_central,-0.029242463409900665,-0.6859103591885406,0.07361896944593115,0.9826361137390265,0.09765625,0.861328125,0.06467661691542288,decrease,False,9
aec,network_jitter,alpha,frontal_central,central,-0.015265530906617641,-0.5454925778585399,0.14037658767700378,0.9826361137390265,0.12890625,0.861328125,0.14427860696517414,decrease,False,9
aec,network_jitter,alpha,frontal_central,parietal,0.005214170552790165,0.13068301518818823,0.7052592941599639,0.9947076118477185,0.734375,1.0,0.7213930348258707,increase,False,9
aec,network_jitter,alpha,frontal_central,occipital,0.009652272798120975,0.11597143430144985,0.7368816972078531,0.9947076118477185,1.0,1.0,0.8109452736318408,increase,False,9
aec,network_jitter,alpha,frontal_central,temporal,0.0005371819133870304,0.014443655376976186,0.9664997067606631,0.9947076118477185,1.0,1.0,0.9850746268656716,increase,False,9
aec,network_jitter,alpha,central,central,-0.011789686977863312,-0.13800183337816654,0.6897470566564667,0.9947076118477185,0.8203125,1.0,0.7064676616915423,decrease,False,9
aec,network_jitter,alpha,central,parietal,-0.0023949062451720238,-0.058409432480759464,0.8652540896457708,0.9947076118477185,0.49609375,1.0,0.9552238805970149,decrease,False,9
aec,network_jitter,alpha,central,occipital,-0.01935914158821106,-0.3910957446339122,0.27442739880178185,0.9947076118477185,0.1640625,0.861328125,0.22885572139303484,decrease,False,9
aec,network_jitter,alpha,central,temporal,0.006483009085059166,0.13533586139452045,0.6953800384018594,0.9947076118477185,0.25,1.0,0.7114427860696517,increase,False,9
aec,network_jitter,alpha,parietal,parietal,0.012420248240232468,0.32892376364767006,0.35265530613940904,0.9947076118477185,0.49609375,1.0,0.26865671641791045,increase,False,9
aec,network_jitter,alpha,parietal,occipital,0.004550211131572723,0.05836889829907608,0.8653465225931485,0.9947076118477185,0.91015625,1.0,0.9154228855721394,increase,False,9
aec,network_jitter,alpha,parietal,temporal,0.0035252897068858147,0.11172181398868795,0.7461197705231147,0.9947076118477185,0.65234375,1.0,0.7412935323383084,increase,False,9
aec,network_jitter,alpha,occipital,occipital,0.025232579559087753,0.16730065364385838,0.629255987874926,0.9947076118477185,1.0,1.0,0.6567164179104478,increase,False,9
aec,network_jitter,alpha,occipital,temporal,0.017934627830982208,0.5897607095234689,0.1148117030345326,0.9826361137390265,0.09765625,0.861328125,0.0945273631840796,increase,False,9
aec,network_jitter,alpha,temporal,temporal,0.0006595858139917254,0.010778190629862003,0.9749973444126765,0.9947076118477185,0.91015625,1.0,0.9751243781094527,increase,False,9
aec,network_jitter,beta,frontal,frontal,-0.011806883849203587,-0.2922647066111592,0.406156554690122,0.9353991845801877,0.42578125,1.0,0.38308457711442784,decrease,False,9
aec,network_jitter,beta,frontal,frontal_central,-0.003515856107696891,-0.10773351843843702,0.754829708481106,0.9353991845801877,0.8203125,1.0,0.7412935323383084,decrease,False,9
aec,network_jitter,beta,frontal,central,-0.0052810730412602425,-0.21207203103573768,0.542405208970668,0.9353991845801877,0.42578125,1.0,0.4975124378109453,decrease,False,9
aec,network_jitter,beta,frontal,parietal,0.003363307099789381,0.15102707203724755,0.6625262130612534,0.9353991845801877,0.65234375,1.0,0.6019900497512438,increase,False,9
aec,network_jitter,beta,frontal,occipital,-0.0028673005290329456,-0.10331223454274714,0.7645289996648628,0.9353991845801877,0.91015625,1.0,0.7960199004975125,decrease,False,9
aec,network_jitter,beta,frontal,temporal,-0.00769428163766861,-0.4268460103873854,0.23623251009730556,0.9353991845801877,0.30078125,1.0,0.2935323383084577,decrease,False,9
aec,network_jitter,beta,frontal_central,frontal_central,-0.011348254978656769,-0.2890612919456977,0.41109608658252916,0.9353991845801877,0.42578125,1.0,0.3681592039800995,decrease,False,9
aec,network_jitter,beta,frontal_central,central,-0.007818717509508133,-0.34069444002119054,0.3366516737981135,0.9353991845801877,0.30078125,1.0,0.373134328358209,decrease,False,9
aec,network_jitter,beta,frontal_central,parietal,0.0042283502407372,0.17208366689638407,0.6196416787045202,0.9353991845801877,0.734375,1.0,0.4925373134328358,increase,False,9
aec,network_jitter,beta,frontal_central,occipital,0.0010666123125702143,0.03615654170108916,0.9162944231030643,0.9621091442582176,0.91015625,1.0,0.9353233830845771,increase,False,9
aec,network_jitter,beta,frontal_central,temporal,0.0030973097309470177,0.21651098779421435,0.5341948245528324,0.9353991845801877,0.65234375,1.0,0.4626865671641791,increase,False,9
aec,network_jitter,beta,central,central,0.008255036547780037,0.17816614220740334,0.607527057538926,0.9353991845801877,0.734375,1.0,0.5970149253731343,increase,False,9
aec,network_jitter,beta,central,parietal,-0.009986568242311478,-0.37754990741144223,0.2901644302540917,0.9353991845801877,0.49609375,1.0,0.30845771144278605,decrease,False,9
aec,network_jitter,beta,central,occipital,-0.01337413489818573,-0.3725087062080071,0.2962037185418001,0.9353991845801877,0.30078125,1.0,0.263681592039801,decrease,False,9
aec,network_jitter,beta,central,temporal,0.002194449305534363,0.08651423126116103,0.8017707296401608,0.9353991845801877,1.0,1.0,0.8606965174129353,increase,False,9
aec,network_jitter,beta,parietal,parietal,-0.0051636844873428345,-0.1306780116408818,0.7052699306146845,0.9353991845801877,1.0,1.0,0.7313432835820896,decrease,False,9
aec,network_jitter,beta,parietal,occipital,0.0002734255394898355,0.006405749569813623,0.9851384915077034,0.9851384915077034,1.0,1.0,0.9950248756218906,increase,False,9
aec,network_jitter,beta,parietal,temporal,-0.0024766838178038597,-0.11154847348720344,0.7464975368990504,0.9353991845801877,0.734375,1.0,0.7263681592039801,decrease,False,9
aec,network_jitter,beta,occipital,occipital,0.005929125472903252,0.045156510360815354,0.8955872647856407,0.9621091442582176,1.0,1.0,0.8606965174129353,increase,False,9
aec,network_jitter,beta,occipital,temporal,-0.013253028504550457,-0.6824966863842948,0.07479908699705047,0.9353991845801877,0.0546875,1.0,0.05970149253731343,decrease,False,9
aec,network_jitter,beta,temporal,temporal,0.0071431598626077175,0.15225075956620923,0.659995253118844,0.9353991845801877,1.0,1.0,0.8407960199004975,increase,False,9
aec,network_jitter,gamma,frontal,frontal,-0.006707522552460432,-0.15721015598779656,0.6497856618214614,0.7996569825933704,0.65234375,0.8567708333333334,0.6218905472636815,decrease,False,9
aec,network_jitter,gamma,frontal,frontal_central,-0.01363830454647541,-0.8371437122124123,0.036289936054502106,0.46395367522749864,0.0546875,0.54140625,0.05970149253731343,decrease,False,9
aec,network_jitter,gamma,frontal,central,-0.0005127419135533273,-0.020212537001419947,0.9531352968925366,0.9531352968925366,1.0,1.0,0.9502487562189055,decrease,False,9
aec,network_jitter,gamma,frontal,parietal,0.006741231307387352,0.28687804548729756,0.4144869949964024,0.7996569825933704,0.65234375,0.8567708333333334,0.39800995024875624,increase,False,9
aec,network_jitter,gamma,frontal,occipital,0.010883842594921589,0.25229905380434614,0.4708129214496667,0.7996569825933704,0.734375,0.8567708333333334,0.5870646766169154,increase,False,9
aec,network_jitter,gamma,frontal,temporal,0.003908112645149231,0.14688424293548966,0.6711288783224545,0.7996569825933704,0.734375,0.8567708333333334,0.7064676616915423,increase,False,9
aec,network_jitter,gamma,frontal_central,frontal_central,-0.020120784640312195,-0.6806933575077865,0.07542992935864849,0.5280095055105395,0.07421875,0.54140625,0.05970149253731343,decrease,False,9
aec,network_jitter,gamma,frontal_central,central,-0.01859951950609684,-0.7950645910309606,0.04418606430738082,0.46395367522749864,0.09765625,0.54140625,0.06467661691542288,decrease,False,9
aec,network_jitter,gamma,frontal_central,parietal,-0.002064957981929183,-0.1400562186321217,0.6854202707943174,0.7996569825933704,0.734375,0.8567708333333334,0.6417910447761194,decrease,False,9
aec,network_jitter,gamma,frontal_central,occipital,-0.012098784558475018,-0.5865861313703129,0.11648962551474111,0.6115705339523909,0.12890625,0.54140625,0.0945273631840796,decrease,False,9
aec,network_jitter,gamma,frontal_central,temporal,-0.0019087394466623664,-0.08598458890790787,0.8029543436610743,0.8431020608441281,0.8203125,0.861328125,0.7761194029850746,decrease,False,9
aec,network_jitter,gamma,central,central,-0.006132157053798437,-0.2177614611131468,0.5318955185103056,0.7996569825933704,0.49609375,0.8567708333333334,0.5373134328358209,decrease,False,9
aec,network_jitter,gamma,central,parietal,0.0032389441039413214,0.19752308441537353,0.5698356009767253,0.7996569825933704,0.65234375,0.8567708333333334,0.5671641791044776,increase,False,9
aec,network_jitter,gamma,central,occipital,-0.01440863125026226,-0.5263795664768527,0.15295793485488632,0.6424233263905226,0.12890625,0.54140625,0.11940298507462686,decrease,False,9
aec,network_jitter,gamma,central,temporal,-0.004084309563040733,-0.17956573847213575,0.6047574109169778,0.7996569825933704,0.65234375,0.8567708333333334,0.5771144278606966,decrease,False,9
aec,network_jitter,gamma,parietal,parietal,0.004401290789246559,0.20821936200743493,0.5495917897476557,0.7996569825933704,0.5703125,0.8567708333333334,0.5621890547263682,increase,False,9
aec,network_jitter,gamma,parietal,occipital,-0.008225682191550732,-0.34773742494935483,0.3273461212781157,0.7940445859747285,0.359375,0.8567708333333334,0.30845771144278605,decrease,False,9
aec,network_jitter,gamma,parietal,temporal,0.011039712466299534,0.42290320781678487,0.24021353816570906,0.7940445859747285,0.25,0.8567708333333334,0.26865671641791045,increase,False,9
aec,network_jitter,gamma,occipital,occipital,0.02122778445482254,0.11261893618952257,0.7441658709361354,0.8224991205083602,0.8203125,0.861328125,0.7611940298507462,increase,False,9
aec,network_jitter,gamma,occipital,temporal,-0.015589109621942043,-0.3379704678852396,0.3403048225605979,0.7940445859747285,0.49609375,0.8567708333333334,0.34328358208955223,decrease,False,9
aec,network_jitter,gamma,temporal,temporal,0.011244739405810833,0.35173552032208033,0.32215313719622757,0.7940445859747285,0.42578125,0.8567708333333334,0.29850746268656714,increase,False,9
aec,overlay_blocking,theta,frontal,frontal,0.08850967884063721,0.0,1.0,1.0,1.0,1.0,,increase,False,1
aec,overlay_blocking,theta,frontal,frontal_central,0.18593081831932068,0.0,1.0,1.0,1.0,1.0,,increase,False,1
aec,overlay_blocking,theta,frontal,central,0.10869251191616058,0.0,1.0,1.0,1.0,1.0,,increase,False,1
aec,overlay_blocking,theta,frontal,parietal,0.15720155835151672,0.0,1.0,1.0,1.0,1.0,,increase,False,1
aec,overlay_blocking,theta,frontal,occipital,0.22161489725112915,0.0,1.0,1.0,1.0,1.0,,increase,False,1
aec,overlay_blocking,theta,frontal,temporal,0.06592382490634918,0.0,1.0,1.0,1.0,1.0,,increase,False,1
aec,overlay_blocking,theta,frontal_central,frontal_central,0.17539705336093903,0.0,1.0,1.0,1.0,1.0,,increase,False,1
aec,overlay_blocking,theta,frontal_central,central,0.08691652119159698,0.0,1.0,1.0,1.0,1.0,,increase,False,1
aec,overlay_blocking,theta,frontal_central,parietal,0.16975799202919006,0.0,1.0,1.0,1.0,1.0,,increase,False,1
aec,overlay_blocking,theta,frontal_central,occipital,0.27665483951568604,0.0,1.0,1.0,1.0,1.0,,increase,False,1
aec,overlay_blocking,theta,frontal_central,temporal,0.05093906819820404,0.0,1.0,1.0,1.0,1.0,,increase,False,1
aec,overlay_blocking,theta,central,central,-0.055879101157188416,0.0,1.0,1.0,1.0,1.0,,decrease,False,1
aec,overlay_blocking,theta,central,parietal,0.08512920141220093,0.0,1.0,1.0,1.0,1.0,,increase,False,1
aec,overlay_blocking,theta,central,occipital,0.10589295625686646,0.0,1.0,1.0,1.0,1.0,,increase,False,1
aec,overlay_blocking,theta,central,temporal,0.0615866482257843,0.0,1.0,1.0,1.0,1.0,,increase,False,1
aec,overlay_blocking,theta,parietal,parietal,0.04822187125682831,0.0,1.0,1.0,1.0,1.0,,increase,False,1
aec,overlay_blocking,theta,parietal,occipital,0.1673170030117035,0.0,1.0,1.0,1.0,1.0,,increase,False,1
aec,overlay_blocking,theta,parietal,temporal,0.019519567489624023,0.0,1.0,1.0,1.0,1.0,,increase,False,1
aec,overlay_blocking,theta,occipital,occipital,0.06605362892150879,0.0,1.0,1.0,1.0,1.0,,increase,False,1
aec,overlay_blocking,theta,occipital,temporal,0.12484008073806763,0.0,1.0,1.0,1.0,1.0,,increase,False,1
aec,overlay_blocking,theta,temporal,temporal,0.04939725995063782,0.0,1.0,1.0,1.0,1.0,,increase,False,1
aec,overlay_blocking,alpha,frontal,frontal,-0.07133211195468903,0.0,1.0,1.0,1.0,1.0,,decrease,False,1
aec,overlay_blocking,alpha,frontal,frontal_central,-0.04882815480232239,0.0,1.0,1.0,1.0,1.0,,decrease,False,1
aec,overlay_blocking,alpha,frontal,central,-0.0027161166071891785,0.0,1.0,1.0,1.0,1.0,,decrease,False,1
aec,overlay_blocking,alpha,frontal,parietal,-0.06968677043914795,0.0,1.0,1.0,1.0,1.0,,decrease,False,1
aec,overlay_blocking,alpha,frontal,occipital,0.08861486613750458,0.0,1.0,1.0,1.0,1.0,,increase,False,1
aec,overlay_blocking,alpha,frontal,temporal,0.03207545727491379,0.0,1.0,1.0,1.0,1.0,,increase,False,1
aec,overlay_blocking,alpha,frontal_central,frontal_central,0.008552417159080505,0.0,1.0,1.0,1.0,1.0,,increase,False,1
aec,overlay_blocking,alpha,frontal_central,central,0.07662944495677948,0.0,1.0,1.0,1.0,1.0,,increase,False,1
aec,overlay_blocking,alpha,frontal_central,parietal,0.044793933629989624,0.0,1.0,1.0,1.0,1.0,,increase,False,1
aec,overlay_blocking,alpha,frontal_central,occipital,0.15380637347698212,0.0,1.0,1.0,1.0,1.0,,increase,False,1
aec,overlay_blocking,alpha,frontal_central,temporal,0.045332230627536774,0.0,1.0,1.0,1.0,1.0,,increase,False,1
aec,overlay_blocking,alpha,central,central,-0.06960741430521011,0.0,1.0,1.0,1.0,1.0,,decrease,False,1
aec,overlay_blocking,alpha,central,parietal,-0.02966504544019699,0.0,1.0,1.0,1.0,1.0,,decrease,False,1
aec,overlay_blocking,alpha,central,occipital,0.10194137692451477,0.0,1.0,1.0,1.0,1.0,,increase,False,1
aec,overlay_blocking,alpha,central,temporal,0.029774710536003113,0.0,1.0,1.0,1.0,1.0,,increase,False,1
aec,overlay_blocking,alpha,parietal,parietal,-0.016536936163902283,0.0,1.0,1.0,1.0,1.0,,decrease,False,1
aec,overlay_blocking,alpha,parietal,occipital,0.11967077851295471,0.0,1.0,1.0,1.0,1.0,,increase,False,1
aec,overlay_blocking,alpha,parietal,temporal,0.03301648050546646,0.0,1.0,1.0,1.0,1.0,,increase,False,1
aec,overlay_blocking,alpha,occipital,occipital,0.2922273874282837,0.0,1.0,1.0,1.0,1.0,,increase,False,1
aec,overlay_blocking,alpha,occipital,temporal,0.18857945501804352,0.0,1.0,1.0,1.0,1.0,,increase,False,1
aec,overlay_blocking,alpha,temporal,temporal,-0.07066050171852112,0.0,1.0,1.0,1.0,1.0,,decrease,False,1
aec,overlay_blocking,beta,frontal,frontal,-0.05345344543457031,0.0,1.0,1.0,1.0,1.0,,decrease,False,1
aec,overlay_blocking,beta,frontal,frontal_central,0.02065996080636978,0.0,1.0,1.0,1.0,1.0,,increase,False,1
aec,overlay_blocking,beta,frontal,central,0.022053271532058716,0.0,1.0,1.0,1.0,1.0,,increase,False,1
aec,overlay_blocking,beta,frontal,parietal,-0.010220486670732498,0.0,1.0,1.0,1.0,1.0,,decrease,False,1
aec,overlay_blocking,beta,frontal,occipital,0.021583259105682373,0.0,1.0,1.0,1.0,1.0,,increase,False,1
aec,overlay_blocking,beta,frontal,temporal,0.018392790108919144,0.0,1.0,1.0,1.0,1.0,,increase,False,1
aec,overlay_blocking,beta,frontal_central,frontal_central,0.09130702912807465,0.0,1.0,1.0,1.0,1.0,,increase,False,1
aec,overlay_blocking,beta,frontal_central,central,0.1069999635219574,0.0,1.0,1.0,1.0,1.0,,increase,False,1
aec,overlay_blocking,beta,frontal_central,parietal,0.04311839118599892,0.0,1.0,1.0,1.0,1.0,,increase,False,1
aec,overlay_blocking,beta,frontal_central,occipital,0.05439896881580353,0.0,1.0,1.0,1.0,1.0,,increase,False,1
aec,overlay_blocking,beta,frontal_central,temporal,0.010025307536125183,0.0,1.0,1.0,1.0,1.0,,increase,False,1
aec,overlay_blocking,beta,central,central,0.06200383976101875,0.0,1.0,1.0,1.0,1.0,,increase,False,1
aec,overlay_blocking,beta,central,parietal,-0.004756912589073181,0.0,1.0,1.0,1.0,1.0,,decrease,False,1
aec,overlay_blocking,beta,central,occipital,-0.08584515750408173,0.0,1.0,1.0,1.0,1.0,,decrease,False,1
aec,overlay_blocking,beta,central,temporal,-0.0049208104610443115,0.0,1.0,1.0,1.0,1.0,,decrease,False,1
aec,overlay_blocking,beta,parietal,parietal,0.015517771244049072,0.0,1.0,1.0,1.0,1.0,,increase,False,1
aec,overlay_blocking,beta,parietal,occipital,0.0647830218076706,0.0,1.0,1.0,1.0,1.0,,increase,False,1
aec,overlay_blocking,beta,parietal,temporal,-0.015507210046052933,0.0,1.0,1.0,1.0,1.0,,decrease,False,1
aec,overlay_blocking,beta,occipital,occipital,0.07151265442371368,0.0,1.0,1.0,1.0,1.0,,increase,False,1
aec,overlay_blocking,beta,occipital,temporal,0.0058290958404541016,0.0,1.0,1.0,1.0,1.0,,increase,False,1
aec,overlay_blocking,beta,temporal,temporal,-0.12492404133081436,0.0,1.0,1.0,1.0,1.0,,decrease,False,1
aec,overlay_blocking,gamma,frontal,frontal,0.03460864722728729,0.0,1.0,1.0,1.0,1.0,,increase,False,1
aec,overlay_blocking,gamma,frontal,frontal_central,0.05004504323005676,0.0,1.0,1.0,1.0,1.0,,increase,False,1
aec,overlay_blocking,gamma,frontal,central,0.006682652980089188,0.0,1.0,1.0,1.0,1.0,,increase,False,1
aec,overlay_blocking,gamma,frontal,parietal,0.008008366450667381,0.0,1.0,1.0,1.0,1.0,,increase,False,1
aec,overlay_blocking,gamma,frontal,occipital,0.0069138407707214355,0.0,1.0,1.0,1.0,1.0,,increase,False,1
aec,overlay_blocking,gamma,frontal,temporal,0.0024061501026153564,0.0,1.0,1.0,1.0,1.0,,increase,False,1
aec,overlay_blocking,gamma,frontal_central,frontal_central,0.08817601203918457,0.0,1.0,1.0,1.0,1.0,,increase,False,1
aec,overlay_blocking,gamma,frontal_central,central,0.07482936978340149,0.0,1.0,1.0,1.0,1.0,,increase,False,1
aec,overlay_blocking,gamma,frontal_central,parietal,-0.010539913550019264,0.0,1.0,1.0,1.0,1.0,,decrease,False,1
aec,overlay_blocking,gamma,frontal_central,occipital,0.11026334762573242,0.0,1.0,1.0,1.0,1.0,,increase,False,1
aec,overlay_blocking,gamma,frontal_central,temporal,-0.02011939510703087,0.0,1.0,1.0,1.0,1.0,,decrease,False,1
aec,overlay_blocking,gamma,central,central,-0.04287468641996384,0.0,1.0,1.0,1.0,1.0,,decrease,False,1
aec,overlay_blocking,gamma,central,parietal,-0.05183068662881851,0.0,1.0,1.0,1.0,1.0,,decrease,False,1
aec,overlay_blocking,gamma,central,occipital,0.053137946873903275,0.0,1.0,1.0,1.0,1.0,,increase,False,1
aec,overlay_blocking,gamma,central,temporal,0.014279386028647423,0.0,1.0,1.0,1.0,1.0,,increase,False,1
aec,overlay_blocking,gamma,parietal,parietal,-0.012765064835548401,0.0,1.0,1.0,1.0,1.0,,decrease,False,1
aec,overlay_blocking,gamma,parietal,occipital,-0.012454386800527573,0.0,1.0,1.0,1.0,1.0,,decrease,False,1
aec,overlay_blocking,gamma,parietal,temporal,0.026617469266057014,0.0,1.0,1.0,1.0,1.0,,increase,False,1
aec,overlay_blocking,gamma,occipital,occipital,-0.03719913586974144,0.0,1.0,1.0,1.0,1.0,,decrease,False,1
aec,overlay_blocking,gamma,occipital,temporal,-0.03196334093809128,0.0,1.0,1.0,1.0,1.0,,decrease,False,1
aec,overlay_blocking,gamma,temporal,temporal,0.013209577649831772,0.0,1.0,1.0,1.0,1.0,,increase,False,1
aec,price_change,theta,frontal,frontal,-0.04736154526472092,-0.5107263241082544,0.3171652871338352,0.8652577601106526,0.3125,0.875,0.38308457711442784,decrease,False,5
aec,price_change,theta,frontal,frontal_central,-0.028474975377321243,-0.6135711313959069,0.24198206132622288,0.8652577601106526,0.4375,0.875,0.3880597014925373,decrease,False,5
aec,price_change,theta,frontal,central,0.022318389266729355,0.28023747388990594,0.5648880416735624,0.8652577601106526,0.625,0.875,0.5373134328358209,increase,False,5
aec,price_change,theta,frontal,parietal,-0.03121001087129116,-0.3632697078325698,0.46219777089705383,0.8652577601106526,0.4375,0.875,0.5373134328358209,decrease,False,5
aec,price_change,theta,frontal,occipital,-0.0765521377325058,-0.7383099034666782,0.17410127351428056,0.8652577601106526,0.1875,0.875,0.1691542288557214,decrease,False,5
aec,price_change,theta,frontal,temporal,-0.0251945611089468,-0.31710336231545444,0.5174254845990585,0.8652577601106526,0.3125,0.875,0.4228855721393035,decrease,False,5
aec,price_change,theta,frontal_central,frontal_central,-0.006181088276207447,-0.1350534441081448,0.7777111312746294,0.8652577601106526,0.625,0.875,0.7014925373134329,decrease,False,5
aec,price_change,theta,frontal_central,central,-0.03352119401097298,-0.46619864506591596,0.35605988304685926,0.8652577601106526,0.3125,0.875,0.3283582089552239,decrease,False,5
aec,price_change,theta,frontal_central,parietal,0.007539649493992329,0.22318256619846233,0.643941512274155,0.8652577601106526,0.8125,0.9479166666666667,0.6368159203980099,increase,False,5
aec,price_change,theta,frontal_central,occipital,-0.0181416068226099,-0.13181443423019554,0.7828522591477333,0.8652577601106526,0.8125,0.9479166666666667,0.6965174129353234,decrease,False,5
aec,price_change,theta,frontal_central,temporal,0.013508285395801067,0.235580205974871,0.6262111890098636,0.8652577601106526,0.625,0.875,0.6368159203980099,increase,False,5
aec,price_change,theta,central,central,0.005752092693001032,0.06134239207150493,0.8975269582564276,0.9204678422271079,1.0,1.0,0.9253731343283582,increase,False,5
aec,price_change,theta,central,parietal,-0.02430610917508602,-0.8522070659510173,0.129401579736602,0.8652577601106526,0.1875,0.875,0.19402985074626866,decrease,False,5
aec,price_change,theta,central,occipital,-0.006327900104224682,-0.047535363831751616,0.9204678422271079,0.9204678422271079,0.8125,0.9479166666666667,1.0,decrease,False,5
aec,price_change,theta,central,temporal,-0.02143910899758339,-0.17017205649480274,0.7229065725949826,0.8652577601106526,1.0,1.0,0.7114427860696517,decrease,False,5
aec,price_change,theta,parietal,parietal,-0.051387540996074677,-0.5527347355090488,0.28409619347421466,0.8652577601106526,0.0625,0.875,0.04975124378109453,decrease,False,5
aec,price_change,theta,parietal,occipital,0.02162068895995617,0.2877340807813414,0.5549995981643938,0.8652577601106526,0.4375,0.875,0.5422885572139303,increase,False,5
aec,price_change,theta,parietal,temporal,0.013710388913750648,0.2771100147772542,0.5690485655009652,0.8652577601106526,0.625,0.875,0.6019900497512438,increase,False,5
aec,price_change,theta,occipital,occipital,0.03327084705233574,0.5362241132011336,0.29668762864696707,0.8652577601106526,0.3125,0.875,0.3482587064676617,increase,False,5
aec,price_change,theta,occipital,temporal,-0.018178865313529968,-0.16645660587861127,0.7286183507084159,0.8652577601106526,1.0,1.0,0.8955223880597015,decrease,False,5
aec,price_change,theta,temporal,temporal,0.015667691826820374,0.26309810003537865,0.5879406342546836,0.8652577601106526,0.625,0.875,0.6218905472636815,increase,False,5
aec,price_change,alpha,frontal,frontal,0.08246797323226929,0.3257973239491167,0.5066640325019195,0.9874817683991454,0.8125,1.0,0.4975124378109453,increase,False,5
aec,price_change,alpha,frontal,frontal_central,0.02211102470755577,0.14279888587379996,0.7654733309153947,0.9874817683991454,1.0,1.0,0.8756218905472637,increase,False,5
aec,price_change,alpha,frontal,central,0.047902911901474,0.30479739292213515,0.5329413917022388,0.9874817683991454,1.0,1.0,0.7810945273631841,increase,False,5
aec,price_change,alpha,frontal,parietal,0.015880238264799118,0.09861051665156562,0.8362791381170998,0.9874817683991454,1.0,1.0,0.8557213930348259,increase,False,5
aec,price_change,alpha,frontal,occipital,-0.01414875965565443,-0.06381177300303274,0.8934358856944649,0.9874817683991454,1.0,1.0,0.9203980099502488,decrease,False,5
aec,price_change,alpha,frontal,temporal,0.07044366002082825,1.0238232691209512,0.08391821715808992,0.9874817683991454,0.0625,1.0,0.06965174129353234,increase,False,5
aec,price_change,alpha,frontal_central,frontal_central,-0.03519723564386368,-0.21458644400214358,0.6564066101552374,0.9874817683991454,0.8125,1.0,0.7412935323383084,decrease,False,5
aec,price_change,alpha,frontal_central,central,-0.02978726662695408,-0.17527051016757025,0.7151040749070011,0.9874817683991454,0.4375,1.0,0.5572139303482587,decrease,False,5
aec,price_change,alpha,frontal_central,parietal,-0.00023426712141372263,-0.0015379112113938834,0.997420867130388,0.997420867130388,1.0,1.0,1.0,decrease,False,5
aec,price_change,alpha,frontal_central,occipital,-0.021613001823425293,-0.12507414130119862,0.7935935898107517,0.9874817683991454,0.8125,1.0,0.7661691542288557,decrease,False,5
aec,price_change,alpha,frontal_central,temporal,0.010670771822333336,0.07775242754350573,0.8704199029176223,0.9874817683991454,1.0,1.0,0.8059701492537313,increase,False,5
aec,price_change,alpha,central,central,0.01984545961022377,0.13859140724233324,0.7721111762682865,0.9874817683991454,1.0,1.0,0.8606965174129353,increase,False,5
aec,price_change,alpha,central,parietal,-0.0027576207648962736,-0.015411627945241155,0.9741602778927383,0.997420867130388,0.625,1.0,0.8855721393034826,decrease,False,5
aec,price_change,alpha,central,occipital,-0.05216037109494209,-0.32577474349919167,0.5066917744661323,0.9874817683991454,0.625,1.0,0.47761194029850745,decrease,False,5
aec,price_change,alpha,central,temporal,0.023621413856744766,0.16769181283193826,0.7267170564062968,0.9874817683991454,1.0,1.0,0.8507462686567164,increase,False,5
aec,price_change,alpha,parietal,parietal,-0.012274285778403282,-0.08216468216929018,0.8631661244887323,0.9874817683991454,0.625,1.0,0.8955223880597015,decrease,False,5
aec,price_change,alpha,parietal,occipital,-0.03240055963397026,-0.20852283512769942,0.6652816756549678,0.9874817683991454,0.8125,1.0,0.6517412935323383,decrease,False,5
aec,price_change,alpha,parietal,temporal,0.0631260946393013,0.515464771079323,0.3132630905213313,0.9874817683991454,0.8125,1.0,0.5522388059701493,increase,False,5
aec,price_change,alpha,occipital,occipital,-0.09927058219909668,-0.9309338589600132,0.10582742502334991,0.9874817683991454,0.125,1.0,0.11442786069651742,decrease,False,5
aec,price_change,alpha,occipital,temporal,0.04561571776866913,0.4596941596623156,0.36208617744320026,0.9874817683991454,0.625,1.0,0.43781094527363185,increase,False,5
aec,price_change,alpha,temporal,temporal,0.09812149405479431,0.8013411631688837,0.14763169817619032,0.9874817683991454,0.1875,1.0,0.16417910447761194,increase,False,5
aec,price_change,beta,frontal,frontal,0.0425872877240181,0.31648282514525156,0.5181999434082188,0.9817533108894987,1.0,1.0,0.7860696517412935,increase,False,5
aec,price_change,beta,frontal,frontal_central,-0.016735602170228958,-0.25516852375864285,0.5988119624768893,0.9817533108894987,0.8125,1.0,0.6915422885572139,decrease,False,5
aec,price_change,beta,frontal,central,0.002181106712669134,0.034040777449841346,0.9429806971103349,0.9817533108894987,1.0,1.0,0.9054726368159204,increase,False,5
aec,price_change,beta,frontal,parietal,-0.00432537030428648,-0.08042446526728826,0.8660251470089079,0.9817533108894987,1.0,1.0,0.7412935323383084,decrease,False,5
aec,price_change,beta,frontal,occipital,0.007052953355014324,0.07117562306351152,0.8812605882726616,0.9817533108894987,1.0,1.0,0.8258706467661692,increase,False,5
aec,price_change,beta,frontal,temporal,0.011276179924607277,0.17892441621062552,0.7095379865635509,0.9817533108894987,1.0,1.0,0.7562189054726368,increase,False,5
aec,price_change,beta,frontal_central,frontal_central,-0.025563666597008705,-0.3441849209136306,0.4844542596899758,0.9817533108894987,0.8125,1.0,0.44776119402985076,decrease,False,5
aec,price_change,beta,frontal_central,central,-0.016124911606311798,-0.3269763076521112,0.5052174714791838,0.9817533108894987,0.625,1.0,0.6467661691542289,decrease,False,5
aec,price_change,beta,frontal_central,parietal,-0.0018550276290625334,-0.03438949704995398,0.9423980215980337,0.9817533108894987,0.8125,1.0,0.9402985074626866,decrease,False,5
aec,price_change,beta,frontal_central,occipital,0.0007872089627198875,0.010881565108905197,0.9817533108894987,0.9817533108894987,0.8125,1.0,1.0,increase,False,5
aec,price_change,beta,frontal_central,temporal,0.01803770288825035,0.25174203785315014,0.6035493135758188,0.9817533108894987,0.625,1.0,0.5870646766169154,increase,False,5
aec,price_change,beta,central,central,-0.005371174309402704,-0.09368878593771328,0.8442993739061376,0.9817533108894987,1.0,1.0,0.900497512437811,decrease,False,5
aec,price_change,beta,central,parietal,0.01752689853310585,0.2754897528177992,0.5712121493232214,0.9817533108894987,0.625,1.0,0.6417910447761194,increase,False,5
aec,price_change,beta,central,occipital,-0.003726959228515625,-0.035627913256564184,0.9403290112779684,0.9817533108894987,0.625,1.0,1.0,decrease,False,5
aec,price_change,beta,central,temporal,0.010356452316045761,0.1641676629311605,0.7321478502665754,0.9817533108894987,1.0,1.0,0.8805970149253731,increase,False,5
aec,price_change,beta,parietal,parietal,0.0040287659503519535,0.05623977692776957,0.9059924730051551,0.9817533108894987,1.0,1.0,0.8805970149253731,increase,False,5
aec,price_change,beta,parietal,occipital,-0.013941007666289806,-0.13032304571295325,0.7852239959364731,0.9817533108894987,1.0,1.0,0.9303482587064676,decrease,False,5
aec,price_change,beta,parietal,temporal,0.03153097257018089,0.4020662590375127,0.41945625362492917,0.9817533108894987,0.625,1.0,0.5024875621890548,increase,False,5
aec,price_change,beta,occipital,occipital,0.0031703889835625887,0.043038425575715335,0.9279612943618978,0.9817533108894987,1.0,1.0,1.0,increase,False,5
aec,price_change,beta,occipital,temporal,-0.004805222153663635,-0.050369414465611204,0.9157503774205284,0.9817533108894987,0.625,1.0,0.8756218905472637,decrease,False,5
aec,price_change,beta,temporal,temporal,0.03951799124479294,0.5626588419409706,0.2767736621444643,0.9817533108894987,0.625,1.0,0.5024875621890548,increase,False,5
aec,price_change,gamma,frontal,frontal,-0.004953897092491388,-0.056263607207603025,0.9059529132862735,0.9339816841094772,1.0,1.0,0.9353233830845771,decrease,False,5
aec,price_change,gamma,frontal,frontal_central,-0.019762685522437096,-0.3923137740846421,0.4298853767125445,0.9339816841094772,0.4375,1.0,0.472636815920398,decrease,False,5
aec,price_change,gamma,frontal,central,0.006000387016683817,0.17144229972076103,0.7209587121842516,0.9339816841094772,0.8125,1.0,0.6318407960199005,increase,False,5
aec,price_change,gamma,frontal,parietal,0.008175747469067574,0.22262631689100026,0.6447439524323606,0.9339816841094772,1.0,1.0,0.8855721393034826,increase,False,5
aec,price_change,gamma,frontal,occipital,-0.005195101257413626,-0.12593391832382564,0.7922203084958253,0.9339816841094772,0.625,1.0,0.7164179104477612,decrease,False,5
aec,price_change,gamma,frontal,temporal,-0.011900356970727444,-0.30321221395097864,0.5349640647880737,0.9339816841094772,0.625,1.0,0.572139303482587,decrease,False,5
aec,price_change,gamma,frontal_central,frontal_central,0.012313324958086014,0.3648454919834856,0.46039639870136057,0.9339816841094772,0.8125,1.0,0.6567164179104478,increase,False,5
aec,price_change,gamma,frontal_central,central,-0.031705163419246674,-1.0330863205345084,0.08202767292103091,0.8811698554342857,0.125,1.0,0.11940298507462686,decrease,False,5
aec,price_change,gamma,frontal_central,parietal,0.044777460396289825,1.0112593850896348,0.08656123166321682,0.8811698554342857,0.125,1.0,0.1890547263681592,increase,False,5
aec,price_change,gamma,frontal_central,occipital,-0.010069482028484344,-0.1274261270275603,0.7898390054548636,0.9339816841094772,1.0,1.0,0.8706467661691543,decrease,False,5
aec,price_change,gamma,frontal_central,temporal,0.00179070676676929,0.039429443086784054,0.9339816841094772,0.9339816841094772,1.0,1.0,1.0,increase,False,5
aec,price_change,gamma,central,central,0.023224815726280212,0.2789568857011396,0.5665891273621454,0.9339816841094772,0.625,1.0,0.5223880597014925,increase,False,5
aec,price_change,gamma,central,parietal,0.02652793563902378,0.6884577185965488,0.19853396512720367,0.9339816841094772,0.3125,1.0,0.1691542288557214,increase,False,5
aec,price_change,gamma,central,occipital,0.012366886250674725,0.22218287087580207,0.6453840545434888,0.9339816841094772,1.0,1.0,0.8557213930348259,increase,False,5
aec,price_change,gamma,central,temporal,-0.014308566227555275,-0.2604039007112178,0.5916198893914131,0.9339816841094772,0.625,1.0,0.6019900497512438,decrease,False,5
aec,price_change,gamma,parietal,parietal,0.01985878497362137,0.3267897333510478,0.5054462002852594,0.9339816841094772,0.625,1.0,0.5323383084577115,increase,False,5
aec,price_change,gamma,parietal,occipital,-0.005014500115066767,-0.0854050857307919,0.8578492367092292,0.9339816841094772,1.0,1.0,0.8756218905472637,decrease,False,5
aec,price_change,gamma,parietal,temporal,-0.0026792846620082855,-0.0628127923777399,0.8950904247334461,0.9339816841094772,1.0,1.0,0.8756218905472637,decrease,False,5
aec,price_change,gamma,occipital,occipital,-0.016031133010983467,-0.19313173573895712,0.6881059552753308,0.9339816841094772,0.625,1.0,0.5870646766169154,decrease,False,5
aec,price_change,gamma,occipital,temporal,-0.01971011981368065,-0.2275259953874858,0.637696252305985,0.9339816841094772,0.8125,1.0,0.6766169154228856,decrease,False,5
aec,price_change,gamma,temporal,temporal,-0.02664852701127529,-0.8629182060241941,0.12588140791918367,0.8811698554342857,0.1875,1.0,0.14427860696517414,decrease,False,5
aec,search_irrelevant,theta,frontal,frontal,0.18599790334701538,0.0,1.0,1.0,1.0,1.0,,increase,False,1
aec,search_irrelevant,theta,frontal,frontal_central,0.11282530426979065,0.0,1.0,1.0,1.0,1.0,,increase,False,1
aec,search_irrelevant,theta,frontal,central,0.203880175948143,0.0,1.0,1.0,1.0,1.0,,increase,False,1
aec,search_irrelevant,theta,frontal,parietal,0.04895472526550293,0.0,1.0,1.0,1.0,1.0,,increase,False,1
aec,search_irrelevant,theta,frontal,occipital,0.14974907040596008,0.0,1.0,1.0,1.0,1.0,,increase,False,1
aec,search_irrelevant,theta,frontal,temporal,0.37375548481941223,0.0,1.0,1.0,1.0,1.0,,increase,False,1
aec,search_irrelevant,theta,frontal_central,frontal_central,0.06884084641933441,0.0,1.0,1.0,1.0,1.0,,increase,False,1
aec,search_irrelevant,theta,frontal_central,central,0.1015738993883133,0.0,1.0,1.0,1.0,1.0,,increase,False,1
aec,search_irrelevant,theta,frontal_central,parietal,0.11366182565689087,0.0,1.0,1.0,1.0,1.0,,increase,False,1
aec,search_irrelevant,theta,frontal_central,occipital,0.13082897663116455,0.0,1.0,1.0,1.0,1.0,,increase,False,1
aec,search_irrelevant,theta,frontal_central,temporal,0.24948295950889587,0.0,1.0,1.0,1.0,1.0,,increase,False,1
aec,search_irrelevant,theta,central,central,0.11574548482894897,0.0,1.0,1.0,1.0,1.0,,increase,False,1
aec,search_irrelevant,theta,central,parietal,0.05309700965881348,0.0,1.0,1.0,1.0,1.0,,increase,False,1
aec,search_irrelevant,theta,central,occipital,0.2003786861896515,0.0,1.0,1.0,1.0,1.0,,increase,False,1
aec,search_irrelevant,theta,central,temporal,0.28178656101226807,0.0,1.0,1.0,1.0,1.0,,increase,False,1
aec,search_irrelevant,theta,parietal,parietal,-0.005599811673164368,0.0,1.0,1.0,1.0,1.0,,decrease,False,1
aec,search_irrelevant,theta,parietal,occipital,0.12751829624176025,0.0,1.0,1.0,1.0,1.0,,increase,False,1
aec,search_irrelevant,theta,parietal,temporal,0.13493220508098602,0.0,1.0,1.0,1.0,1.0,,increase,False,1
aec,search_irrelevant,theta,occipital,occipital,0.15069574117660522,0.0,1.0,1.0,1.0,1.0,,increase,False,1
aec,search_irrelevant,theta,occipital,temporal,0.39296287298202515,0.0,1.0,1.0,1.0,1.0,,increase,False,1
aec,search_irrelevant,theta,temporal,temporal,0.46910130977630615,0.0,1.0,1.0,1.0,1.0,,increase,False,1
aec,search_irrelevant,alpha,frontal,frontal,-0.059396594762802124,0.0,1.0,1.0,1.0,1.0,,decrease,False,1
aec,search_irrelevant,alpha,frontal,frontal_central,-0.06632004678249359,0.0,1.0,1.0,1.0,1.0,,decrease,False,1
aec,search_irrelevant,alpha,frontal,central,-0.018722251057624817,0.0,1.0,1.0,1.0,1.0,,decrease,False,1
aec,search_irrelevant,alpha,frontal,parietal,-0.09352755546569824,0.0,1.0,1.0,1.0,1.0,,decrease,False,1
aec,search_irrelevant,alpha,frontal,occipital,-0.12956511974334717,0.0,1.0,1.0,1.0,1.0,,decrease,False,1
aec,search_irrelevant,alpha,frontal,temporal,-0.05027758330106735,0.0,1.0,1.0,1.0,1.0,,decrease,False,1
aec,search_irrelevant,alpha,frontal_central,frontal_central,0.011385008692741394,0.0,1.0,1.0,1.0,1.0,,increase,False,1
aec,search_irrelevant,alpha,frontal_central,central,0.0376279354095459,0.0,1.0,1.0,1.0,1.0,,increase,False,1
aec,search_irrelevant,alpha,frontal_central,parietal,-0.013635709881782532,0.0,1.0,1.0,1.0,1.0,,decrease,False,1
aec,search_irrelevant,alpha,frontal_central,occipital,-0.10263819247484207,0.0,1.0,1.0,1.0,1.0,,decrease,False,1
aec,search_irrelevant,alpha,frontal_central,temporal,0.13808393478393555,0.0,1.0,1.0,1.0,1.0,,increase,False,1
aec,search_irrelevant,alpha,central,central,-0.07984410971403122,0.0,1.0,1.0,1.0,1.0,,decrease,False,1
aec,search_irrelevant,alpha,central,parietal,-0.07172714173793793,0.0,1.0,1.0,1.0,1.0,,decrease,False,1
aec,search_irrelevant,alpha,central,occipital,-0.008982673287391663,0.0,1.0,1.0,1.0,1.0,,decrease,False,1
aec,search_irrelevant,alpha,central,temporal,0.12476935982704163,0.0,1.0,1.0,1.0,1.0,,increase,False,1
aec,search_irrelevant,alpha,parietal,parietal,-0.08678120374679565,0.0,1.0,1.0,1.0,1.0,,decrease,False,1
aec,search_irrelevant,alpha,parietal,occipital,-0.14219532907009125,0.0,1.0,1.0,1.0,1.0,,decrease,False,1
aec,search_irrelevant,alpha,parietal,temporal,0.013684220612049103,0.0,1.0,1.0,1.0,1.0,,increase,False,1
aec,search_irrelevant,alpha,occipital,occipital,-0.12596362829208374,0.0,1.0,1.0,1.0,1.0,,decrease,False,1
aec,search_irrelevant,alpha,occipital,temporal,0.009297333657741547,0.0,1.0,1.0,1.0,1.0,,increase,False,1
aec,search_irrelevant,alpha,temporal,temporal,0.11735431104898453,0.0,1.0,1.0,1.0,1.0,,increase,False,1
aec,search_irrelevant,beta,frontal,frontal,0.007593400776386261,0.0,1.0,1.0,1.0,1.0,,increase,False,1
aec,search_irrelevant,beta,frontal,frontal_central,0.03646652400493622,0.0,1.0,1.0,1.0,1.0,,increase,False,1
aec,search_irrelevant,beta,frontal,central,0.01144387573003769,0.0,1.0,1.0,1.0,1.0,,increase,False,1
aec,search_irrelevant,beta,frontal,parietal,-0.05334923043847084,0.0,1.0,1.0,1.0,1.0,,decrease,False,1
aec,search_irrelevant,beta,frontal,occipital,-0.025457989424467087,0.0,1.0,1.0,1.0,1.0,,decrease,False,1
aec,search_irrelevant,beta,frontal,temporal,0.012068837881088257,0.0,1.0,1.0,1.0,1.0,,increase,False,1
aec,search_irrelevant,beta,frontal_central,frontal_central,0.05175351724028587,0.0,1.0,1.0,1.0,1.0,,increase,False,1
aec,search_irrelevant,beta,frontal_central,central,-0.05201530456542969,0.0,1.0,1.0,1.0,1.0,,decrease,False,1
aec,search_irrelevant,beta,frontal_central,parietal,-0.008315019309520721,0.0,1.0,1.0,1.0,1.0,,decrease,False,1
aec,search_irrelevant,beta,frontal_central,occipital,0.009567387402057648,0.0,1.0,1.0,1.0,1.0,,increase,False,1
aec,search_irrelevant,beta,frontal_central,temporal,0.03381811082363129,0.0,1.0,1.0,1.0,1.0,,increase,False,1
aec,search_irrelevant,beta,central,central,-0.0829668864607811,0.0,1.0,1.0,1.0,1.0,,decrease,False,1
aec,search_irrelevant,beta,central,parietal,-0.021254029124975204,0.0,1.0,1.0,1.0,1.0,,decrease,False,1
aec,search_irrelevant,beta,central,occipital,0.0427175834774971,0.0,1.0,1.0,1.0,1.0,,increase,False,1
aec,search_irrelevant,beta,central,temporal,-0.028134800493717194,0.0,1.0,1.0,1.0,1.0,,decrease,False,1
aec,search_irrelevant,beta,parietal,parietal,-0.05429908260703087,0.0,1.0,1.0,1.0,1.0,,decrease,False,1
aec,search_irrelevant,beta,parietal,occipital,-0.018536172807216644,0.0,1.0,1.0,1.0,1.0,,decrease,False,1
aec,search_irrelevant,beta,parietal,temporal,0.006013553589582443,0.0,1.0,1.0,1.0,1.0,,increase,False,1
aec,search_irrelevant,beta,occipital,occipital,0.3174460530281067,0.0,1.0,1.0,1.0,1.0,,increase,False,1
aec,search_irrelevant,beta,occipital,temporal,0.04122129827737808,0.0,1.0,1.0,1.0,1.0,,increase,False,1
aec,search_irrelevant,beta,temporal,temporal,0.0867602601647377,0.0,1.0,1.0,1.0,1.0,,increase,False,1
aec,search_irrelevant,gamma,frontal,frontal,-0.061208173632621765,0.0,1.0,1.0,1.0,1.0,,decrease,False,1
aec,search_irrelevant,gamma,frontal,frontal_central,0.010953299701213837,0.0,1.0,1.0,1.0,1.0,,increase,False,1
aec,search_irrelevant,gamma,frontal,central,0.00613589771091938,0.0,1.0,1.0,1.0,1.0,,increase,False,1
aec,search_irrelevant,gamma,frontal,parietal,-0.0023199301213026047,0.0,1.0,1.0,1.0,1.0,,decrease,False,1
aec,search_irrelevant,gamma,frontal,occipital,0.005455508828163147,0.0,1.0,1.0,1.0,1.0,,increase,False,1
aec,search_irrelevant,gamma,frontal,temporal,-0.028218090534210205,0.0,1.0,1.0,1.0,1.0,,decrease,False,1
aec,search_irrelevant,gamma,frontal_central,frontal_central,0.03302023559808731,0.0,1.0,1.0,1.0,1.0,,increase,False,1
aec,search_irrelevant,gamma,frontal_central,central,0.02193690463900566,0.0,1.0,1.0,1.0,1.0,,increase,False,1
aec,search_irrelevant,gamma,frontal_central,parietal,-0.013383211567997932,0.0,1.0,1.0,1.0,1.0,,decrease,False,1
aec,search_irrelevant,gamma,frontal_central,occipital,-0.012874193489551544,0.0,1.0,1.0,1.0,1.0,,decrease,False,1
aec,search_irrelevant,gamma,frontal_central,temporal,-0.011705148965120316,0.0,1.0,1.0,1.0,1.0,,decrease,False,1
aec,search_irrelevant,gamma,central,central,-0.007290861569344997,0.0,1.0,1.0,1.0,1.0,,decrease,False,1
aec,search_irrelevant,gamma,central,parietal,0.01809718832373619,0.0,1.0,1.0,1.0,1.0,,increase,False,1
aec,search_irrelevant,gamma,central,occipital,-0.007468848489224911,0.0,1.0,1.0,1.0,1.0,,decrease,False,1
aec,search_irrelevant,gamma,central,temporal,-0.03177730739116669,0.0,1.0,1.0,1.0,1.0,,decrease,False,1
aec,search_irrelevant,gamma,parietal,parietal,-0.07667769491672516,0.0,1.0,1.0,1.0,1.0,,decrease,False,1
aec,search_irrelevant,gamma,parietal,occipital,-0.009879431687295437,0.0,1.0,1.0,1.0,1.0,,decrease,False,1
aec,search_irrelevant,gamma,parietal,temporal,0.03501252830028534,0.0,1.0,1.0,1.0,1.0,,increase,False,1
aec,search_irrelevant,gamma,occipital,occipital,0.13050973415374756,0.0,1.0,1.0,1.0,1.0,,increase,False,1
aec,search_irrelevant,gamma,occipital,temporal,0.03710850700736046,0.0,1.0,1.0,1.0,1.0,,increase,False,1
aec,search_irrelevant,gamma,temporal,temporal,0.0578484982252121,0.0,1.0,1.0,1.0,1.0,,increase,False,1
aec,skeleton_prolong,theta,frontal,frontal,-0.002778929192572832,-0.0326423473717132,0.9243993704804366,0.9859035576683879,1.0,1.0,0.9402985074626866,decrease,False,9
aec,skeleton_prolong,theta,frontal,frontal_central,-0.03099716641008854,-0.32586116239315616,0.3569123594713923,0.5952819628902956,0.49609375,0.6945312499999999,0.4079601990049751,decrease,False,9
aec,skeleton_prolong,theta,frontal,central,-0.010427204892039299,-0.21090004674544,0.5445854288175414,0.7147683753230231,0.91015625,1.0,0.6417910447761194,decrease,False,9
aec,skeleton_prolong,theta,frontal,parietal,-0.06205223128199577,-0.752486535695264,0.0539357693332396,0.2662258734485205,0.1640625,0.4921875,0.04975124378109453,decrease,False,9
aec,skeleton_prolong,theta,frontal,occipital,-0.040391337126493454,-0.3176562268137692,0.3685078817892306,0.5952819628902956,0.42578125,0.6878004807692307,0.3880597014925373,decrease,False,9
aec,skeleton_prolong,theta,frontal,temporal,0.021481649950146675,0.2861645601578932,0.4155994019944178,0.6233991029916267,0.42578125,0.6878004807692307,0.39800995024875624,increase,False,9
aec,skeleton_prolong,theta,frontal_central,frontal_central,-0.041936084628105164,-0.6788939802266702,0.07606453527100586,0.2662258734485205,0.07421875,0.31171875000000004,0.06965174129353234,decrease,False,9
aec,skeleton_prolong,theta,frontal_central,central,-0.037923090159893036,-0.7095160148559166,0.06594188761099275,0.2662258734485205,0.0390625,0.287109375,0.08955223880597014,decrease,False,9
aec,skeleton_prolong,theta,frontal_central,parietal,-0.04980376735329628,-1.0075349163818044,0.016493960423158417,0.2662258734485205,0.01171875,0.24609375,0.024875621890547265,decrease,False,9
aec,skeleton_prolong,theta,frontal_central,occipital,-0.04128143936395645,-0.333305807319114,0.34663109716814583,0.5952819628902956,0.49609375,0.6945312499999999,0.3880597014925373,decrease,False,9
aec,skeleton_prolong,theta,frontal_central,temporal,0.008732238784432411,0.09319543048369854,0.7868873882376664,0.9720373619406466,0.734375,0.9638671875,0.736318407960199,increase,False,9
aec,skeleton_prolong,theta,central,central,-0.0006145023507997394,-0.006075927059726002,0.9859035576683879,0.9859035576683879,1.0,1.0,0.9800995024875622,decrease,False,9
aec,skeleton_prolong,theta,central,parietal,0.005045093130320311,0.22843693660980938,0.5125123435078327,0.7147683753230231,0.42578125,0.6878004807692307,0.4577114427860697,increase,False,9
aec,skeleton_prolong,theta,central,occipital,-0.03042038343846798,-0.3559147757043714,0.3167937339285429,0.5952819628902956,0.30078125,0.6878004807692307,0.2885572139303483,decrease,False,9
aec,skeleton_prolong,theta,central,temporal,0.06238029524683952,0.5367315419321828,0.14602130589048898,0.3833059279625336,0.203125,0.533203125,0.1890547263681592,increase,False,9
aec,skeleton_prolong,theta,parietal,parietal,-0.03706826642155647,-0.8400199226709489,0.035805444762698375,0.2662258734485205,0.0546875,0.287109375,0.04477611940298507,decrease,False,9
aec,skeleton_prolong,theta,parietal,occipital,-0.03377210348844528,-0.34114413160677337,0.3360514934448602,0.5952819628902956,0.42578125,0.6878004807692307,0.3781094527363184,decrease,False,9
aec,skeleton_prolong,theta,parietal,temporal,0.030685238540172577,0.824226845290989,0.038549016612254794,0.2662258734485205,0.0546875,0.287109375,0.014925373134328358,increase,False,9
aec,skeleton_prolong,theta,occipital,occipital,0.0024247898254543543,0.016807056222054098,0.9610229466442239,0.9859035576683879,0.91015625,1.0,0.9552238805970149,increase,False,9
aec,skeleton_prolong,theta,occipital,temporal,0.003314219880849123,0.048259912515807094,0.8884658307369183,0.9859035576683879,1.0,1.0,0.8706467661691543,increase,False,9
aec,skeleton_prolong,theta,temporal,temporal,0.08516573160886765,0.6196854967037928,0.10007556525643979,0.3002266957693194,0.09765625,0.341796875,0.0845771144278607,increase,False,9
aec,skeleton_prolong,alpha,frontal,frontal,0.013832956552505493,0.14144594863435814,0.6825003365861564,0.9069690729190752,1.0,1.0,0.6666666666666666,increase,False,9
aec,skeleton_prolong,alpha,frontal,frontal_central,-0.016441911458969116,-0.17227953075232513,0.619249638399133,0.9069690729190752,0.25,1.0,0.6417910447761194,decrease,False,9
aec,skeleton_prolong,alpha,frontal,central,-0.0018716090125963092,-0.013106904670185047,0.9695982363909168,0.9695982363909168,0.91015625,1.0,0.9751243781094527,decrease,False,9
aec,skeleton_prolong,alpha,frontal,parietal,0.009481873363256454,0.11906405264794236,0.7301871762456476,0.9069690729190752,0.91015625,1.0,0.7810945273631841,increase,False,9
aec,skeleton_prolong,alpha,frontal,occipital,0.025727754458785057,0.23356036418441944,0.503368014364542,0.9069690729190752,0.49609375,1.0,0.5323383084577115,increase,False,9
aec,skeleton_prolong,alpha,frontal,temporal,-0.0010954862227663398,-0.014912598200536456,0.9654128573832852,0.9695982363909168,0.5703125,1.0,0.9651741293532339,decrease,False,9
aec,skeleton_prolong,alpha,frontal_central,frontal_central,-0.009314628317952156,-0.10193658483479245,0.7675560224712221,0.9069690729190752,0.65234375,1.0,0.8059701492537313,decrease,False,9
aec,skeleton_prolong,alpha,frontal_central,central,0.020874887704849243,0.1982513672242493,0.5684438048234353,0.9069690729190752,0.91015625,1.0,0.5621890547263682,increase,False,9
aec,skeleton_prolong,alpha,frontal_central,parietal,0.016162170097231865,0.2664034799124807,0.4472454176653421,0.9069690729190752,0.734375,1.0,0.5771144278606966,increase,False,9
aec,skeleton_prolong,alpha,frontal_central,occipital,-0.013358410447835922,-0.09747510899779545,0.7774020625020645,0.9069690729190752,0.91015625,1.0,0.7910447761194029,decrease,False,9
aec,skeleton_prolong,alpha,frontal_central,temporal,-0.006029528100043535,-0.11193233407186828,0.745661072986745,0.9069690729190752,0.8203125,1.0,0.736318407960199,decrease,False,9
aec,skeleton_prolong,alpha,central,central,0.02887406200170517,0.2523468120534973,0.47073179891838135,0.9069690729190752,0.49609375,1.0,0.4577114427860697,increase,False,9
aec,skeleton_prolong,alpha,central,parietal,-0.015915103256702423,-0.17958820613912602,0.6047130319935461,0.9069690729190752,0.42578125,1.0,0.5870646766169154,decrease,False,9
aec,skeleton_prolong,alpha,central,occipital,-0.029680617153644562,-0.25438160170225477,0.4672821836034844,0.9069690729190752,0.49609375,1.0,0.47761194029850745,decrease,False,9
aec,skeleton_prolong,alpha,central,temporal,-0.03676917776465416,-0.67027828044271,0.07917565940478302,0.8313444237502218,0.09765625,1.0,0.09950248756218906,decrease,False,9
aec,skeleton_prolong,alpha,parietal,parietal,-0.028221283107995987,-0.34691957212651237,0.32841636523566337,0.9069690729190752,0.359375,1.0,0.2935323383084577,decrease,False,9
aec,skeleton_prolong,alpha,parietal,occipital,-0.007820815779268742,-0.12955326183738966,0.707667164327983,0.9069690729190752,0.65234375,1.0,0.7014925373134329,decrease,False,9
aec,skeleton_prolong,alpha,parietal,temporal,-0.005089243873953819,-0.11090524701815475,0.7478999404486566,0.9069690729190752,0.91015625,1.0,0.736318407960199,decrease,False,9
aec,skeleton_prolong,alpha,occipital,occipital,-0.007612918969243765,-0.057282205674667026,0.8678256169785279,0.9591756819236361,1.0,1.0,0.9104477611940298,decrease,False,9
aec,skeleton_prolong,alpha,occipital,temporal,0.03205162659287453,0.7883100660501895,0.04560591157163107,0.8313444237502218,0.07421875,1.0,0.07462686567164178,increase,False,9
aec,skeleton_prolong,alpha,temporal,temporal,-0.04045255854725838,-0.44464686298893463,0.21894803231442295,0.9069690729190752,0.25,1.0,0.24378109452736318,decrease,False,9
aec,skeleton_prolong,beta,frontal,frontal,-0.01114952564239502,-0.1653661272844612,0.6331661728986044,0.7386938683817053,0.203125,0.7451171875,0.6766169154228856,decrease,False,9
aec,skeleton_prolong,beta,frontal,frontal_central,-0.011040307581424713,-0.2287281630735245,0.5119897838039806,0.7386938683817053,0.42578125,0.7451171875,0.4626865671641791,decrease,False,9
aec,skeleton_prolong,beta,frontal,central,-0.010878562927246094,-0.22036928678916065,0.5271197652759491,0.7386938683817053,0.91015625,1.0,0.7313432835820896,decrease,False,9
aec,skeleton_prolong,beta,frontal,parietal,-0.010310709476470947,-0.32202723351296164,0.362296064418523,0.7386938683817053,0.359375,0.7451171875,0.36318407960199006,decrease,False,9
aec,skeleton_prolong,beta,frontal,occipital,0.0030073043890297413,0.04472919395585475,0.8965686807326115,0.9255022260982786,0.734375,0.8567708333333334,0.9402985074626866,increase,False,9
aec,skeleton_prolong,beta,frontal,temporal,0.01725616306066513,0.4252164853461216,0.23787100181857115,0.7386938683817053,0.203125,0.7451171875,0.24378109452736318,increase,False,9
aec,skeleton_prolong,beta,frontal_central,frontal_central,-0.03170149028301239,-0.4511272575546069,0.2129302655021916,0.7386938683817053,0.203125,0.7451171875,0.22885572139303484,decrease,False,9
aec,skeleton_prolong,beta,frontal_central,central,-0.01351602841168642,-0.32309539487293826,0.36079005774843653,0.7386938683817053,0.359375,0.7451171875,0.36318407960199006,decrease,False,9
aec,skeleton_prolong,beta,frontal_central,parietal,-0.007084670942276716,-0.2841959803874915,0.41867964388735635,0.7386938683817053,0.65234375,0.856201171875,0.4079601990049751,decrease,False,9
aec,skeleton_prolong,beta,frontal_central,occipital,0.014582519419491291,0.25273705397843743,0.4700689075248007,0.7386938683817053,0.65234375,0.856201171875,0.47761194029850745,increase,False,9
aec,skeleton_prolong,beta,frontal_central,temporal,0.005919986870139837,0.2532644928785739,0.46917389338954485,0.7386938683817053,0.42578125,0.7451171875,0.4427860696517413,increase,False,9
aec,skeleton_prolong,beta,central,central,0.01572783663868904,0.17617880815494633,0.6114714315101015,0.7386938683817053,0.734375,0.8567708333333334,0.5572139303482587,increase,False,9
aec,skeleton_prolong,beta,central,parietal,-0.03384017571806908,-0.9318353337938841,0.02335912754377363,0.4905416784192463,0.01953125,0.41015625,0.024875621890547265,decrease,False,9
aec,skeleton_prolong,beta,central,occipital,-0.02028709463775158,-0.33002267504211075,0.3511372010196626,0.7386938683817053,0.42578125,0.7451171875,0.3482587064676617,decrease,False,9
aec,skeleton_prolong,beta,central,temporal,0.001440466265194118,0.03216446921235246,0.9255022260982786,0.9255022260982786,1.0,1.0,0.9353233830845771,increase,False,9
aec,skeleton_prolong,beta,parietal,parietal,-0.01582990027964115,-0.5163814073087932,0.15994021088927743,0.7386938683817053,0.359375,0.7451171875,0.21890547263681592,decrease,False,9
aec,skeleton_prolong,beta,parietal,occipital,-0.006610052660107613,-0.09740520348202907,0.7775567132219485,0.8594047882979431,0.65234375,0.856201171875,0.7512437810945274,decrease,False,9
aec,skeleton_prolong,beta,parietal,temporal,-0.005408546421676874,-0.18363325991241186,0.5967470044838823,0.7386938683817053,0.65234375,0.856201171875,0.5472636815920398,decrease,False,9
aec,skeleton_prolong,beta,occipital,occipital,0.036473244428634644,0.16988346890317793,0.6240547795351883,0.7386938683817053,1.0,1.0,0.6218905472636815,increase,False,9
aec,skeleton_prolong,beta,occipital,temporal,0.022216664627194405,0.3306223769576474,0.350310808940874,0.7386938683817053,0.42578125,0.7451171875,0.4577114427860697,increase,False,9
aec,skeleton_prolong,beta,temporal,temporal,0.026757825165987015,0.4498926056024131,0.21406563110591742,0.7386938683817053,0.42578125,0.7451171875,0.21393034825870647,increase,False,9
aec,skeleton_prolong,gamma,frontal,frontal,-0.014582395553588867,-0.39219920463798913,0.2731766421143371,0.673687242506802,0.30078125,0.78955078125,0.2835820895522388,decrease,False,9
aec,skeleton_prolong,gamma,frontal,frontal_central,-0.02270509861409664,-0.3351760755870358,0.3440838873017523,0.7225761633336799,0.42578125,0.894140625,0.373134328358209,decrease,False,9
aec,skeleton_prolong,gamma,frontal,central,-0.004651874303817749,-0.12629772078506957,0.7146253125581926,0.8827724449248262,0.734375,0.9556640625,0.7661691542288557,decrease,False,9
aec,skeleton_prolong,gamma,frontal,parietal,0.002539145527407527,0.07177898592038347,0.834893063536017,0.9120763548553626,0.734375,0.9556640625,0.8507462686567164,increase,False,9
aec,skeleton_prolong,gamma,frontal,occipital,0.004271349869668484,0.0509471072507204,0.8823080761963957,0.9120763548553626,0.91015625,0.9556640625,0.9253731343283582,increase,False,9
aec,skeleton_prolong,gamma,frontal,temporal,-0.017274150624871254,-0.5069274821943898,0.16680573553813305,0.5838200743834657,0.1640625,0.6890625,0.11940298507462686,decrease,False,9
aec,skeleton_prolong,gamma,frontal_central,frontal_central,-0.028046496212482452,-0.6739129245143809,0.07784841773109878,0.5449389241176915,0.09765625,0.6767578125,0.08955223880597014,decrease,False,9
aec,skeleton_prolong,gamma,frontal_central,central,-0.028821932151913643,-0.804843582093232,0.0422087352644088,0.5449389241176915,0.0546875,0.6767578125,0.05970149253731343,decrease,False,9
aec,skeleton_prolong,gamma,frontal_central,parietal,-0.018818572163581848,-0.5312302269830512,0.1496711215208359,0.5838200743834657,0.25,0.78955078125,0.15920398009950248,decrease,False,9
aec,skeleton_prolong,gamma,frontal_central,occipital,0.00908658467233181,0.16123115168612617,0.6415651980608448,0.8420543224548588,0.8203125,0.9556640625,0.5970149253731343,increase,False,9
aec,skeleton_prolong,gamma,frontal_central,temporal,-0.01748567633330822,-0.38326108685108295,0.2834426479600514,0.673687242506802,0.30078125,0.78955078125,0.2835820895522388,decrease,False,9
aec,skeleton_prolong,gamma,central,central,-0.027920696884393692,-0.378765471115771,0.28872310393148654,0.673687242506802,0.5703125,0.9556640625,0.39303482587064675,decrease,False,9
aec,skeleton_prolong,gamma,central,parietal,0.007178514264523983,0.2822585784933712,0.42172673323938226,0.7988994826173039,0.49609375,0.9470880681818181,0.4975124378109453,increase,False,9
aec,skeleton_prolong,gamma,central,occipital,-0.014272196218371391,-0.19710132705841688,0.5706424875837885,0.7988994826173039,0.65234375,0.9556640625,0.5024875621890548,decrease,False,9
aec,skeleton_prolong,gamma,central,temporal,-0.008525911718606949,-0.207729062589361,0.5505104079148095,0.7988994826173039,0.42578125,0.894140625,0.572139303482587,decrease,False,9
aec,skeleton_prolong,gamma,parietal,parietal,-0.007467005867511034,-0.2001147845188153,0.5648916091456064,0.7988994826173039,0.65234375,0.9556640625,0.582089552238806,decrease,False,9
aec,skeleton_prolong,gamma,parietal,occipital,0.002781868912279606,0.0531260708174487,0.87732120528237,0.9120763548553626,0.91015625,0.9556640625,0.8706467661691543,increase,False,9
aec,skeleton_prolong,gamma,parietal,temporal,-0.011736301705241203,-0.5466317486980822,0.13965750306936126,0.5838200743834657,0.12890625,0.6767578125,0.14925373134328357,decrease,False,9
aec,skeleton_prolong,gamma,occipital,occipital,0.056201525032520294,0.2233824302383094,0.5216345269653231,0.7988994826173039,0.91015625,0.9556640625,0.5472636815920398,increase,False,9
aec,skeleton_prolong,gamma,occipital,temporal,-0.028794530779123306,-0.7299857591055751,0.05992498044515026,0.5449389241176915,0.07421875,0.6767578125,0.05970149253731343,decrease,False,9
aec,skeleton_prolong,gamma,temporal,temporal,0.0027012659702450037,0.03798721254597237,0.9120763548553626,0.9120763548553626,1.0,1.0,0.9253731343283582,increase,False,9
aec,slow_image,theta,frontal,frontal,0.03770381957292557,0.35191852901127696,0.3219170018224205,0.4079057474378911,0.5703125,0.5703125,0.4228855721393035,increase,False,9
aec,slow_image,theta,frontal,frontal_central,0.03578942269086838,0.3039614318565166,0.38848166422656294,0.4079057474378911,0.09765625,0.40384615384615385,0.23880597014925373,increase,False,9
aec,slow_image,theta,frontal,central,0.030805885791778564,0.3288775207313673,0.35271927365984224,0.4079057474378911,0.359375,0.44393382352941174,0.3333333333333333,increase,False,9
aec,slow_image,theta,frontal,parietal,0.0816064178943634,0.6471981098195834,0.08812904723010842,0.3580425591796879,0.1640625,0.40384615384615385,0.11442786069651742,increase,False,9
aec,slow_image,theta,frontal,occipital,0.06347230076789856,0.5151276160982597,0.16083577242160002,0.3580425591796879,0.30078125,0.44393382352941174,0.17412935323383086,increase,False,9
aec,slow_image,theta,frontal,temporal,0.039356522262096405,0.312236704329415,0.37631943555039105,0.4079057474378911,0.5703125,0.5703125,0.4079601990049751,increase,False,9
aec,slow_image,theta,frontal_central,frontal_central,0.04889029636979103,0.4644014879899914,0.20104829337970756,0.3580425591796879,0.25,0.40384615384615385,0.20398009950248755,increase,False,9
aec,slow_image,theta,frontal_central,central,0.03980066999793053,0.6234416582962995,0.09835784900206794,0.3580425591796879,0.12890625,0.40384615384615385,0.09950248756218906,increase,False,9
aec,slow_image,theta,frontal_central,parietal,0.05864400416612625,0.49091949416515873,0.17903514830373413,0.3580425591796879,0.1640625,0.40384615384615385,0.20398009950248755,increase,False,9
aec,slow_image,theta,frontal_central,occipital,0.047204043716192245,0.3358728446587787,0.34313865522725734,0.4079057474378911,0.359375,0.44393382352941174,0.3383084577114428,increase,False,9
aec,slow_image,theta,frontal_central,temporal,0.05928139388561249,0.4678842878482239,0.19802799391690337,0.3580425591796879,0.203125,0.40384615384615385,0.16417910447761194,increase,False,9
aec,slow_image,theta,central,central,0.05779974162578583,0.3588872423553075,0.31302480054050497,0.4079057474378911,0.359375,0.44393382352941174,0.3582089552238806,increase,False,9
aec,slow_image,theta,central,parietal,0.01575968600809574,0.24047881061846701,0.4911848146601657,0.4911848146601657,0.5703125,0.5703125,0.5373134328358209,increase,False,9
aec,slow_image,theta,central,occipital,0.05461743846535683,0.5407519335860124,0.14340567505664426,0.3580425591796879,0.1640625,0.40384615384615385,0.14427860696517414,increase,False,9
aec,slow_image,theta,central,temporal,0.05197588726878166,0.4020182580718489,0.26225127288306704,0.39337690932460057,0.203125,0.40384615384615385,0.24875621890547264,increase,False,9
aec,slow_image,theta,parietal,parietal,0.09939593821763992,0.8583563320088552,0.03286740359631941,0.3580425591796879,0.0390625,0.40384615384615385,0.04975124378109453,increase,False,9
aec,slow_image,theta,parietal,occipital,0.07004866749048233,0.4914344271828375,0.1786296521160255,0.3580425591796879,0.42578125,0.4967447916666667,0.18407960199004975,increase,False,9
aec,slow_image,theta,parietal,temporal,0.05916697531938553,0.4603686072449052,0.2045957481026788,0.3580425591796879,0.25,0.40384615384615385,0.15920398009950248,increase,False,9
aec,slow_image,theta,occipital,occipital,0.04610395058989525,0.41821802499731614,0.245017532528948,0.39337690932460057,0.25,0.40384615384615385,0.22885572139303484,increase,False,9
aec,slow_image,theta,occipital,temporal,0.09909521788358688,0.5890127033021987,0.11520500177713631,0.3580425591796879,0.12890625,0.40384615384615385,0.0945273631840796,increase,False,9
aec,slow_image,theta,temporal,temporal,0.09760304540395737,0.5735383130164746,0.12363019571303163,0.3580425591796879,0.203125,0.40384615384615385,0.16417910447761194,increase,False,9
aec,slow_image,alpha,frontal,frontal,-0.004419156350195408,-0.04418769825012421,0.8978125484758215,0.9913694431044662,0.49609375,0.91015625,0.835820895522388,decrease,False,9
aec,slow_image,alpha,frontal,frontal_central,0.012594116851687431,0.1437819256315431,0.6776050255598554,0.9913694431044662,0.91015625,0.91015625,0.8009950248756219,increase,False,9
aec,slow_image,alpha,frontal,central,0.0013344519538804889,0.019415878681182205,0.9549800310053118,0.9913694431044662,0.8203125,0.91015625,0.9601990049751243,increase,False,9
aec,slow_image,alpha,frontal,parietal,-0.014934588223695755,-0.12357571087941943,0.7204650629518887,0.9913694431044662,0.8203125,0.91015625,0.7014925373134329,decrease,False,9
aec,slow_image,alpha,frontal,occipital,0.049796946346759796,0.4572171048020303,0.2074056854244519,0.9913694431044662,0.42578125,0.91015625,0.31343283582089554,increase,False,9
aec,slow_image,alpha,frontal,temporal,0.025285087525844574,0.23219708554867155,0.5057911045255308,0.9913694431044662,0.91015625,0.91015625,0.7114427860696517,increase,False,9
aec,slow_image,alpha,frontal_central,frontal_central,0.02252078801393509,0.22123856313893264,0.5255336610226262,0.9913694431044662,0.91015625,0.91015625,0.6169154228855721,increase,False,9
aec,slow_image,alpha,frontal_central,central,0.042498257011175156,0.5630402069915503,0.12966931487005337,0.9913694431044662,0.1640625,0.91015625,0.0845771144278607,increase,False,9
aec,slow_image,alpha,frontal_central,parietal,0.001619516173377633,0.014474986293021231,0.9664270925003358,0.9913694431044662,0.734375,0.91015625,0.9353233830845771,increase,False,9
aec,slow_image,alpha,frontal_central,occipital,0.0429660864174366,0.3531153920821785,0.32037589345765166,0.9913694431044662,0.5703125,0.91015625,0.30845771144278605,increase,False,9
aec,slow_image,alpha,frontal_central,temporal,0.03231538087129593,0.3355275742727956,0.34360682361525874,0.9913694431044662,0.5703125,0.91015625,0.3482587064676617,increase,False,9
aec,slow_image,alpha,central,central,0.010817096568644047,0.10309668509646626,0.7650030084441581,0.9913694431044662,0.91015625,0.91015625,0.7164179104477612,increase,False,9
aec,slow_image,alpha,central,parietal,-0.014373529702425003,-0.13217749482702326,0.7020795182879542,0.9913694431044662,0.65234375,0.91015625,0.7114427860696517,decrease,False,9
aec,slow_image,alpha,central,occipital,0.016798285767436028,0.12024650976270643,0.7276340334746809,0.9913694431044662,0.42578125,0.91015625,0.7014925373134329,increase,False,9
aec,slow_image,alpha,central,temporal,-0.0002534108061809093,-0.0037198370404456513,0.9913694431044662,0.9913694431044662,0.49609375,0.91015625,0.9950248756218906,decrease,False,9
aec,slow_image,alpha,parietal,parietal,0.024719230830669403,0.180466473642383,0.6029786482234392,0.9913694431044662,0.91015625,0.91015625,0.6318407960199005,increase,False,9
aec,slow_image,alpha,parietal,occipital,0.003979278728365898,0.025740517622688818,0.9403437247649488,0.9913694431044662,0.8203125,0.91015625,0.9502487562189055,increase,False,9
aec,slow_image,alpha,parietal,temporal,0.023991558700799942,0.2506662087728495,0.47359352603138916,0.9913694431044662,0.91015625,0.91015625,0.5174129353233831,increase,False,9
aec,slow_image,alpha,occipital,occipital,0.03938473388552666,0.2917986277454509,0.40687252294466936,0.9913694431044662,0.359375,0.91015625,0.3582089552238806,increase,False,9
aec,slow_image,alpha,occipital,temporal,0.04742516577243805,0.4497323121443468,0.21421344959503405,0.9913694431044662,0.1640625,0.91015625,0.23383084577114427,increase,False,9
aec,slow_image,alpha,temporal,temporal,0.009607749059796333,0.07102001671684173,0.8366092452232825,0.9913694431044662,0.734375,0.91015625,0.900497512437811,increase,False,9
aec,slow_image,beta,frontal,frontal,0.0012644057860597968,0.018146726689685557,0.9579194539582422,0.9579194539582422,1.0,1.0,0.9552238805970149,increase,False,9
aec,slow_image,beta,frontal,frontal_central,0.0033976684790104628,0.09109632752703058,0.7915537462359883,0.9255979417926428,1.0,1.0,0.7960199004975125,increase,False,9
aec,slow_image,beta,frontal,central,0.009709669277071953,0.28979979217531043,0.4099535448038102,0.6149303172057153,0.5703125,0.74853515625,0.39303482587064675,increase,False,9
aec,slow_image,beta,frontal,parietal,0.007885228842496872,0.3864204041682467,0.279778745625781,0.5432200494326558,0.359375,0.6860795454545454,0.2935323383084577,increase,False,9
aec,slow_image,beta,frontal,occipital,0.012291928753256798,0.21975986073958667,0.5282334506932413,0.7395268309705378,0.5703125,0.74853515625,0.472636815920398,increase,False,9
aec,slow_image,beta,frontal,temporal,0.0036732107400894165,0.055464769614924504,0.8719752327897298,0.9255979417926428,0.8203125,0.95703125,0.8756218905472637,increase,False,9
aec,slow_image,beta,frontal_central,frontal_central,0.01373689342290163,0.4874351394347444,0.18180055725992533,0.5432200494326558,0.09765625,0.6316406250000001,0.19900497512437812,increase,False,9
aec,slow_image,beta,frontal_central,central,0.0036582602187991142,0.06562657208755712,0.8488314749311884,0.9255979417926428,0.8203125,0.95703125,0.8258706467661692,increase,False,9
aec,slow_image,beta,frontal_central,parietal,0.012513705529272556,0.4118050235976454,0.2517234214645024,0.5432200494326558,0.30078125,0.6316406250000001,0.24875621890547264,increase,False,9
aec,slow_image,beta,frontal_central,occipital,0.027244772762060165,0.44883562407415273,0.21504184243079705,0.5432200494326558,0.30078125,0.6316406250000001,0.18407960199004975,increase,False,9
aec,slow_image,beta,frontal_central,temporal,0.014358116313815117,0.3564348776363111,0.3161318078043021,0.5432200494326558,0.25,0.6316406250000001,0.34328358208955223,increase,False,9
aec,slow_image,beta,central,central,-0.03315148130059242,-0.6010868401507569,0.10900838743787894,0.5432200494326558,0.07421875,0.6316406250000001,0.1044776119402985,decrease,False,9
aec,slow_image,beta,central,parietal,-0.004297567531466484,-0.1666682287875747,0.6305329454447213,0.8275744908961967,0.5703125,0.74853515625,0.5970149253731343,decrease,False,9
aec,slow_image,beta,central,occipital,0.015662716701626778,0.5869107529273252,0.1163170168456134,0.5432200494326558,0.1640625,0.6316406250000001,0.11940298507462686,increase,False,9
aec,slow_image,beta,central,temporal,0.001363002578727901,0.05129048793274588,0.8815218493263264,0.9255979417926428,1.0,1.0,0.8905472636815921,increase,False,9
aec,slow_image,beta,parietal,parietal,-0.018116526305675507,-0.47810463855108726,0.18939270262040098,0.5432200494326558,0.1640625,0.6316406250000001,0.13432835820895522,decrease,False,9
aec,slow_image,beta,parietal,occipital,0.01830149069428444,0.5162194437852864,0.16005558648569465,0.5432200494326558,0.203125,0.6316406250000001,0.1691542288557214,increase,False,9
aec,slow_image,beta,parietal,temporal,-0.01932349056005478,-0.8970016431473954,0.027453859204650943,0.5432200494326558,0.0390625,0.6316406250000001,0.05472636815920398,decrease,False,9
aec,slow_image,beta,occipital,occipital,-0.03565865755081177,-0.4268753990598363,0.2362030208134343,0.5432200494326558,0.42578125,0.6878004807692307,0.263681592039801,decrease,False,9
aec,slow_image,beta,occipital,temporal,-0.008914832025766373,-0.3602102439409921,0.3113585858234338,0.5432200494326558,0.42578125,0.6878004807692307,0.2935323383084577,decrease,False,9
aec,slow_image,beta,temporal,temporal,0.015940168872475624,0.34097355182722994,0.33627907822021547,0.5432200494326558,0.30078125,0.6316406250000001,0.3034825870646766,increase,False,9
aec,slow_image,gamma,frontal,frontal,0.008454917930066586,0.19161936321370582,0.5811892349664103,0.8820850124074737,0.5703125,0.85546875,0.5572139303482587,increase,False,9
aec,slow_image,gamma,frontal,frontal_central,-0.002568312454968691,-0.058316940821314035,0.8654650421450774,0.8820850124074737,0.5703125,0.85546875,0.8258706467661692,decrease,False,9
aec,slow_image,gamma,frontal,central,0.023931162431836128,0.7637189277376318,0.051172369281092304,0.7217958143704527,0.0546875,0.85546875,0.04975124378109453,increase,False,9
aec,slow_image,gamma,frontal,parietal,0.012862005271017551,0.5189586479910268,0.15811326716672497,0.7217958143704527,0.1640625,0.85546875,0.208955223880597,increase,False,9
aec,slow_image,gamma,frontal,occipital,0.006379852537065744,0.12302563526060245,0.7216475711636525,0.8820850124074737,0.65234375,0.9071691176470588,0.8208955223880597,increase,False,9
aec,slow_image,gamma,frontal,temporal,0.010619468986988068,0.25316433980897235,0.4693437739100731,0.8820850124074737,0.49609375,0.85546875,0.4626865671641791,increase,False,9
aec,slow_image,gamma,frontal_central,frontal_central,0.0259719081223011,0.3851647711644134,0.2812302728157256,0.7217958143704527,0.359375,0.85546875,0.2935323383084577,increase,False,9
aec,slow_image,gamma,frontal_central,central,0.014233095571398735,0.1921961803828341,0.5800743393055176,0.8820850124074737,0.734375,0.9071691176470588,0.5572139303482587,increase,False,9
aec,slow_image,gamma,frontal_central,parietal,-0.0013735448010265827,-0.0999372754916558,0.7719628654618842,0.8820850124074737,0.91015625,0.9556640625,0.8059701492537313,decrease,False,9
aec,slow_image,gamma,frontal_central,occipital,0.024637170135974884,0.43630093367252254,0.226912669456294,0.7217958143704527,0.25,0.85546875,0.21393034825870647,increase,False,9
aec,slow_image,gamma,frontal_central,temporal,-0.002009748946875334,-0.051044527417841906,0.8820850124074737,0.8820850124074737,1.0,1.0,0.8805970149253731,decrease,False,9
aec,slow_image,gamma,central,central,0.03989686444401741,0.48841621825465986,0.18101806871772555,0.7217958143704527,0.1640625,0.85546875,0.12437810945273632,increase,False,9
aec,slow_image,gamma,central,parietal,0.0026024894323199987,0.08262976710519576,0.810464182259951,0.8820850124074737,0.5703125,0.85546875,0.9253731343283582,increase,False,9
aec,slow_image,gamma,central,occipital,0.008972817100584507,0.1350101086194102,0.696069699591534,0.8820850124074737,0.8203125,0.9556640625,0.6368159203980099,increase,False,9
aec,slow_image,gamma,central,temporal,-0.006824139039963484,-0.13572743542553647,0.6945513884188481,0.8820850124074737,0.5703125,0.85546875,0.7263681592039801,decrease,False,9
aec,slow_image,gamma,parietal,parietal,0.020573480054736137,0.5535802692012034,0.13534419990751725,0.7217958143704527,0.25,0.85546875,0.11940298507462686,increase,False,9
aec,slow_image,gamma,parietal,occipital,0.01637737639248371,0.3618197701556629,0.3093410633016226,0.7217958143704527,0.359375,0.85546875,0.31343283582089554,increase,False,9
aec,slow_image,gamma,parietal,temporal,-0.004581975284963846,-0.18539919393075802,0.5932872742734787,0.8820850124074737,0.91015625,0.9556640625,0.5522388059701493,decrease,False,9
aec,slow_image,gamma,occipital,occipital,-0.0400611013174057,-0.3677061805644511,0.3020503139678387,0.7217958143704527,0.5703125,0.85546875,0.36318407960199006,decrease,False,9
aec,slow_image,gamma,occipital,temporal,0.025835521519184113,0.5207758637822698,0.1568364290906032,0.7217958143704527,0.42578125,0.85546875,0.15920398009950248,increase,False,9
aec,slow_image,gamma,temporal,temporal,-0.01238630898296833,-0.2549019919237353,0.4664026360118534,0.8820850124074737,0.734375,0.9071691176470588,0.5024875621890548,decrease,False,9
aec,sort_reset,theta,frontal,frontal,-0.0364791601896286,-0.30551890744476995,0.4161380374383118,0.9256844294980134,0.4609375,0.9925781250000001,0.3681592039800995,decrease,False,8
aec,sort_reset,theta,frontal,frontal_central,0.004549860954284668,0.06006705413482133,0.8698983397432547,0.9256844294980134,0.84375,0.9925781250000001,0.9253731343283582,increase,False,8
aec,sort_reset,theta,frontal,central,5.095219239592552e-05,0.0006890303578444299,0.9984994577379955,0.9984994577379955,1.0,1.0,1.0,increase,False,8
aec,sort_reset,theta,frontal,parietal,-0.028834093362092972,-0.29417537920373,0.43284354915939904,0.9256844294980134,0.640625,0.9925781250000001,0.417910447761194,decrease,False,8
aec,sort_reset,theta,frontal,occipital,-0.013551400974392891,-0.09496160536630703,0.7959873201649352,0.9256844294980134,0.84375,0.9925781250000001,0.7412935323383084,decrease,False,8
aec,sort_reset,theta,frontal,temporal,0.010450652800500393,0.16648830866994768,0.6520335706915781,0.9256844294980134,0.7421875,0.9925781250000001,0.6169154228855721,increase,False,8
aec,sort_reset,theta,frontal_central,frontal_central,-0.027209825813770294,-0.16809458188137782,0.6489493270146319,0.9256844294980134,0.640625,0.9925781250000001,0.6616915422885572,decrease,False,8
aec,sort_reset,theta,frontal_central,central,-0.02216782234609127,-0.29400721612682373,0.4330947741367269,0.9256844294980134,0.7421875,0.9925781250000001,0.46766169154228854,decrease,False,8
aec,sort_reset,theta,frontal_central,parietal,-0.018625646829605103,-0.2610804208919442,0.4842597321711174,0.9256844294980134,0.3828125,0.9925781250000001,0.44776119402985076,decrease,False,8
aec,sort_reset,theta,frontal_central,occipital,0.006135925650596619,0.06962318124439792,0.8494825783957225,0.9256844294980134,0.9453125,0.9925781250000001,0.8955223880597015,increase,False,8
aec,sort_reset,theta,frontal_central,temporal,-0.00967815238982439,-0.17794694228991348,0.63019430529665,0.9256844294980134,0.9453125,0.9925781250000001,0.6716417910447762,decrease,False,8
aec,sort_reset,theta,central,central,-0.03596015274524689,-0.26274389789590735,0.4815809947209254,0.9256844294980134,0.640625,0.9925781250000001,0.5074626865671642,decrease,False,8
aec,sort_reset,theta,central,parietal,-0.021732669323682785,-0.3397910547449208,0.36852876171532617,0.9256844294980134,0.4609375,0.9925781250000001,0.34328358208955223,decrease,False,8
aec,sort_reset,theta,central,occipital,0.008386115543544292,0.05461075708551842,0.8816042185695365,0.9256844294980134,0.9453125,0.9925781250000001,0.900497512437811,increase,False,8
aec,sort_reset,theta,central,temporal,0.009649603627622128,0.15382804324728006,0.6765951605788174,0.9256844294980134,0.7421875,0.9925781250000001,0.6965174129353234,increase,False,8
aec,sort_reset,theta,parietal,parietal,-0.023438626900315285,-0.29899671561789615,0.4256856623694948,0.9256844294980134,0.4609375,0.9925781250000001,0.43781094527363185,decrease,False,8
aec,sort_reset,theta,parietal,occipital,-0.009877488017082214,-0.0766685687830772,0.8345087103591722,0.9256844294980134,0.9453125,0.9925781250000001,0.8855721393034826,decrease,False,8
aec,sort_reset,theta,parietal,temporal,0.021571869030594826,0.4096924911155622,0.2845427202596303,0.9256844294980134,0.3125,0.9925781250000001,0.2935323383084577,increase,False,8
aec,sort_reset,theta,occipital,occipital,-0.010524492710828781,-0.08374404289480376,0.8195446912776098,0.9256844294980134,0.546875,0.9925781250000001,0.7810945273631841,decrease,False,8
aec,sort_reset,theta,occipital,temporal,0.05120381340384483,0.40355250881473104,0.29123423499612017,0.9256844294980134,0.640625,0.9925781250000001,0.34328358208955223,increase,False,8
aec,sort_reset,theta,temporal,temporal,-0.026226066052913666,-0.4859360041846559,0.21169223279448127,0.9256844294980134,0.7421875,0.9925781250000001,0.1691542288557214,decrease,False,8
aec,sort_reset,alpha,frontal,frontal,0.003241056576371193,0.035148072204240356,0.9235968982097482,0.9418953084590895,1.0,1.0,0.8756218905472637,increase,False,8
aec,sort_reset,alpha,frontal,frontal_central,-0.0132328812032938,-0.10153711549431968,0.7822819919869565,0.9418953084590895,0.84375,1.0,0.845771144278607,decrease,False,8
aec,sort_reset,alpha,frontal,central,-0.02484271489083767,-0.35520649580945457,0.3485112084617904,0.9418953084590895,0.4609375,1.0,0.39800995024875624,decrease,False,8
aec,sort_reset,alpha,frontal,parietal,-0.03138496354222298,-0.3888297304856674,0.30780720110500664,0.9418953084590895,0.546875,1.0,0.38308457711442784,decrease,False,8
aec,sort_reset,alpha,frontal,occipital,0.012768924236297607,0.11665772322317879,0.7510864694156519,0.9418953084590895,0.640625,1.0,0.7860696517412935,increase,False,8
aec,sort_reset,alpha,frontal,temporal,-0.0025106044486165047,-0.026708955287961262,0.9418953084590895,0.9418953084590895,0.546875,1.0,0.945273631840796,decrease,False,8
aec,sort_reset,alpha,frontal_central,frontal_central,0.01242099516093731,0.09891475651220803,0.7877381321013597,0.9418953084590895,0.9453125,1.0,0.8059701492537313,increase,False,8
aec,sort_reset,alpha,frontal_central,central,0.027831409126520157,0.3552387575833474,0.3484702372742452,0.9418953084590895,0.1953125,1.0,0.373134328358209,increase,False,8
aec,sort_reset,alpha,frontal_central,parietal,-0.01320737600326538,-0.26330705895780143,0.4806763907406896,0.9418953084590895,0.4609375,1.0,0.472636815920398,decrease,False,8
aec,sort_reset,alpha,frontal_central,occipital,-0.006375479511916637,-0.04440360609474262,0.903585592556902,0.9418953084590895,1.0,1.0,0.9253731343283582,decrease,False,8
aec,sort_reset,alpha,frontal_central,temporal,0.021889161318540573,0.3014051371356136,0.42214187340140585,0.9418953084590895,0.4609375,1.0,0.417910447761194,increase,False,8
aec,sort_reset,alpha,central,central,0.023935697972774506,0.17958340111478943,0.6271067486172153,0.9418953084590895,1.0,1.0,0.582089552238806,increase,False,8
aec,sort_reset,alpha,central,parietal,-0.02051190845668316,-0.3645139640266224,0.33684057762726904,0.9418953084590895,0.25,1.0,0.3582089552238806,decrease,False,8
aec,sort_reset,alpha,central,occipital,-0.0065918732434511185,-0.052325033198530345,0.8865176107566346,0.9418953084590895,0.84375,1.0,0.9104477611940298,decrease,False,8
aec,sort_reset,alpha,central,temporal,0.05194094404578209,0.5386927256171231,0.17141642091487613,0.9418953084590895,0.3125,1.0,0.1890547263681592,increase,False,8
aec,sort_reset,alpha,parietal,parietal,-0.01154517661780119,-0.18419588012596275,0.6184473765182108,0.9418953084590895,0.3125,1.0,0.6616915422885572,decrease,False,8
aec,sort_reset,alpha,parietal,occipital,-0.008752679452300072,-0.14960085465519438,0.6848930995729224,0.9418953084590895,0.84375,1.0,0.6567164179104478,decrease,False,8
aec,sort_reset,alpha,parietal,temporal,0.012434475123882294,0.1686741729547115,0.647838197231702,0.9418953084590895,0.7421875,1.0,0.6965174129353234,increase,False,8
aec,sort_reset,alpha,occipital,occipital,-0.013381432741880417,-0.13101223151814065,0.7219253058553072,0.9418953084590895,0.7421875,1.0,0.8258706467661692,decrease,False,8
aec,sort_reset,alpha,occipital,temporal,0.0164476428180933,0.16244742382780442,0.6598248764787737,0.9418953084590895,0.640625,1.0,0.5671641791044776,increase,False,8
aec,sort_reset,alpha,temporal,temporal,0.1014992743730545,1.0238949395956645,0.023117062058577685,0.4854583032301314,0.0390625,0.8203125,0.05472636815920398,increase,False,8
aec,sort_reset,beta,frontal,frontal,-0.030591264367103577,-0.9006171359736821,0.03825242228254134,0.29817289812738174,0.0390625,0.41015625,0.03980099502487562,decrease,False,8
aec,sort_reset,beta,frontal,frontal_central,-0.013104342855513096,-0.44436185930132854,0.2491230301719796,0.7775435073359167,0.3828125,0.7308238636363636,0.3034825870646766,decrease,False,8
aec,sort_reset,beta,frontal,central,0.0009162384085357189,0.03777274477760002,0.9179153930128353,0.9862007086087473,0.84375,0.9453125,0.945273631840796,increase,False,8
aec,sort_reset,beta,frontal,parietal,-0.002530227415263653,-0.06571056418356785,0.8578275162723173,0.9862007086087473,0.84375,0.9453125,0.7960199004975125,decrease,False,8
aec,sort_reset,beta,frontal,occipital,-0.0006379773840308189,-0.011369958952762356,0.9752429185810463,0.9862007086087473,0.9453125,0.9453125,0.9402985074626866,decrease,False,8
aec,sort_reset,beta,frontal,temporal,-0.04182843118906021,-1.7800469380538508,0.0015053490450101206,0.031612329945212535,0.0078125,0.1640625,0.01990049751243781,decrease,True,8
aec,sort_reset,beta,frontal_central,frontal_central,-0.006436821538954973,-0.11476494742213335,0.7549656693877607,0.9862007086087473,0.7421875,0.9453125,0.7711442786069652,decrease,False,8
aec,sort_reset,beta,frontal_central,central,-0.035344935953617096,-0.8054312394687638,0.0567948377385489,0.29817289812738174,0.078125,0.41015625,0.0845771144278607,decrease,False,8
aec,sort_reset,beta,frontal_central,parietal,-0.005569424480199814,-0.3156783474472551,0.40157642863994997,0.7775435073359167,0.4609375,0.806640625,0.39303482587064675,decrease,False,8
aec,sort_reset,beta,frontal_central,occipital,-0.004391178488731384,-0.07488725800566198,0.8382879543751784,0.9862007086087473,0.84375,0.9453125,0.845771144278607,decrease,False,8
aec,sort_reset,beta,frontal_central,temporal,-0.016271887347102165,-0.33611643488156606,0.3734278340149756,0.7775435073359167,0.3828125,0.7308238636363636,0.3582089552238806,decrease,False,8
aec,sort_reset,beta,central,central,-0.004476182162761688,-0.10710963724772546,0.7707314960547749,0.9862007086087473,0.9453125,0.9453125,0.7263681592039801,decrease,False,8
aec,sort_reset,beta,central,parietal,-0.023580633103847504,-0.8610942039778815,0.0450526493477764,0.29817289812738174,0.078125,0.41015625,0.06467661691542288,decrease,False,8
aec,sort_reset,beta,central,occipital,-0.014886008575558662,-0.306945778758255,0.41407004005013515,0.7775435073359167,0.1953125,0.7308238636363636,0.3482587064676617,decrease,False,8
aec,sort_reset,beta,central,temporal,-0.015479058027267456,-0.407653059313252,0.2867511001253561,0.7775435073359167,0.25,0.7308238636363636,0.31840796019900497,decrease,False,8
aec,sort_reset,beta,parietal,parietal,-0.01232878677546978,-0.3880547798500167,0.3087003524774851,0.7775435073359167,0.3828125,0.7308238636363636,0.3383084577114428,decrease,False,8
aec,sort_reset,beta,parietal,occipital,0.014963353984057903,0.2871024184151032,0.44349800072642187,0.7775435073359167,0.3125,0.7308238636363636,0.417910447761194,increase,False,8
aec,sort_reset,beta,parietal,temporal,0.00028652697801589966,0.006336624583158006,0.9862007086087473,0.9862007086087473,0.9453125,0.9453125,1.0,increase,False,8
aec,sort_reset,beta,occipital,occipital,0.024745531380176544,0.2469116843515363,0.5074746468319624,0.7926856471522526,0.640625,0.9453125,0.46766169154228854,increase,False,8
aec,sort_reset,beta,occipital,temporal,-0.02139526605606079,-0.2865679016991007,0.4443105756205238,0.7775435073359167,0.3828125,0.7308238636363636,0.40298507462686567,decrease,False,8
aec,sort_reset,beta,temporal,temporal,0.019995171576738358,0.23446071122493273,0.5284570981015018,0.7926856471522526,0.9453125,0.9453125,0.7910447761194029,increase,False,8
aec,sort_reset,gamma,frontal,frontal,-0.014031589962542057,-0.36009772203179075,0.34233930301649773,0.9141373911018565,0.4609375,0.9925781250000001,0.3781094527363184,decrease,False,8
aec,sort_reset,gamma,frontal,frontal_central,0.006327144801616669,0.2560021338411531,0.4924984239589488,0.9141373911018565,0.4609375,0.9925781250000001,0.5522388059701493,increase,False,8
aec,sort_reset,gamma,frontal,central,0.01067442074418068,0.3805002136851306,0.3175175403787884,0.9141373911018565,0.3125,0.9925781250000001,0.3333333333333333,increase,False,8
aec,sort_reset,gamma,frontal,parietal,0.011538667604327202,0.3926017092444951,0.30348968590301006,0.9141373911018565,0.3125,0.9925781250000001,0.2736318407960199,increase,False,8
aec,sort_reset,gamma,frontal,occipital,0.002502766903489828,0.10692600543608183,0.771111162640774,0.9402896686107828,0.84375,0.9925781250000001,0.8656716417910447,increase,False,8
aec,sort_reset,gamma,frontal,temporal,-0.004777026828378439,-0.23804348025210548,0.5223642234867751,0.9141373911018565,0.84375,0.9925781250000001,0.472636815920398,decrease,False,8
aec,sort_reset,gamma,frontal_central,frontal_central,-0.0015556099824607372,-0.03015869338619795,0.9344100498498364,0.9685007575112994,0.7421875,0.9925781250000001,0.9303482587064676,decrease,False,8
aec,sort_reset,gamma,frontal_central,central,0.007128758355975151,0.18720476722908863,0.6128332554553838,0.9402896686107828,0.84375,0.9925781250000001,0.6019900497512438,increase,False,8
aec,sort_reset,gamma,frontal_central,parietal,0.01186058484017849,0.34575923741837455,0.3606766506965889,0.9141373911018565,0.3828125,0.9925781250000001,0.39303482587064675,increase,False,8
aec,sort_reset,gamma,frontal_central,occipital,-0.017271991819143295,-0.24899640786836807,0.5040143230713698,0.9141373911018565,0.640625,0.9925781250000001,0.5174129353233831,decrease,False,8
aec,sort_reset,gamma,frontal_central,temporal,0.010918828658759594,0.24597803949674693,0.5090292304394136,0.9141373911018565,0.3125,0.9925781250000001,0.5373134328358209,increase,False,8
aec,sort_reset,gamma,central,central,0.008746449835598469,0.09019911093504043,0.8059625730949567,0.9402896686107828,0.9453125,0.9925781250000001,0.7661691542288557,increase,False,8
aec,sort_reset,gamma,central,parietal,0.016927078366279602,0.33092665105932906,0.380430853739944,0.9141373911018565,0.3828125,0.9925781250000001,0.3781094527363184,increase,False,8
aec,sort_reset,gamma,central,occipital,0.008028239943087101,0.14122358367921586,0.7014752086731779,0.9402896686107828,0.640625,0.9925781250000001,0.7213930348258707,increase,False,8
aec,sort_reset,gamma,central,temporal,-0.006535748951137066,-0.13308675041669965,0.7177502335682711,0.9402896686107828,0.9453125,0.9925781250000001,0.7313432835820896,decrease,False,8
aec,sort_reset,gamma,parietal,parietal,0.0144004225730896,0.2620227023203982,0.48274114779740895,0.9141373911018565,0.84375,0.9925781250000001,0.6169154228855721,increase,False,8
aec,sort_reset,gamma,parietal,occipital,-0.009788085706532001,-0.4479266612929908,0.24570321023286015,0.9141373911018565,0.3125,0.9925781250000001,0.23880597014925373,decrease,False,8
aec,sort_reset,gamma,parietal,temporal,0.001896050525829196,0.09150725100280252,0.8032186514398099,0.9402896686107828,1.0,1.0,0.8557213930348259,increase,False,8
aec,sort_reset,gamma,occipital,occipital,-0.03894447162747383,-0.384444676429943,0.3128888371607128,0.9141373911018565,0.4609375,0.9925781250000001,0.2885572139303483,decrease,False,8
aec,sort_reset,gamma,occipital,temporal,-0.002027501817792654,-0.042095548630826665,0.9085694191270475,0.9685007575112994,0.84375,0.9925781250000001,0.9104477611940298,decrease,False,8
aec,sort_reset,gamma,temporal,temporal,-0.0006456412374973297,-0.014468112956327979,0.9685007575112994,0.9685007575112994,0.9453125,0.9925781250000001,0.9353233830845771,decrease,False,8
