subject_id,label,v3_phase,scenario_name,wall_time_ms,delta_power,theta_power,alpha_power,beta_power,gamma_power,frontal_delta,frontal_theta,frontal_alpha,frontal_beta,frontal_gamma,parietal_delta,parietal_theta,parietal_alpha,parietal_beta,parietal_gamma,occipital_delta,occipital_theta,occipital_alpha,occipital_beta,occipital_gamma,central_delta,central_theta,central_alpha,central_beta,central_gamma,theta_beta_ratio,engagement_index,spectral_entropy
14,1,variant,feedback_late,1776852838195.0,-25.577279466121084,-25.60652249537197,-25.997203283473567,-25.69015286270304,-26.19048473852527,-25.05708807671172,-25.01086296178796,-25.704532539621688,-25.510021752253227,-25.838691037403663,-26.17417881697016,-26.298673788179496,-26.43313285174637,-25.935944519051567,-26.283291793777767,-25.72376419467308,-25.804269093994257,-26.111437723194644,-25.621398839412468,-26.24433407814358,-25.92248657791796,-25.933543602286907,-26.187970312670934,-25.76087260514308,-26.41470312494111,0.4991587904652661,0.5085384399388786,3.187850466104429
14,1,variant,network_jitter,1776852470213.0,-25.37028435729422,-25.90245158586248,-26.31366025110824,-25.849130539558058,-26.41793008679664,-24.79388217019238,-25.478406574109076,-26.207007863632015,-25.637651993850245,-26.37104321811438,-26.026355388169083,-26.217524618284607,-26.475678724576547,-25.961953822139712,-26.457341534012407,-25.250068963799738,-25.986860071192226,-26.3186393741348,-25.93072975066348,-26.544584585344392,-25.71955430274844,-26.072324647519302,-26.27218436230338,-25.892973612745312,-26.57986546508169,0.1592454197411683,0.5731231189987006,3.064837541210937
14,1,variant,broken_image,1776852458207.0,-25.732956910622704,-25.836295473293656,-25.80551388875714,-25.68482022495605,-26.537162442940694,-25.30565212836396,-25.77843483027382,-25.84200543391004,-25.53528298561398,-26.426743651123235,-26.345744056246655,-26.06617902367595,-25.89103787418967,-25.850015549907532,-26.59719877528435,-25.63671292726561,-25.53439718515723,-25.919868487716197,-25.78620741864617,-26.46793342785577,-26.00298533330909,-25.926321330480068,-25.8195833600235,-25.67511818515447,-26.65062720612797,-0.2431518446598417,0.5295039062021417,3.174622159571342
14,1,variant,network_jitter,1776852545195.0,-25.803243774610156,-25.971574021678222,-26.173377252092976,-25.79915006732217,-26.54421327569707,-25.509641454086935,-25.674611188311577,-26.07340003067504,-25.447308987722163,-26.304799011768353,-26.1072987707499,-26.448259119306044,-26.47212144807284,-26.05962528503934,-26.582549338037705,-25.469779562218537,-26.023841249538716,-26.06797077994562,-25.94439230490387,-26.55335318155602,-26.04403542758766,-26.115835733164385,-26.232941860485784,-25.85875310357287,-26.655821691006047,-0.2273022005894134,0.5918712544205634,3.2020396242106086
14,1,variant,first_click_miss,1776852653195.0,-25.261635422220937,-25.81981033121142,-26.344491866565455,-25.761420835839115,-26.392866605946462,-24.75898849484875,-25.469145098666996,-26.352765692882908,-25.65630384436007,-26.208107990111483,-25.861914235104376,-26.055225558923674,-26.351013505925344,-25.957132708995477,-26.672762436291087,-25.47490804556986,-25.838208067266702,-26.179669934096392,-25.623953240353416,-26.38086951848901,-25.669396782823437,-26.166798398541715,-26.43265515762594,-25.913512226275316,-26.495939047199553,0.1871587456930754,0.6039926482758035,3.019476433222902
14,1,variant,feedback_late,1776852759195.0,-25.443278329228004,-26.106405834075836,-26.42163989508468,-25.71145545233071,-26.210824822545874,-24.960469634280287,-26.085830737367505,-26.351962792858902,-25.52318411490761,-26.018201789168405,-26.099332654841145,-26.201938800172275,-26.5264485350052,-25.968842502899065,-26.259072317924904,-25.18222563672035,-26.06310423748842,-26.114941971882615,-25.54748499452329,-26.226503648508203,-25.775095645792145,-26.400701613942935,-26.661326875456975,-25.802677843015825,-26.285557197216292,-0.5626466224598943,0.7622313481458977,3.1010816663132488
14,1,variant,first_click_miss,1776852589195.0,-25.47305004030788,-25.97076943847002,-26.27245703355057,-25.82282310707113,-26.520746014449085,-25.05685601537775,-25.604729771271515,-26.51015962219668,-25.710370015439157,-26.327826806845938,-26.028453476215223,-26.34241944661232,-26.259239736810223,-26.00062288546641,-26.6322837766484,-25.25735798544923,-25.454962427504,-26.19974218178473,-25.763549301408073,-26.629823712696492,-25.926759211603727,-26.341563573984367,-26.348597194196604,-25.779644338159944,-26.51587079388539,0.1056402441676418,0.6008574280816625,3.0286595243385577
14,1,variant,button_delay,1776852517708.0,-25.720060627804404,-26.056748875506365,-26.26897066698142,-25.77457280967314,-26.560508183636628,-25.151994973267815,-25.68990210930903,-26.226939482943173,-25.528566196741053,-26.30587717249376,-26.176376968699067,-26.38627175908878,-26.39974758892551,-25.91422584756267,-26.585525185396342,-25.585563447437476,-25.98074327665181,-26.00836096552324,-25.58420465962926,-26.606496490856543,-26.081101190639792,-26.32422043526552,-26.309541778572907,-26.066931468282657,-26.78129403866808,-0.1613359125679778,0.6577625456978152,3.1521071940366436
14,1,variant,slow_image,1776852647789.0,-25.189767921769935,-25.68498214280587,-25.92405319034799,-25.658521912030125,-26.389104876470057,-24.73931570019925,-25.42275774561952,-25.765755679904352,-25.43426147897744,-26.113475959680272,-25.529071897801245,-25.955063541742938,-26.148524015211688,-25.70343498478191,-26.322107707307236,-24.86985267468782,-25.297357530211546,-26.006697477681143,-25.73297925768053,-26.53914740182668,-25.670539664316472,-26.077331009896145,-25.987203365655343,-25.779476127542125,-26.664538858402775,0.0115037333579195,0.5319731864492014,3.054370481338921
14,1,variant,feedback_late,1776852452196.0,-25.18811368524304,-26.11373348220577,-26.31572895932222,-25.718087087702532,-26.494734542908105,-24.579443091733193,-25.924811153377767,-26.33020024421526,-25.635956938344258,-26.423590415301955,-25.748156740571066,-26.27724501446685,-26.354718753706088,-25.76316960673033,-26.46209492241534,-25.198436509990852,-25.859461595181397,-26.10054175025067,-25.344812233823703,-26.36990074471103,-25.669234595264637,-26.46268535430166,-26.456309896689856,-26.005015630741557,-26.57503329490754,-0.2888542150335098,0.7293953474654888,2.8870964218399005
14,1,variant,coupon_expired,1776852658203.0,-25.49969485293595,-25.783877195740693,-26.02135437359945,-25.79403061519384,-26.52922019223312,-25.36028126848232,-25.6468510939456,-26.08521452247342,-25.48596355249956,-26.42462429921803,-25.611203518298584,-26.00055634468282,-25.981629969201236,-25.986898184863257,-26.633730903005993,-25.524741777863564,-25.539895039728293,-25.893116523033033,-25.671668087892613,-26.477716356890618,-25.84416892402374,-25.956329933755537,-26.14564150353382,-25.981798815749777,-26.510934734761236,-0.1608875414460371,0.5086045562341454,3.109890219049428
14,1,variant,first_click_miss,1776852855197.0,-25.93125415907688,-26.10398882628072,-26.1075765306212,-25.605184816458692,-26.39942808613062,-25.035199003005367,-25.848139985541277,-26.00181522359856,-25.212937826892723,-26.15639797619153,-26.58240279825578,-26.17450840750347,-26.17127311382896,-25.775848613670643,-26.4014985720178,-26.074745167730622,-26.11647246281356,-26.057569534485108,-25.538193000255124,-26.54093580220773,-26.459468848000267,-26.375486992487033,-26.335046841238825,-25.98571239295048,-26.58864507642634,-0.6352021586485534,0.7439248789333736,3.286352506447044
14,1,variant,network_jitter,1776852771198.0,-25.72605678550207,-25.96361906004534,-26.430227002693368,-25.78239239529525,-26.518111875545447,-25.2186470438378,-25.711306206783604,-26.433621767503677,-25.428896755510447,-26.24716341486435,-26.114488056634343,-26.275830087618527,-26.49535830455722,-26.044984081912837,-26.435066619486555,-25.941987791073498,-25.696569298824485,-26.224843517119563,-25.750546816575767,-26.57436789436129,-26.134860282535353,-26.17874397691594,-26.578679260019943,-25.98532265703164,-26.652726318989675,-0.282409451273157,0.6601197708636511,3.1641856685208714
14,1,variant,coupon_min_spend,1776852581198.0,-25.925363523750573,-26.057731141375235,-26.198880199480712,-25.61682854304325,-26.42354693127028,-25.56397524924613,-26.030515311162297,-26.345180978454007,-25.498183974596323,-26.256099913267583,-26.20328641688664,-26.256818008094456,-26.19771971450465,-25.758365597169323,-26.55370936389533,-26.13582729948631,-25.94985572174104,-25.732367184667712,-25.604219610077365,-26.50169720458001,-26.289457485746652,-26.100100340522825,-26.360293332802467,-25.752788129984804,-26.57659944166755,-0.5323313365659708,0.7487079384901176,3.2694545878670613
14,1,variant,facet_reset_once,1776852439201.0,-25.960285813992407,-26.086874622849532,-26.351291035374032,-25.728666723984308,-26.430000502148623,-25.723125143971604,-25.803937018005733,-26.157932811952087,-25.463679073631017,-26.201473225532915,-26.048743805687657,-26.397804677308223,-26.549762634168047,-25.906152433887268,-26.62054735311987,-25.654778693258635,-25.929029775277503,-26.107308973021755,-25.754685688982004,-26.435937907388308,-26.396815769171337,-26.349843664116413,-26.676102551816644,-26.070845119635567,-26.631890927096556,-0.3402579443747164,0.7221889380792172,3.274121017872859
14,1,variant,sort_reset,1776852525278.0,-25.15522573825678,-25.923300095143897,-26.111981561284924,-25.81992082521386,-26.52217215756543,-24.630640924590715,-25.47086143080099,-25.866953877592454,-25.627949458395584,-26.279745136465554,-25.743695278905545,-26.323567487797824,-26.443456090485903,-25.919512860302696,-26.62447954915721,-25.36229523633573,-26.126048631546368,-25.655147744472497,-25.862085814066607,-26.727087944406765,-25.269671365859537,-26.200901514355404,-26.426081949507545,-26.107715996503,-26.712124586294426,0.1570880275945931,0.5518817891714065,2.7737035162309853
14,1,variant,network_jitter,1776852833198.0,-25.77574513454173,-26.171461944957528,-25.994564366523335,-25.67047144964167,-26.38045736163002,-25.296368307460693,-26.050109255502512,-26.146054199103045,-25.433885462029743,-26.091293956054177,-26.222890500186416,-26.34801549717812,-25.861292699941867,-25.710302002534632,-26.438473002167008,-26.206860609840263,-25.98850399370922,-25.872753254503525,-25.552251457024273,-26.365869423132608,-25.949557461818863,-26.0402467520258,-26.234028273871623,-25.795647629699182,-26.47208436032319,-0.6162237934727663,0.6803210494827663,3.207132553708825
14,1,variant,skeleton_prolong,1776852510208.0,-25.734193507891707,-26.13505786061506,-26.16224775137188,-25.85529043789303,-26.50925947748152,-25.00997488538113,-25.689637005859904,-26.038654030737792,-25.449035630251245,-26.255431442627792,-26.33642048361269,-26.66108695739616,-26.10768720699023,-26.03019587758785,-26.555733200924823,-25.23877698862379,-25.719343540025815,-25.9924189403169,-25.932257783711247,-26.35578592645498,-26.18506396248369,-26.383286314570825,-26.21892440104872,-26.01111383851468,-26.69098808879316,-0.2406013756086586,0.6020465243975817,3.1472112733282196
14,1,variant,sort_reset,1776852642208.0,-25.31750467785468,-25.865452156097017,-26.308947802202265,-25.762034048430195,-26.48797814933166,-24.61743072090021,-25.594659340378712,-26.245812971366668,-25.58732420240154,-26.40196612608308,-25.945530506978415,-26.084353649503736,-26.33509866632828,-25.775469379138805,-26.537192489493247,-25.82361217009486,-26.22279469973626,-26.15625020631423,-25.569732898815236,-26.716561241684555,-25.593221003713015,-25.910740720311473,-26.327808704318524,-25.97579607265785,-26.458547756582615,-0.0073351379771722,0.6117095045911026,2.9794126654513065
14,1,variant,feedback_late,1776852570194.0,-25.749368143449196,-25.44871862814337,-25.885375139952004,-25.895638130515685,-26.51408980194524,-25.050565362819697,-25.18181478128555,-25.763391413007827,-25.67693969531457,-26.2918872481444,-26.21073796976272,-25.52208302837525,-26.08102028042824,-26.141037447683527,-26.571479807860435,-26.198583830106543,-25.363102656635505,-26.076174455342592,-25.784988911306325,-26.534176003268097,-26.122950002946276,-25.7949048631118,-26.1258855531591,-25.971098631609944,-26.6226323621266,0.4951249140290166,0.3636182584474957,3.0549302718210085
14,1,variant,feedback_late,1776852811495.0,-25.563337302501107,-25.86013919328671,-26.26854410874777,-25.72497605013764,-26.36897714830659,-25.00916389614712,-25.638483617302985,-26.030354274302216,-25.453383613871782,-26.02210317677639,-26.06025845198085,-26.149745952871623,-26.581115431354,-26.031864581406364,-26.54898846876639,-24.977459731384148,-25.51688698006069,-26.459717823617225,-25.62542376823373,-26.409383979254347,-25.79441311617686,-25.897015647751164,-26.400587170739698,-25.79151126814839,-26.58193033472852,-0.1851000034311987,0.6238640782281293,3.149953076916446
14,1,variant,network_jitter,1776852622200.0,-25.376062316993647,-25.830280681513003,-26.077978925513367,-25.524887160989095,-26.48643581375186,-24.80269452868514,-25.65462224858238,-25.72328862186223,-25.364162867053544,-26.31078995769429,-25.995905388869733,-26.140152902076704,-26.376785188123524,-25.801064053970485,-26.719299373943365,-25.04358649574832,-25.351214169931257,-26.062062049680936,-25.616773432069618,-26.62655963609174,-25.84481407383668,-26.02541485358395,-26.42571470214671,-25.650430073274343,-26.59519476915774,-0.2904593815288372,0.6974912628454469,3.041943564789018
15,1,variant,network_jitter,1777288245484.0,-26.39436745970093,-26.164386893020065,-26.026040507172176,-25.631191780182,-26.382568297003893,-26.49412527783924,-26.159132584297993,-26.15343904990187,-26.026795527957365,-26.686412570503297,-26.52455897694183,-25.997794767782047,-25.84886068083358,-25.404462609513928,-26.1358992657973,-26.23847696328329,-25.46277007576172,-25.40789983114825,-24.734304397285,-25.66677181409888,-26.52231075067944,-26.397088851260172,-26.080698278706215,-25.766277068932396,-26.628662805679873,-0.1323370563406278,0.7164002975326174,3.373721244761616
15,1,variant,skeleton_prolong,1777287928478.0,-25.40240350600126,-26.079835378048024,-26.07507001348566,-25.66504387233859,-26.238078981796495,-24.76144643339978,-26.0992591511418,-26.1892717240736,-25.796518784289372,-26.3002835694274,-25.388673299597468,-25.929442172294426,-25.650211823868563,-25.50273276699408,-26.028908573695503,-25.288257250484783,-25.407802084796973,-25.648159789449835,-25.213473097568553,-25.373959775159552,-25.762121649312963,-26.272125640402397,-26.20787777529096,-25.678430135279267,-26.52467382179797,-0.3027403668524293,0.6829995252265432,2.9635193565407496
15,1,variant,broken_image,1777287921492.0,-25.905940509169863,-26.15008562178195,-26.134121013746636,-25.62846861453739,-26.20778950520707,-25.66616268691102,-26.24651437083526,-26.24461523535949,-25.87978106466123,-26.38972427986467,-25.817576254943493,-25.87178191823704,-25.857097935248625,-25.423321141711774,-26.060670810863165,-25.060037149168178,-25.389205849189175,-25.597891374376104,-24.66354852780792,-25.18899431404219,-26.31344219893121,-26.33778926238153,-26.274273641909456,-25.857832719241028,-26.44893541728366,-0.3667333061740265,0.7509411705586592,3.362555576578524
15,1,variant,slow_image,1777288028498.0,-25.899038972833385,-25.990791133724787,-25.89318734782791,-25.57768118387819,-26.192316065042807,-26.096529322983972,-26.17803725040283,-26.023406190310176,-25.637665864018963,-26.36607360242537,-25.7752667711676,-25.875336013864672,-25.842308592984136,-25.63981069272459,-25.991642482296935,-25.477890742247965,-25.263843627242867,-25.57830343001488,-24.769577594504185,-25.14772345276125,-25.830949499330952,-26.04027752233605,-25.787725224539088,-25.67477565700764,-26.545921422647556,-0.540371386383871,0.6581914568825925,3.3113005757070004
15,1,variant,feedback_late,1777288034477.0,-25.480446750329953,-25.922951479349244,-25.46761622920457,-25.48106086184987,-26.271447995096693,-25.38087118860915,-25.9034224847195,-25.590656550208593,-25.55534830530152,-26.522180061103988,-25.469534449643472,-25.751332152898534,-25.44824191910732,-25.3594151660158,-26.14349838073548,-24.711160046334328,-25.36581637892044,-25.00877829232556,-24.760372328949916,-25.43153971706302,-25.7506554993772,-26.122924746104665,-25.556805710896267,-25.62396970201825,-26.386238474286213,-0.3480741794179813,0.564065374641076,3.185113813492394
15,1,variant,network_jitter,1777288184503.0,-26.385535042905644,-26.09897335995968,-25.89683146446376,-25.523500561705205,-26.271730506005532,-26.42568548056656,-25.874178319418025,-26.156351023565033,-25.85694069909408,-26.45164374758666,-26.27904803842481,-26.06940863971435,-25.60725161719869,-25.20597271138135,-26.1091864113206,-26.015767230767825,-25.34579508076084,-25.09273891739613,-24.71875314913193,-25.394346949301266,-26.477167724953237,-26.30930955794426,-26.00059663528172,-25.546284273646044,-26.458029029138935,-0.0172376203239466,0.7286424598403591,3.391777931810064
15,1,variant,coupon_min_spend,1777288149477.0,-25.888223529978795,-26.300518091857988,-26.22636026395291,-25.711242883135792,-26.258209738315955,-25.860838300642648,-26.50268189198245,-26.24059780216978,-25.977275094077036,-26.503899646114775,-25.995853182028025,-26.094866258681996,-25.973759385700237,-25.614014251749342,-26.18749896658832,-25.518650243103284,-25.57214200779305,-25.666564154385043,-24.92421022721517,-25.427609469679563,-25.7512103530503,-26.356895022384528,-26.299786341536123,-25.80021590287094,-26.29438569626812,-0.5254067979054149,0.7699419919345271,3.3035968016594497
15,1,variant,coupon_expired,1777288052474.0,-26.111873736233456,-26.051074022169992,-26.11345607201392,-25.560847344519935,-26.203716619295484,-26.226966008237454,-26.05440499414104,-26.390568657794955,-25.674115060332618,-26.42481621104443,-26.214464790483483,-26.00063767637751,-26.14682120734024,-25.54280504074487,-26.22386080435656,-25.83823105922503,-25.232533373566017,-25.27172103635231,-24.81335831060044,-25.47476416543915,-26.149770105350544,-26.15540014292286,-26.132878977556175,-25.763150532995716,-26.575202107614167,-0.3802899338084238,0.7609782154784781,3.387794498113071
15,1,variant,sort_reset,1777288003470.0,-25.86180812190737,-26.31476273187972,-26.109024808692524,-25.61083325075438,-26.258968882439156,-25.7406229373022,-26.299061982642655,-26.302012542028212,-25.818664036109556,-26.411287932472643,-25.624953658077864,-26.211332793843848,-25.69713800458543,-25.379857949888155,-26.05633494240385,-25.537503411560525,-25.984479630721943,-25.83301526715475,-24.984612056238365,-25.545469384539658,-26.267241398850626,-26.24151758562464,-26.184307141141577,-25.751136982986846,-26.363044175370224,-0.480397946533099,0.8097842120389223,3.3143651456516854
15,1,variant,feedback_late,1777287960478.0,-25.9981497000973,-26.017623566006776,-25.92199041700116,-25.643226838863264,-26.290818418997997,-26.188594725810695,-26.091657326324587,-26.203491898973787,-25.90970530072125,-26.43990534450733,-25.95615248389408,-25.8328251705099,-25.70235884797133,-25.396250882245575,-26.137389852651996,-25.76070753356692,-25.450855987329735,-25.379756333342556,-24.96011489673153,-25.29391166518198,-26.271388301056067,-26.136912466367452,-25.879908154935315,-25.709487047707015,-26.53028645182236,-0.1819520256033371,0.632343050382787,3.2942537791790265
16,1,variant,skeleton_prolong,1777293817922.0,-25.685846369391243,-25.932356928681003,-26.481519982252443,-25.762146967999502,-26.409373826966892,-25.221270381694733,-25.84945062717167,-26.550801629133144,-25.55971031399236,-26.282962832079228,-25.87877925188394,-26.15753676347308,-26.417581334979047,-25.964500206587388,-26.52953270928083,-25.234064498444127,-25.815355084154387,-26.3702929260803,-25.800290504971475,-26.499786537566973,-26.215206026339327,-26.01328159758219,-26.67775046357176,-25.852120443051707,-26.455601981623087,-0.2897403131793084,0.6734720945010714,3.1666935627733706
16,1,variant,feedback_late,1777294074911.0,-25.61940629618176,-25.910728799406584,-26.164374792428603,-25.849206185206732,-26.594363229258526,-25.159733652623338,-25.636007932174213,-25.986796919008903,-25.753419142671124,-26.60969922120305,-25.574221277740676,-26.02356878596762,-26.183346689738222,-25.942432379303416,-26.672372543997092,-25.60216479095589,-25.64228041524974,-25.977244941277178,-25.63847209594979,-26.54077462854436,-26.106671794537927,-26.20188719487365,-26.459751163244945,-26.04634939173854,-26.64245272303336,0.1174112104969111,0.5439720112831679,3.0775675146485333
16,1,variant,network_jitter,1777293981920.0,-25.29231660693785,-25.56975419017033,-26.296267991663992,-25.762671793503916,-26.29058552645786,-24.812977426457216,-25.314208650511578,-26.3214041065204,-25.54664306256742,-26.033523385186673,-25.709022178608308,-25.66323144086309,-26.24807163687766,-25.718100605624365,-26.234488148279485,-24.71313237624298,-25.03817074652605,-26.177037524278216,-25.704436761710753,-26.377887910792552,-25.757392899927066,-26.004600363334895,-26.33307818938672,-25.915120550124577,-26.489360126904483,0.2324344120558414,0.5118615804073926,2.9415964450878955
16,1,variant,first_click_miss,1777294231910.0,-25.27283244944837,-26.04086773643616,-26.290684118861673,-25.76899177646719,-26.31517135085283,-25.191872506847755,-25.796020340156623,-26.1951839799664,-25.62630485627097,-26.11159804516342,-25.290474822758217,-26.021423039073152,-26.29417698907285,-25.89748642960427,-26.566449952332448,-25.45545748247363,-25.618848574187243,-25.963903176412305,-25.84860432357819,-26.3630604124464,-25.521905097319667,-26.222084569335035,-26.541682963474837,-25.971362430579894,-26.45035145327262,-0.1697154838856533,0.6618917478330981,3.020858520822607
16,1,variant,facet_reset_once,1777294084914.0,-26.05507325021875,-26.050014385379793,-26.24683717357467,-25.83224760830724,-26.458823879410172,-25.77589450612481,-25.79403414436652,-26.180006120330265,-25.560492246778463,-26.229473166239657,-26.36776698519151,-26.132463106393907,-26.22289438854467,-25.92946676419756,-26.60023757633917,-25.599408490107304,-25.7349851905467,-26.333185886752485,-25.86449290828769,-26.503558938013157,-26.248041351056887,-26.328760116370848,-26.294621263509317,-26.00407756635334,-26.58584345245279,-0.2335418975880543,0.6133365930198079,3.263621883103702
16,1,variant,feedback_late,1777293812913.0,-25.69163971629353,-26.115396042827637,-26.46324014021391,-25.695799588041236,-26.365899540737693,-25.425508534530337,-26.109146131381447,-26.489334155180185,-25.70444642161633,-26.544175514643975,-25.95176292898872,-26.300054302814935,-26.708883914358104,-25.90861908411595,-26.349522778792544,-25.555881449397656,-25.7361341007056,-26.153799257299735,-25.074333482393595,-25.665847912594632,-26.08707237857706,-26.313653134941315,-26.611634223180392,-25.963625402974483,-26.55788137097338,-0.4046997097651186,0.7899493519657811,3.1794628518519628
16,1,variant,slow_image,1777293937912.0,-25.25733083807488,-25.90602155935722,-26.132006793011335,-25.70417217185302,-26.502334098190047,-24.771090354434303,-25.63807899455465,-26.05918356598532,-25.46595243111559,-26.34274445811817,-25.70512984197494,-25.82627943315284,-26.04290296778418,-25.686760549997917,-26.686120106188575,-25.069477107485586,-25.74476266599444,-26.182215885503904,-25.594299882042463,-26.561642668048393,-25.66873239681005,-26.38377599334354,-26.456619362637067,-26.142608458766087,-26.581702557574605,-0.1721265634390612,0.6192934004403928,2.97853377329847
16,1,variant,network_jitter,1777294219906.0,-25.3449391654093,-25.96675087997769,-26.43466291501322,-25.84347990069435,-26.396892834381102,-25.065853886914137,-25.81335243620789,-26.36847455469575,-25.76527173364419,-26.387809856593,-25.523804336070064,-26.011181158622417,-26.412945829509987,-25.76252264056281,-26.38974435637499,-24.85319928414638,-25.552407441230766,-26.055008238621596,-25.528947431824506,-26.214511891049465,-25.860418231632725,-26.359420116735205,-26.60594447545544,-26.053186129399855,-26.500381467008033,-0.0480807025636984,0.6230268866434971,3.0698394512795
16,1,variant,feedback_late,1777293829925.0,-25.55429265541398,-25.761925629511,-26.31151103555465,-25.787892212163676,-26.542638794799107,-25.210761963520955,-25.45558355309542,-26.29534894832202,-25.50418931379212,-26.55040612240311,-25.564564988835293,-26.20892807725796,-26.28746063040402,-26.066420338688012,-26.60759099789427,-25.210479498799653,-25.19537509050541,-25.933302140491417,-25.752616121650288,-26.502729447415636,-26.21572527953442,-26.064278857226345,-26.56395073992272,-25.984904811741465,-26.61874307431747,0.0486057606967023,0.5627459161246655,3.0729050231160784
16,1,variant,broken_image,1777294057919.0,-26.11399747398107,-26.28553506464075,-26.064837058117853,-25.79840709710707,-26.445269744610904,-25.833530272121056,-26.119189801693796,-26.21353963906562,-25.60331091594636,-26.165475114397907,-26.207820364466578,-26.33908720539735,-25.875059049016993,-25.792848650202863,-26.520239973927197,-25.754613632327032,-25.938103340451004,-26.16438522914916,-25.61156830177178,-26.35616383056326,-26.40354371768716,-26.57246712997649,-26.153558212697934,-26.007107694729783,-26.722467720761752,-0.515878885747437,0.6491428996755888,3.255139054364456
16,1,variant,coupon_min_spend,1777293856906.0,-25.39772975539331,-25.872614955829516,-26.18204780824901,-25.71221656882559,-26.523834999135342,-24.846078393370863,-25.662469404091528,-26.083417785408,-25.596281849127752,-26.66775894181391,-25.870035667312116,-25.83369489856504,-26.1681732250592,-25.59204443146541,-26.548219404675347,-25.30770251081128,-25.52031952138664,-25.57678487671584,-25.300942248734867,-26.260880513837,-26.0244916905426,-26.280049147847045,-26.34805804796235,-25.936389990851616,-26.579799193483705,-0.0661875549637756,0.6158794204365664,3.0303729453422052
16,1,variant,feedback_late,1777293861916.0,-26.10786181089486,-26.36767131875701,-26.448798537532863,-25.781549941420057,-26.53863890763171,-25.963669556442916,-26.208704751473302,-26.44442886066288,-25.553697883287654,-26.48574588703205,-26.399192490094187,-26.595698328206396,-26.51043711135773,-26.046783520642407,-26.583540432030816,-25.77578038307143,-26.19709175198561,-26.38009950713665,-25.67866571024227,-26.511350541299745,-26.41944637350415,-26.513352082063545,-26.542645112320056,-26.004855327217296,-26.616180063315134,-0.6550068681856445,0.8150488940290074,3.319189355567297
16,1,variant,coupon_min_spend,1777294179907.0,-25.650829570936665,-25.962201824130094,-26.423482417536285,-25.818520603704727,-26.523033875686785,-25.398300894691054,-25.90663950231029,-26.580647092838603,-25.706399555856148,-26.440278729517676,-25.84985578039756,-26.039063910791867,-26.45237634476793,-25.990876393750124,-26.526119982590565,-25.852526392042886,-25.937979928247643,-26.324178891490117,-25.781092262498557,-26.597738836724876,-25.990179607835692,-26.137955585191605,-26.352375220341763,-25.836406209271793,-26.51814826488974,-0.2002399464541433,0.6347173126993114,3.097797817655314
16,1,variant,feedback_late,1777293976914.0,-25.573673457284965,-25.728437400381697,-26.231554410570897,-25.61020544834009,-26.396377711870468,-25.059931906595523,-25.370063959433935,-26.147790317303993,-25.454434129100555,-26.241937708522222,-26.178219289127167,-26.1164641494737,-26.428352335766768,-25.473199871874492,-26.44273282326002,-25.478449645421033,-25.62127678573658,-25.85086298571971,-25.862023228349273,-26.4695769452653,-26.19263127009147,-26.027066021293027,-26.4806406194892,-25.828260679937852,-26.613711945996247,0.0843701696666201,0.641742867588277,3.166267935249426
16,1,variant,feedback_late,1777294157915.0,-25.77190690037209,-25.990990185162364,-26.382911829813494,-25.834017505446077,-26.504124458007155,-25.827402297364603,-25.710060876461537,-26.255786831979197,-25.58982857701617,-26.4731319179164,-25.725885272813752,-25.958617722824897,-26.233408820907854,-25.965709985008584,-26.474483389078294,-25.29148218190066,-25.77056317267204,-26.018682132311472,-25.8208556844414,-26.247604468012252,-26.351381760758635,-26.30144354701773,-26.771534354421146,-26.106624980053983,-26.667248542826233,-0.1202322994453659,0.6257389886364156,3.187358636502478
16,1,variant,network_jitter,1777293845932.0,-25.87330228889415,-26.240677597446943,-26.469744797709524,-25.82385339683706,-26.450899755854195,-25.348012651429123,-26.087780738430933,-26.510306690505708,-25.527206340746822,-26.227225838315512,-26.02311504890144,-26.28699757818689,-26.42605905291982,-25.96987542799508,-26.716919766993136,-25.814636377901262,-25.912585810822794,-26.295756721025572,-25.66375281014326,-26.364774118908127,-26.300793322634465,-26.518977181368,-26.621020324914593,-26.11450427359922,-26.673157174248537,-0.5605743976841104,0.7421424775949267,3.2147908059480512
16,1,variant,button_delay,1777293952917.0,-25.544393788034977,-25.760505528185757,-26.32506945563251,-25.665476357047787,-26.447171662019535,-25.33879235414118,-25.34725892065392,-26.161197004793987,-25.312717800695037,-26.394179674139107,-25.818760586300463,-26.03649652989616,-26.188004944483897,-25.948936215711218,-26.576428037332462,-25.4648443458649,-25.285455325954853,-26.49875194974708,-25.79920216573306,-26.393107707436087,-25.90215352692502,-25.94335788944446,-26.510181247815645,-25.78135414621698,-26.52780668581528,-0.0345411199588845,0.6383708170121388,3.0909606367829765
16,1,variant,button_delay,1777294089917.0,-25.532534428116016,-26.038249611784455,-26.23873085797466,-25.78516330695303,-26.47762321767018,-25.466098132565275,-25.776304875068153,-26.175454272776,-25.62346983657636,-26.20687416409282,-25.540894838529184,-26.09819118181955,-26.28052356421032,-25.829663377056125,-26.561867153860163,-25.052310260995167,-26.11936993878241,-26.13035302251733,-25.648810862083025,-26.36360458676931,-25.83050831842304,-26.36400519599623,-26.40778301344644,-25.93127813901148,-26.731857144752237,-0.1528350384917942,0.637085459897513,3.066591706330631
16,1,variant,network_jitter,1777294150923.0,-25.60199474836218,-26.052682112109633,-26.34987004566123,-25.751836482445675,-26.41322414776385,-25.363872036097575,-25.823072441291316,-26.096570170064307,-25.4908586408489,-26.026260864767178,-25.736159940266297,-26.00634124277151,-26.659280120233426,-25.8404993523941,-26.62799912180352,-25.01691552490745,-26.252092636023537,-26.042102055141463,-25.875184107858573,-26.403965771215436,-26.006884704074,-26.431117865355816,-26.46067207229604,-25.87535439160245,-26.661361267989367,-0.3322138004424175,0.6930974758028778,3.1346077617295656
16,1,variant,button_delay,1777293891913.0,-25.627844583518012,-25.917799430912353,-26.367373980673086,-25.63614154429727,-26.500510148118963,-25.421743113049867,-25.651447203256502,-26.39919204242437,-25.40238247041342,-26.503071716726577,-25.788767041851923,-26.09581687844559,-26.265792642172805,-25.887872385235063,-26.62297316085135,-24.885070966355215,-25.571832059167747,-25.73944674819761,-25.618669731928986,-26.42002558556055,-25.904573191606396,-26.101586477988253,-26.61116647460107,-25.780470915382352,-26.62856222827927,-0.2490647328430846,0.7289281923188615,3.1577289658572028
16,1,variant,first_click_miss,1777293987906.0,-25.119404674201384,-25.809445462738097,-26.179285112253368,-25.63097040935883,-26.33819344084612,-24.484958387361388,-25.593732946714656,-26.26977345202493,-25.38119426806063,-25.92921893558514,-25.79246480024498,-25.8943776970191,-26.218705140530368,-25.913104297171525,-26.610268229126564,-25.371101183423473,-25.371133669859763,-25.86090398314362,-25.603615141928927,-26.350226685698622,-25.51713504927654,-26.10691300181737,-26.21536611889194,-25.854483866215805,-26.483544372649156,-0.2125386786540275,0.6452460845545347,2.9057320664977344
16,1,variant,network_jitter,1777294208906.0,-25.769967037713833,-25.718568151795555,-26.26507623150983,-25.81086067708249,-26.479143850246537,-25.39360990143749,-25.49949213033267,-26.13372125924002,-25.74551973264479,-26.288674172442477,-25.968486949506172,-25.655145841352287,-26.346728732488963,-26.016390400236663,-26.608767566389577,-25.48676983639132,-25.26844099200649,-25.867588875562337,-25.729992488507516,-26.51252973240379,-26.17531669798459,-26.26649021905289,-26.469942354087134,-25.904887273174843,-26.65562150687532,0.2460276023121252,0.5280859351049598,3.174592385109826
16,1,variant,network_jitter,1777293796906.0,-25.56253131949743,-26.216288320064493,-26.284273359060887,-25.85394173190879,-26.519665443348785,-25.34675819427429,-26.078886576369133,-26.254729977543043,-25.843324632925555,-26.52337967482529,-25.75007166393213,-26.308455258664686,-26.37540623038482,-25.98778425684693,-26.667062670566743,-25.04507654886699,-26.000705443150753,-25.632828729629782,-25.52034300765145,-26.451631082385784,-25.95647211098187,-26.47017570460588,-26.576042114817064,-26.039522060360746,-26.638535586389505,-0.235561943443578,0.6598630889335481,3.077687114232367
16,1,variant,first_click_miss,1777294226903.0,-25.696788206782468,-25.79630955140686,-26.343528984473615,-25.72158807324624,-26.447727375089855,-25.518819430159457,-25.703057406987124,-26.500215865765195,-25.602628246917075,-26.3778052384168,-25.81786253036865,-25.9786246534663,-26.01213150538565,-25.643031246079033,-26.587881935535343,-25.70816566798131,-25.345396497971475,-25.8554761427106,-25.654797823268535,-26.358260370832824,-26.300422338636455,-26.02435021680777,-26.62512391097035,-25.882862713828867,-26.477255675857823,-0.1004291600700497,0.6199368084725483,3.15183369067181
16,1,variant,sort_reset,1777294068900.0,-25.42896033974535,-25.91783381399383,-26.45518193832445,-25.89825432045097,-26.48924483853324,-24.864241731202743,-25.52951281573618,-26.2795736333903,-25.771841010407975,-26.385533910594763,-25.71659029115233,-25.94346630861903,-26.582884819059196,-25.922920884103725,-26.59793617867682,-24.429321643183716,-25.35460459542117,-26.216131427201052,-25.678993064800675,-26.43028377189409,-25.81691438489818,-26.300465305275548,-26.81984041847333,-26.200770653463188,-26.607429485750547,0.2423281946717956,0.5779103300865014,2.996662257693975
16,1,variant,first_click_miss,1777294185926.0,-25.519648220628937,-26.089656485477732,-26.17837712553966,-25.772026926162845,-26.440781234254203,-25.132360202307773,-26.122498561324353,-26.10992429383885,-25.775017712247895,-26.367871862014898,-26.01069199057781,-26.05748780398068,-25.78419204735235,-25.792438493992737,-26.49058214027368,-25.546039289700072,-25.577629771188057,-26.13463900904016,-25.5127110392979,-26.393924879323155,-26.00079320291186,-26.53914507006178,-26.55463336695021,-25.95186811431607,-26.64353340560812,-0.3474808490764545,0.6452534886558573,3.0255091193166703
16,1,variant,facet_reset_once,1777293904914.0,-25.76550294527106,-26.046088075569763,-26.249422343388648,-25.732593317657088,-26.438407237298357,-25.76009405122992,-25.99131310488903,-26.15467752459472,-25.722488547263534,-26.46785903927676,-25.966935449469464,-26.29004825716583,-26.329465499993727,-25.783869925499708,-26.475825834167132,-25.956483617107462,-25.79090017676206,-26.279117198316783,-25.670399497764297,-26.42976783256066,-25.99496502926627,-26.22739058375227,-26.296329172682334,-25.854694183364735,-26.593600005049502,-0.2688245576254928,0.6770018142504212,3.221197136156233
16,1,variant,feedback_late,1777294202925.0,-25.654669111100844,-26.068368936605985,-26.122258651396145,-25.819773047506484,-26.37740561379357,-25.366091208005155,-25.84168766566263,-26.16431526555946,-25.669432647391325,-26.22849831697386,-25.97405247581232,-26.12307783523883,-26.037572054504853,-26.01850461651958,-26.444118037894235,-25.81128301099956,-25.967630190735424,-26.19248781198667,-25.65302050747556,-26.2710871196779,-25.956596447561417,-26.335139963140644,-26.26972741859788,-25.98470980234294,-26.512641131545216,-0.1722550182713043,0.5944157447363471,3.1854731869994453
16,1,variant,feedback_late,1777293923928.0,-25.886252303010934,-25.981197545042413,-26.33255813523219,-25.757802654819997,-26.512776574013085,-25.54214500482513,-25.659406141604507,-26.236816376230788,-25.498571639199152,-26.315428943993492,-26.195272120631387,-26.1205077049338,-26.488000344758213,-25.94891564413402,-26.60956493762735,-25.547896313811854,-25.587675087486776,-25.706704681832864,-25.59145957050011,-26.46003224647875,-26.5355186130426,-26.407001941011117,-26.520371239842376,-26.037838240812828,-26.639081912462128,-0.1608345024053541,0.6595132124968446,3.235637824982943
16,1,variant,network_jitter,1777294100907.0,-26.03763442884766,-26.278769296635115,-26.544841709659583,-25.80862359213048,-26.401147418362676,-25.772579175347165,-25.98925595351768,-26.6505664915062,-25.69928380477597,-26.35615145365484,-26.072940963583516,-26.38995931715244,-26.53935109489199,-25.83708433150165,-26.432958403405355,-25.511777721732926,-26.078051285334656,-26.26691277827902,-25.72760620672784,-26.517908426753607,-26.22922594399324,-26.37307796680944,-26.519642864141662,-25.94007595598097,-26.352106489650456,-0.2899721487417146,0.7902198063304584,3.323867441644899
16,1,variant,first_click_miss,1777293801910.0,-25.690284391890536,-25.831899172588265,-26.320775046743513,-25.889627652064203,-26.468341831104443,-25.484131504991687,-25.38148935713437,-26.196629925105515,-25.830716433012473,-26.356690514275183,-25.80162572112381,-26.110877561771087,-26.456856799276533,-25.923082918128888,-26.719683929144516,-25.256395200988575,-25.336642073779412,-26.214061223745688,-25.798993120966475,-26.46820531843139,-26.00098583411728,-26.20721174625692,-26.43100355000945,-26.09603520138276,-26.583967000925664,0.4492270758781025,0.530654188514338,3.14352676831229
17,1,variant,feedback_late,1777459778357.0,-25.41790206662168,-25.830464484644047,-25.757279455946083,-25.334704482948908,-26.128614290261144,-25.40946523873408,-25.80908985456218,-25.781158947945094,-25.372680698098257,-26.1708146843304,-25.39575272710397,-25.8286951034814,-25.78693118356443,-25.43517786398115,-26.290772292192095,-24.10256809765117,-24.626605088332337,-25.164856592233004,-24.52284249001799,-25.272325718495996,-25.64732395159194,-25.87350358064575,-25.921809863380098,-25.50444687820675,-26.412883385990337,-0.4364091564639238,0.7325504245989604,3.2347703432072263
17,1,variant,network_jitter,1777459751341.0,-25.273309551941814,-25.71105445522342,-25.74730173780352,-25.23070281763711,-26.09651300322375,-25.385863840032748,-25.64256772544223,-26.037971160426423,-25.31198329360593,-26.241522089893007,-25.210856259043844,-25.568106785126847,-25.624708512165757,-25.27765013938616,-26.21750884569368,-24.12591115277411,-24.420421365825348,-24.75618200133847,-24.39865667783108,-25.3469093206658,-25.3600523216599,-25.89915604801176,-25.611075164723182,-25.403874440034105,-26.34505992160106,-0.3305844318363036,0.7658135165094041,3.2247504508206326
17,1,variant,skeleton_prolong,1777459742356.0,-25.45139303698888,-26.00182114738329,-26.23309870314051,-25.457548812474304,-26.142058787941817,-25.51998911566003,-26.214861488275577,-26.30560326265583,-25.65856199335693,-26.245136910107593,-25.250170129892258,-25.86429871891218,-26.09520854332602,-25.488117476467966,-26.412947732930085,-24.254923769877507,-25.11244970890763,-25.77820552577212,-24.596012359095827,-25.77257000298193,-25.73766188173292,-25.963428776065737,-26.381440421460645,-25.707586092268816,-26.253217299779287,-0.556299494918651,0.8661786647825663,3.176412901691384
17,1,variant,feedback_late,1777459913348.0,-25.457581640423964,-25.889473253130944,-25.924442883117553,-25.459362780805847,-26.27956868050915,-25.648828537645368,-26.00699851630429,-26.074692548223787,-25.628656553619173,-26.279252090964032,-25.599821192151335,-25.654024645554347,-25.823997250166524,-25.428572918839652,-26.44258469556264,-24.555324120522172,-24.74900776988669,-25.227942717043447,-24.631663877476125,-25.777622036517226,-25.577528959757252,-25.966933929434553,-26.079413407599617,-25.759776166506068,-26.4970564039864,-0.3783419626851128,0.7181274619738612,3.17723047836085
17,1,variant,network_jitter,1777459864355.0,-25.381324896091613,-25.670247968223727,-25.713909701367655,-25.36209621806626,-26.14346242337701,-25.461744156591376,-25.77770615704187,-25.968317813192517,-25.75387026562321,-26.44699435945234,-25.202864966685787,-25.612357590142175,-25.647872929359817,-25.39939640465736,-26.261981404743885,-23.914400201323787,-24.19941404232756,-24.63922182322357,-24.59304834491679,-25.74208508331804,-25.587924690624924,-25.885738642235328,-25.853282712506132,-25.631152591319346,-26.507641589161643,-0.0238358914186598,0.6486605328353353,3.1613345242757527
17,1,variant,coupon_min_spend,1777459773350.0,-25.475070756649043,-25.956061645309862,-25.802500303299595,-25.181878326193385,-25.895795489066952,-25.48820558754308,-25.97193056512386,-25.89255760136486,-25.130182307132436,-25.751048120002157,-25.44258478422289,-25.86848197299691,-25.60496042386153,-25.11334074363956,-26.108341388132835,-25.298805102396404,-25.324867589129372,-24.570448656010445,-24.04939629444924,-25.301593061152044,-25.48247234313776,-26.059412736527378,-26.15347188648645,-25.488972859097696,-26.166287581231636,-0.8417482579914228,0.9216099538821174,3.2413855975082924
17,1,variant,feedback_late,1777459700356.0,-25.12669013387746,-25.632671301571484,-25.902779164353426,-25.31824407188246,-25.96488222879118,-25.07523013423428,-25.59252246346398,-26.237713173934196,-25.57918554424513,-26.118241917019503,-25.167106638557257,-25.3941588336387,-25.854457205705405,-25.363644464085706,-26.050166919221436,-23.859170848080975,-24.178120617805806,-24.856090193323155,-24.581928662857944,-25.05878413438616,-25.330081588630808,-25.998471876332612,-26.11989868398323,-25.62217727162635,-26.39751775286153,-0.0133369192188474,0.7212104154576034,3.122329656365429
17,1,variant,slow_image,1777459995356.0,-25.2686128124764,-26.112378964708093,-25.85696745725471,-25.235339156704978,-25.923214727462664,-25.27142749189337,-26.237225836020343,-25.972139272411773,-25.345668045528804,-25.99609742132384,-25.395872165089106,-26.06861990578304,-25.837537448830897,-25.395285998860565,-25.96579004598567,-24.2412397719154,-24.832564783087232,-24.83470542827192,-24.53293578013259,-25.129143396579156,-25.596421624946917,-26.227220277302848,-26.135140186146312,-25.524599394315455,-26.396750409360287,-0.8915577904915395,0.9576779997834772,3.2106352814574266
17,1,variant,button_delay,1777459832346.0,-25.35585496535892,-26.15349406232737,-24.889854856057383,-25.30132992387425,-26.180038671935677,-25.507402393520316,-26.362129659737295,-25.412294777302247,-25.375479103434287,-26.24268603654472,-25.19979769349724,-26.015752115184483,-24.86374415400233,-25.3803727751855,-26.480854891865217,-24.09558449554668,-25.290241617685925,-23.928437921676913,-24.71710495426909,-25.776020752007167,-25.50254950072059,-26.07484976374628,-24.423351014153106,-25.457374636360942,-26.318230741651114,-0.986650556303008,0.4919180742813834,3.011107202743225
17,1,variant,first_click_miss,1777459792356.0,-25.34282882008752,-26.034113222836694,-25.669739495733907,-25.31048356438709,-25.993088530817367,-25.487458128489305,-26.179739894632288,-25.747500855763143,-25.60409031315947,-26.214181024406138,-25.57000239985082,-25.89931653897385,-25.467763322089336,-25.236608681250196,-26.03050125811645,-24.344847385462973,-25.099504893624992,-24.592843677466217,-24.67765473859031,-25.485970443706623,-25.657006159458973,-26.1768329182295,-25.90957069430221,-25.581686926920664,-26.214217085203703,-0.5756495814728169,0.7803933201835561,3.2005340432492577
17,1,variant,feedback_late,1777459954346.0,-25.9327491582966,-26.080577806471283,-26.233920117348458,-25.472961565382036,-26.271787285758982,-26.01427446470313,-26.111185481337863,-26.40176706490587,-25.412190499523255,-26.254872442134246,-25.823832816783096,-25.827951215545987,-26.108921723464583,-25.583693000686104,-26.468487427655543,-25.677648847002526,-24.828173897768767,-25.42277147727444,-24.95777578940862,-25.7220158192308,-25.63721500792527,-26.13298342029183,-26.291764885645065,-25.7617633413937,-26.487450302445673,-0.6989949818146108,0.8869847403194339,3.2666520252594347
17,1,variant,feedback_late,1777459934351.0,-25.591805671346535,-26.373822150127527,-26.06450076493533,-25.532120339916737,-26.1022645057313,-25.596679844568257,-26.41947187576601,-26.236291566705216,-25.414017364879168,-26.28078217328169,-25.21287642571549,-26.39587669500488,-26.18058878322838,-25.65830023332818,-26.223172189018317,-24.44772630034627,-25.846730582112148,-25.25616886408729,-25.00755640327309,-25.50145240991786,-26.15952308190571,-26.47738822987401,-26.135889279684424,-25.715808222272056,-26.07510201886036,-1.0054545108868425,0.8765985301148258,3.1938300511510276
17,1,variant,feedback_late,1777459973363.0,-25.479150530589877,-25.7661667971898,-25.3894269201986,-25.34847640528493,-26.084467299816428,-25.240246115483956,-25.7479552330779,-25.65983842666664,-25.288940590816654,-25.957630610165214,-25.80210307197637,-25.75335491784347,-25.20358005963081,-25.546167607162214,-26.254071913093025,-25.122028186280605,-24.77192293515403,-25.12318463206309,-24.578435139425732,-25.42181737569506,-25.562989519413968,-25.73984655487867,-25.103965032067386,-25.45968757363961,-26.385706635232037,-0.4590146422612413,0.5812375440244114,3.139910943404693
17,1,variant,facet_reset_once,1777459713360.0,-25.30378135789595,-25.878344139443175,-25.811665587477588,-25.29057861213836,-26.00782581370612,-25.35374335829972,-25.915611829983792,-25.806197658378014,-25.346597887116243,-26.09666881432881,-25.314698797752797,-25.70991108339906,-25.64270426776977,-25.47630413375251,-26.324147279221137,-24.31201623840757,-24.46173175970955,-24.362086461069357,-24.69536381109489,-25.460141420924337,-25.24844363502942,-26.075475309330535,-25.975379253530217,-25.412576304085142,-26.216206601778627,-0.5690139428675494,0.8027441062385893,3.201675708516665
17,1,variant,network_jitter,1777460043349.0,-25.24835988609266,-25.980590484620283,-26.143465958262855,-25.30506589733934,-25.886375714466688,-25.246844546466622,-26.255888657294463,-26.41910713278096,-25.389524194322007,-26.038955148482906,-25.452472554302418,-26.00868645105004,-25.93884025058726,-25.48925692739781,-26.105386619725056,-24.844736793477136,-25.13767618915819,-25.487445437376284,-24.75860457734375,-25.327225124558723,-25.26948545700058,-26.008225040894253,-26.367163063109007,-25.56757621830213,-26.235208702067464,-0.8663644629724558,0.9624812632408032,3.2341221091757353
17,1,variant,button_delay,1777459718355.0,-25.360040452989654,-25.90405702460564,-26.0110113368192,-25.329497493306153,-26.23924222862812,-25.34827790548181,-25.93236842492121,-26.2942366959446,-25.254105696080007,-26.20732828612412,-25.213807112661897,-25.89863802550901,-25.965126854832352,-25.505396891876828,-26.573613573363296,-24.369709553250782,-24.808076272332997,-25.33194983171372,-24.255207749645507,-25.775409906978023,-25.76718867024916,-26.066874883518157,-25.952153298763285,-25.7195771407605,-26.45698030510865,-0.6782627288412044,0.8554981391791152,3.204992244165304
17,1,variant,network_jitter,1777460147363.0,-25.70171177180577,-26.17646920075196,-26.186876043964453,-25.404983986432303,-26.074680902629773,-25.863086247043523,-26.594221931187064,-26.38937890536777,-25.52520349662464,-26.280821154790836,-25.787864807010475,-26.010248570958264,-26.05304491338145,-25.51341658555517,-26.16973000839106,-25.05696925446976,-25.73979262175432,-25.257682726653343,-24.70495511995107,-25.475691964593523,-25.71549076650332,-26.188519701224372,-26.45117971214596,-25.69011522814331,-26.51505270620646,-1.0690184345624232,0.9729322440183852,3.262946962842211
17,1,variant,feedback_late,1777460124356.0,-25.303417206320884,-26.030758831885947,-26.03657360768256,-25.32841408521766,-25.990232583046502,-25.441276698095376,-26.14781465454579,-26.134488160865775,-25.449081881046087,-26.154676545910625,-25.456330033198356,-25.767483829215013,-26.029289259367335,-25.480621180199897,-26.08338809238655,-24.795303479081195,-25.01351819394614,-25.25675380117408,-24.59424436369115,-25.39960853797972,-25.35018021385354,-26.300754202830245,-26.213156503902564,-25.76543337309963,-26.420625035737235,-0.6987327734997031,0.9191429927026704,3.0798808081698867
17,1,variant,price_change,1777460102356.0,-25.417460594899705,-25.82599383783706,-26.02249654048428,-25.562235317340637,-26.128394999243447,-25.366140001274783,-25.862639990755273,-26.04583541058089,-25.86138487374708,-26.494690489764803,-25.754904136352792,-25.73552054779779,-26.07162439938815,-25.485804616113448,-26.12201387841019,-24.81528954131811,-24.45445194256986,-25.1000002633444,-24.84506832863251,-25.613798771260665,-25.229375052180274,-26.103002762217525,-26.220659960396663,-25.80767922150152,-26.326488495602717,-0.001255117008192,0.6554725661455414,3.146442131518591
17,1,variant,first_click_miss,1777460119345.0,-25.228711183056888,-25.910842862496462,-25.963563071043463,-25.38496913564871,-26.034987385396292,-25.180543308022283,-25.898089190485344,-25.923338761422453,-25.55985054041866,-26.188345899641376,-25.56511839438741,-25.9368320375656,-25.863229644048648,-25.515768091359416,-26.33284487376971,-24.384649693055277,-24.68151467746382,-24.804694133731875,-24.306537157682374,-25.073349990824976,-25.268069639278217,-25.95263289281956,-26.097630301619652,-25.705393475692667,-26.388576874804645,-0.3382386500666854,0.7952026561586212,3.060936264076909
17,1,variant,slow_image,1777459804845.0,-25.509469966198353,-26.052690627035695,-25.745087338398495,-25.213458723602756,-26.116306729477657,-25.707602667259863,-26.092523868741143,-25.81149921937086,-25.444698650451777,-26.06726118003336,-25.400536516619137,-26.047244401339057,-25.74480416287891,-25.26265555063475,-26.161255311297264,-24.486701181662472,-25.57633039758913,-24.626486021557408,-24.10901159548271,-25.64126398766385,-25.606116692736055,-26.214067107278108,-25.957177793975184,-25.330917792012706,-26.361651491015586,-0.6478252182893662,0.9018531089767328,3.2137131535651604
17,1,variant,feedback_late,1777459929359.0,-25.586048507906927,-26.05442792980193,-25.36026851282879,-25.19079391073641,-26.003762811847334,-25.77248001089999,-26.21309545638599,-25.749832201910404,-25.416762399875815,-26.20602242648206,-25.409427060403686,-25.95687081267091,-25.332057815127328,-25.234538002536333,-26.174255819659727,-24.327594311392232,-24.98250848669966,-24.67323177980806,-24.386006965229317,-25.80834423425514,-25.893884696388444,-26.3419876262645,-25.260703417659816,-25.380339100816137,-26.16385550035815,-0.7963330565101714,0.7391658591101197,3.2486278389123138
17,1,variant,feedback_late,1777459892864.0,-24.80937777259232,-25.922454099548244,-25.906938732392568,-25.52523676043218,-26.109908516952625,-25.176368594452157,-25.96942271321759,-26.02615587380935,-25.61747983508827,-26.289632892299487,-24.797119849153713,-25.876271094103753,-25.87208381136181,-25.866390861817088,-26.40225622478142,-23.831215116410323,-24.778824181034633,-24.711251096336184,-24.69763469717424,-25.690738235468473,-24.90025552518165,-26.091531241543635,-26.142090580096177,-25.818098492036743,-26.365291564883115,-0.3519428781293179,0.6772147172168971,2.870326721048607
17,1,variant,feedback_late,1777460058345.0,-25.813737210317043,-26.19916640749832,-25.90326355393903,-25.343853839097765,-26.31569184111276,-25.734919239391537,-26.387520674854432,-26.051787011526425,-25.481192202054864,-26.419657386043635,-25.906014811751607,-26.25696121294846,-25.790602844714943,-25.456581915120022,-26.477373865621935,-25.737733641997657,-25.620647740241793,-25.437678354653155,-24.95975309115325,-26.049883455435232,-25.862564691679896,-26.085370394795863,-25.910598842716777,-25.444490334432498,-26.42339194607661,-0.9063284727995686,0.9105392046606294,3.300956792677854
17,1,variant,first_click_miss,1777459708345.0,-25.2829752462006,-26.297454081360367,-26.033239497760604,-25.38516749288262,-26.058049704101137,-25.27487865002883,-26.30368007001072,-26.3480430918139,-25.58274947991731,-26.085314431098503,-25.10706349192221,-26.28557064694622,-25.98477192659437,-25.40575734326336,-26.30932756366078,-23.880414394668307,-25.553350809299346,-25.37518112891557,-24.85016633066757,-25.4434207626342,-25.627101696783175,-26.648324583274228,-25.92540816431673,-25.574305560528483,-26.20389705555429,-0.7209305900934098,0.9704071671550414,3.0987873814438025
17,1,variant,network_jitter,1777459694360.0,-25.420436411101505,-25.528386491573773,-26.25683596403687,-25.51526715308862,-26.059883761916737,-25.3278637983704,-25.395580962909445,-26.352660831517305,-25.446656930170025,-25.90502746738497,-25.317005730362663,-25.44282236086304,-26.24627653261765,-25.720935907102582,-26.230301133854574,-24.008169890566396,-23.93318722902348,-25.565497057978373,-24.733480559581142,-25.569800057006542,-25.579718667671635,-25.8030203314902,-26.498628701198985,-25.944714962186463,-26.34645660393004,0.05107596726058,0.6313630677685991,3.104503566779149
17,1,variant,feedback_late,1777460035373.0,-25.58001209338817,-26.2002249125105,-26.05283920648717,-25.496405996895874,-26.019359362858395,-25.79814141198306,-26.22988559281314,-26.212565938430696,-25.46247496069947,-25.981837153963493,-25.730480286164298,-26.15019021890142,-26.041108350240215,-25.57623692745767,-26.22657485780802,-24.727554942054837,-25.106453010368742,-25.203747510096324,-24.808225039520035,-25.40951266174467,-25.57224648629761,-26.35015689507581,-26.246588302743532,-25.92267725006192,-26.383823517499223,-0.7674106321136662,0.8430049202701327,3.285281448374469
17,1,variant,feedback_late,1777459688374.0,-25.134004153748528,-26.039614548391217,-25.992800404005695,-25.245329284842253,-26.170704688839862,-24.94375899659014,-25.959655086249573,-26.035626659386157,-25.266045967791836,-26.06027794374491,-25.275871824010657,-26.06741542384177,-25.744385271023372,-25.115820565854637,-26.392237297738433,-23.830941398540286,-25.031868624128048,-25.01112572799528,-24.256953438401084,-25.24024128441924,-25.428210599372637,-26.127799830782926,-26.26172385237441,-25.65967374815177,-26.49610302146301,-0.6936091184577364,0.982808684307958,3.1084985203580855
17,1,variant,broken_image,1777459898358.0,-25.97027523141564,-25.808683957258715,-25.631096146880417,-25.470661013836303,-26.31030797167868,-26.12047024965278,-25.92165759574893,-25.855477363269276,-25.604344112149143,-26.276117047363176,-26.11859859933808,-25.56557025648333,-25.510053633790463,-25.573277556569163,-26.643896521955657,-25.62654135109664,-24.70995444462218,-24.484380817816035,-24.978223746237916,-25.875610771313728,-25.95883969957691,-26.0936048977089,-25.7872015886434,-25.57236986098934,-26.60356388667677,-0.3173134835997864,0.5951546324710458,3.2755522583691583
17,1,variant,price_change,1777460089358.0,-25.683351377269144,-26.303979043931157,-25.94368921307015,-25.378669350532935,-25.898289781041186,-25.596840011281618,-26.51454094147255,-26.01344473984738,-25.47083773312703,-25.96844570860305,-25.9172629941776,-26.267282660937592,-25.69700476075401,-25.45550561598268,-26.17661638654741,-24.593098915112652,-25.763619784730935,-25.03282029708259,-24.530044886693233,-25.27114160976174,-25.7063091519313,-26.312331657735207,-26.052395007568,-25.71957029646624,-26.250673803142956,-1.0437032083455158,0.9346588116346206,3.301144588463959
17,1,variant,first_click_miss,1777460069341.0,-25.605051847798077,-25.955773248146127,-25.669404774765432,-25.479765219113418,-26.188153580756023,-25.83940295754843,-25.961341718636337,-25.74396573772888,-25.449430126488924,-26.149575412047792,-25.45606116790823,-25.955093585989648,-25.51534044012675,-25.64675694771436,-26.403312184822845,-24.82279955144884,-24.90498729132146,-24.954936945849525,-24.69519155047561,-25.695857640151942,-25.785856158332823,-26.112997906922555,-25.815574492379316,-25.61562720655849,-26.36781062347298,-0.5119115921474133,0.6390373696257738,3.2417435520915188
17,1,variant,first_click_miss,1777460063344.0,-25.370636272901784,-26.321798881951672,-26.159368058366283,-25.518268441105427,-26.326943979773056,-25.2366394118369,-26.62408990051006,-26.352258632754907,-25.61042808539403,-26.436129108330658,-25.166982648743712,-26.23711085488174,-26.055268521707724,-25.655879210915828,-26.566232828315652,-24.12506926820716,-25.035276322443536,-25.58660147252633,-24.736550478802886,-26.030435670460367,-25.528940409485635,-26.237776118123456,-26.24716984665115,-25.81259413726985,-26.49046342949269,-1.013661815116027,0.9129393207904432,3.086231073530735
17,1,variant,network_jitter,1777459988358.0,-25.583599718309088,-26.032945708564064,-25.833181527436224,-25.444053515620254,-26.217043169596415,-25.325945219974283,-26.052928862424757,-25.973965277037763,-25.472701054157938,-26.338479592627397,-25.457159848910628,-26.230867255047507,-25.86913359730002,-25.5915426920995,-26.509218144561384,-24.30535511729203,-25.159698324245664,-25.05049137890256,-24.740118970217264,-25.697074244748304,-25.939452449346245,-25.88042919424123,-25.890604220088985,-25.60003835112789,-26.42490706913551,-0.5802278082668195,0.7435796339991111,3.242927325247758
17,1,variant,first_click_miss,1777459882352.0,-25.869281594037105,-25.835340874751907,-25.85804945401616,-25.419584593476625,-26.1589130451215,-25.998342071839033,-25.99862294749639,-25.952192630604692,-25.535883966005652,-26.040245203301406,-25.752624710274517,-25.53849195785692,-25.84349239880034,-25.499861842593347,-26.38308409934807,-25.188787620612388,-24.816464459027724,-25.34522832274837,-24.75480093496019,-26.00067969757485,-25.899439666165257,-25.978195485430714,-25.861145704347145,-25.675340227554585,-26.35388042933968,-0.4627389814907374,0.7070085226294252,3.2955320831282005
17,1,variant,price_change,1777460153350.0,-25.46951057401009,-26.203695296318585,-26.017190557654867,-25.236417681937972,-25.967790371901568,-25.56766843592518,-26.397493722075797,-26.141770091507713,-25.3286384770901,-26.12658128625631,-25.762065737472415,-26.27334005672691,-25.765046997912105,-25.382444957092048,-26.101850266943973,-24.697214056240114,-25.410201805745743,-25.084763825486704,-24.083063284110803,-25.167477587403415,-25.6487948339389,-26.2274040909553,-26.30473326152457,-25.678638702597944,-26.31859424563685,-1.0688552449856985,1.0759894365549183,3.2323434733074055
17,1,variant,button_delay,1777459827341.0,-25.433008544230745,-25.987564992184343,-26.020631958897155,-25.346832340484102,-25.980038006275688,-25.66785877011824,-26.257678921281123,-26.394542783516407,-25.463557423892897,-26.07302359681761,-25.513720873533902,-25.959781320360527,-25.81306401697126,-25.47168805394748,-26.429710566822394,-25.26092597073056,-25.64310594305751,-25.398975362770965,-24.76210042476949,-25.531123078203333,-25.38558570726716,-26.03298209715984,-26.034938462882913,-25.65945927492237,-26.21644954797004,-0.7941214973882254,0.8783248884992271,3.213095279215352
17,1,variant,feedback_late,1777459945343.0,-25.417702841327987,-26.012186096636356,-25.555293887004964,-25.30993246781816,-26.116576737523143,-25.288266044533596,-26.292892187829757,-25.79433668127711,-25.54168696500779,-26.0986456098195,-25.12644264651582,-26.160199442742027,-25.517793328401833,-25.47955861177874,-26.302800744701507,-24.39465455087235,-25.278533429670933,-24.85646742440824,-24.6268251046712,-25.554554512171407,-25.64532311643195,-25.83748931749462,-25.3936850583887,-25.418860713794658,-26.355495344875624,-0.7512052228219659,0.7267147116833268,3.1006443376991717
17,1,variant,button_delay,1777460004363.0,-25.328359395946578,-26.03653670425031,-26.073575924890157,-25.430516428530744,-26.091539150402298,-25.21695644064811,-26.253341029408052,-26.136104850210724,-25.514907480319582,-26.315480310408184,-25.185357880375115,-25.94015759582304,-25.981455704017833,-25.50849135760045,-26.32025866568074,-24.094035338843288,-24.656686478742863,-24.968274618648493,-24.913710091575165,-25.437214247933525,-25.571134693984938,-26.176846331016797,-26.474864810933752,-25.592350281043178,-26.375902171409376,-0.7384335490884659,0.8460620148851917,3.1587479412719306
17,1,variant,network_jitter,1777459797354.0,-25.492011599636832,-26.0391580206731,-25.72314927581416,-25.12283449939733,-25.950432635321647,-25.494716422252253,-26.06213403884038,-26.032299373333274,-25.166643418365528,-25.93281862506445,-25.24818493706783,-25.78398116533993,-25.355232780607064,-25.013346803659555,-26.063977925536733,-24.299342714395653,-25.23524774090639,-24.58841326175165,-24.067009570931532,-25.197791073853825,-25.787160722113335,-26.257256480987984,-25.93975631680586,-25.51833165084366,-26.270977157799017,-0.8954906204748525,0.9708346342517836,3.300948222918711
17,1,variant,network_jitter,1777460083354.0,-25.23189567732964,-25.79175068795391,-26.12720230966617,-25.51191717851436,-26.27682739054035,-24.7638771749339,-25.55638626172432,-26.04237176071195,-25.55986741047638,-26.31889578735278,-25.50068343611862,-25.802384379835484,-26.061035707245622,-25.562956545728888,-26.46550093098748,-24.63400636552331,-25.106965772593167,-25.06790799239082,-24.71639771625336,-25.939306630340425,-25.37409613826029,-26.043064982100475,-26.252811441435533,-25.78176639512973,-26.45463628373317,0.0034811487520585,0.7059476759846179,3.0649492121938353
17,1,variant,feedback_late,1777459756342.0,-25.484008252537432,-25.820274267410504,-25.963763311505584,-25.45026424943438,-26.220195488092124,-25.441421168288674,-25.80509034725486,-26.064234242327615,-25.45420696565215,-26.22050136362617,-25.358110410853516,-25.597500909669424,-25.934662028130504,-25.4826540026903,-26.462832086372124,-24.595806955380024,-24.49560983786769,-25.165144023403155,-24.709150780190928,-25.77272321230367,-25.908273546795364,-25.971230175824218,-25.914254702250908,-25.716520575085937,-26.40500750504295,-0.3508833816027099,0.7132253032008686,3.212183394513226
17,1,variant,slow_image,1777459785351.0,-25.6602641565259,-26.429190393252306,-26.05746738224574,-25.397692776291436,-26.128774086710564,-25.565896887530833,-26.526854318612894,-26.246022366357533,-25.471897894535527,-26.350878444532928,-25.49083211902003,-26.185016974994607,-25.917009910954892,-25.618459433475177,-26.28231687590943,-24.79027249450556,-25.632221033108504,-25.336293975369397,-24.791906520913233,-25.196749498279537,-26.11187902717514,-26.53452857304265,-25.967303514647444,-25.653356607124586,-26.438946412964413,-1.0549564240773677,1.0197716615304366,3.254351673549405
17,1,variant,feedback_late,1777460016366.0,-25.403745127446246,-26.104245615041112,-25.73973749281553,-25.42943452688184,-26.076946569818222,-25.902531731601982,-26.2908131018283,-25.708740176574697,-25.521890599430495,-26.290494705636757,-25.49929688895964,-25.920666854857608,-25.55189722844247,-25.45651703129707,-26.224440169304152,-24.95224325431063,-24.95849738917488,-24.812858044845697,-24.672984436136872,-25.44467872877191,-25.471448316413163,-26.19226367933532,-25.956751089324676,-25.668326243185373,-26.386277153045416,-0.7689225023978032,0.739041004195823,3.0721069799995533
17,1,variant,feedback_late,1777460029355.0,-25.172062430839425,-26.063683159066677,-25.919275345133816,-25.46643404918633,-26.21442557989778,-24.984862350084992,-26.184973342851244,-25.98201208192802,-25.46719536759182,-26.17825787799068,-25.547992701397373,-26.014986516310472,-25.903020026567145,-25.604084585320244,-26.50628847919985,-23.801073232838363,-25.228365848080525,-25.253525359687888,-25.058316341053516,-26.007927467783748,-25.173379241119083,-26.11618821476045,-26.0142890902441,-25.664396768587476,-26.47838587332681,-0.7177779752594233,0.7686750785440498,3.002500583911976
17,1,variant,feedback_late,1777459767853.0,-25.275342320837503,-26.125299456107072,-25.88358986198002,-25.545925647247127,-26.182049942068897,-25.394420005440136,-26.255194485166896,-25.88454932163479,-25.50093053374497,-26.26050591142484,-25.29121178828031,-25.98102093272424,-25.562164960282903,-25.73091291157068,-26.29813878021919,-24.240007559515508,-25.78611608389987,-24.96150646466523,-24.835624677855336,-25.535327529265633,-25.48498731381571,-26.226171195094867,-26.070964781250968,-25.824648208611233,-26.41068383651308,-0.754263951421926,0.7153182549148605,3.090624378781575
17,1,variant,sort_reset,1777460049353.0,-25.52886656498407,-25.99943985340884,-25.696685919898194,-25.266985650903106,-26.013265458996223,-25.66682981218355,-26.289109927855534,-25.82729182320551,-25.188992250786185,-26.1345237085927,-25.859658100025023,-25.88647143757632,-25.601707831657997,-25.29932394122941,-26.097608331012474,-24.74472194460742,-25.138426526637694,-24.846789063534217,-24.618816939176583,-25.132682711044513,-25.47213647915141,-26.09136306629988,-25.57157493102188,-25.436890190002213,-26.35381871333417,-1.1001176770693526,0.8160122485840883,3.303088784621254
17,1,variant,feedback_late,1777459730355.0,-25.5980153781703,-26.03754630565298,-25.464093369573114,-25.130607354061063,-26.148402183234843,-25.955848200987248,-26.307376637252997,-25.37709399577272,-25.197606717194947,-26.41357491330239,-25.77416918368051,-26.077072837351103,-25.392348174013655,-25.01887897373397,-26.13819070789224,-24.76328887276126,-25.362818156787217,-25.019429280295935,-24.150895494817743,-25.262280242973542,-25.83982112481951,-25.867985835426484,-25.41184968068132,-25.44748237250143,-26.304064532002872,-1.1097699200580493,0.8317867525103116,3.1837316722966325
17,1,variant,feedback_late,1777459876343.0,-25.80931671170701,-26.219023598426453,-26.2731171870356,-25.481185866508905,-26.178163858194388,-25.91141209745896,-26.25423705698541,-26.453682495218743,-25.58734328101355,-26.20544743340857,-26.004068842293645,-26.24672874422989,-26.126114652807978,-25.461612597692188,-26.295010748830656,-25.193287200755876,-25.92549208379827,-25.502771038457592,-24.76425597054852,-25.645691259050235,-25.925697450733782,-26.163082914771085,-26.344833101262232,-25.77576148729603,-26.493874397991444,-0.666893775971861,0.954545359945944,3.241772295920041
17,1,variant,network_jitter,1777460161343.0,-25.486560111353548,-25.90993288958468,-25.795828877908484,-25.184603076601373,-26.11597183811705,-25.43708857570673,-26.17104819224867,-26.06816365237309,-25.30481180891753,-26.220988598817208,-25.36128310457388,-25.82808314087054,-25.660074105851617,-25.267274171544393,-26.282706404267024,-24.629132556807303,-24.979618038423677,-24.80450752858157,-24.44180918958526,-25.538038566815526,-25.66204964168568,-25.93974924456412,-25.850841617913424,-25.445273646983168,-26.430586624990895,-0.8662363833311382,0.8981067881948259,3.218026983902523
17,1,variant,feedback_late,1777459966357.0,-25.954812021051733,-26.109964882263675,-25.972836889897117,-25.43705421062431,-26.30625141777083,-25.933962096383592,-26.189836922420028,-26.310840073501605,-25.486445902251095,-26.2222477265824,-25.65759721655679,-25.922187323998894,-25.933008223192353,-25.49994372631061,-26.617268396711136,-25.1846170915861,-25.24004504002055,-25.103160124619304,-24.994363182378095,-25.92071747700105,-26.19196919916481,-26.334509314769637,-25.804121164961696,-25.49374848555641,-26.51009620742869,-0.7033910201689331,0.8285648934854777,3.3126267143383448
17,1,variant,first_click_miss,1777459724351.0,-25.73452111349291,-25.981531122979614,-26.072145277147435,-25.30818281774254,-26.02751495257237,-25.819679881586183,-25.9121542177971,-26.080316313265133,-25.3320675643385,-26.222704663097144,-25.47575599392284,-25.672344135259543,-25.96400470141409,-25.45964304592609,-26.212907080347215,-24.907014673751014,-24.85596821289562,-25.451041699478264,-24.202652251850015,-25.54563574536712,-25.959461529118812,-26.25228849170491,-26.01160565666201,-25.58890956577403,-26.18617938551875,-0.5800866534585971,0.9312633391388472,3.329496389573217
17,1,variant,slow_image,1777459841363.0,-25.381240578709495,-25.915962977858833,-25.90767532688543,-25.387651627887056,-26.244929010209862,-25.25123784665939,-26.014664720431274,-25.999140009606172,-25.37482081645211,-25.963947470036707,-25.28649548916457,-25.834977834024507,-25.85972720062341,-25.5386383031296,-26.561829823548457,-24.41379841325685,-24.925700480258303,-24.893708738006165,-24.63178560337467,-25.971883171998552,-25.677387842110864,-25.82598770213688,-25.93779074248985,-25.51912054419606,-26.494317904418537,-0.6398439039791626,0.7750696592436975,3.2312813387105783
18,1,variant,feedback_late,1777465092603.0,-25.37915612263796,-25.96568423243629,-26.573212332680832,-25.696847817275778,-26.29902794159336,-25.2503602901804,-26.09496285658201,-26.532669698208583,-25.68212958416353,-26.43821274086357,-25.705722423042733,-25.901797141718184,-26.465065403453707,-25.88236604652177,-26.351687638675703,-24.460098354695702,-24.99130379573789,-26.21692174963678,-25.58057969151928,-26.423651421617592,-25.654188673282455,-26.13582330025329,-26.746658781976222,-25.8717573242617,-26.645358848961255,-0.4128332724184815,0.7546568506526132,3.0662078176483583
18,1,variant,first_click_miss,1777465404627.0,-25.57663422970422,-26.005784336062085,-26.27928459446963,-25.777552411241473,-26.485271836083932,-25.67969446918425,-26.026067741061684,-26.51012815671658,-25.786214616434822,-26.62342152179631,-25.265817150776197,-25.96210606748919,-26.113423324231977,-25.880195466178407,-26.55927433828819,-24.874803706319387,-24.99911028082033,-25.520419560020144,-25.39893278958155,-26.162722021327017,-25.853667177706736,-26.38226157688568,-26.420499595342587,-26.079751591173736,-26.73594298804207,-0.2398531246268582,0.6418018555209049,3.1166550366556467
18,1,variant,broken_image,1777465177605.0,-25.220637321076698,-25.818415111683617,-26.414997311295537,-25.74898652067203,-26.255367414028832,-24.94470689315506,-25.74444407938675,-26.372141070222803,-25.661793774310688,-26.19834990291422,-25.266750760884964,-25.755379821377424,-26.35289329180596,-25.75489701729622,-26.42711437826489,-24.29735710052682,-24.941642118248826,-25.80419279519509,-25.65705540602548,-26.27569190316783,-25.7831058437399,-26.029141205574085,-26.73371307536366,-26.096099594829543,-26.601510025553527,-0.0826503050760614,0.6254062482235448,2.9287705640745285
18,1,variant,skeleton_prolong,1777465334639.0,-25.190263976479976,-26.05448818191826,-26.272100604719256,-25.779739349047105,-26.515774134205877,-25.138955319596427,-26.182090032902515,-26.586691699104023,-25.90410742146384,-26.66298218804848,-25.35508679155605,-26.02764646589683,-26.26089038325557,-25.757608300901808,-26.558328884086905,-24.491390420440457,-25.29450930773416,-25.31451810406392,-25.58612383613746,-26.416173758936846,-25.49646439049577,-26.29527872920864,-26.51539187839908,-26.007017490950073,-26.675365574592544,-0.2779826114386772,0.6544587363712093,2.8864064140331083
18,1,variant,feedback_late,1777465121617.0,-25.30672060383297,-26.0102477743294,-26.554063385516816,-25.849267822974188,-26.348659838964256,-25.245435901897935,-26.32259189794215,-26.788068152428995,-25.91357582440917,-26.449031114714007,-25.217830543130116,-25.700910751600247,-26.470686247493944,-25.704991414100068,-26.260534452537208,-24.84288150608462,-25.203183610618073,-25.74420391744673,-25.460698010844283,-26.153334879681335,-25.523461972341313,-26.21954179332255,-26.69476756831219,-26.165769619095624,-26.562753844902765,-0.4090160735329817,0.6605624218090744,2.967357407780576
18,1,variant,feedback_late,1777465214613.0,-25.420768998230866,-26.009083182895417,-26.472019969682577,-25.666935703489383,-26.39497200728676,-25.42538861322611,-26.216910665007976,-26.61890417567169,-25.489924345392147,-26.281386946645434,-25.278659426501395,-25.784764322340138,-26.295960917697258,-25.60171963592814,-26.49375128113464,-24.524924292932837,-24.96894009586885,-25.745128349031305,-25.608723185965843,-26.4596607213601,-25.68483770866547,-26.3212063033703,-26.80506921515092,-26.18048804024941,-26.68925688777654,-0.726986319615829,0.7706666786267797,3.0906975297445554
18,1,variant,feedback_late,1777465517604.0,-25.41982040442595,-26.068888814070228,-26.558865543031075,-25.851426683981497,-26.36058351822496,-25.406147458258932,-25.991549770118144,-26.67465923242899,-25.865153347067103,-26.44412528295752,-25.343626269345197,-26.078032450678155,-26.479841142508473,-25.82382281885331,-26.26635462586857,-24.677923527993837,-25.609702528735923,-26.090826812362753,-25.47230365736837,-26.29234135516292,-25.812572955358387,-26.092235655620723,-26.765376101760243,-26.162447529116815,-26.6516106072818,-0.126396423051041,0.6820493300480199,2.9775276552243533
18,1,variant,button_delay,1777465487615.0,-25.202151602760196,-26.06468770194773,-26.507597624137436,-25.729434081993368,-26.428885197365197,-25.14885293850531,-26.214993692205415,-26.58055466355838,-25.920219950922323,-26.515734064179707,-25.140410437170296,-25.810906204266622,-26.482034686710513,-25.92897589517465,-26.463768934014503,-24.098585035287183,-25.19968040643616,-26.17191327391879,-25.60448292873026,-26.41155323495529,-25.72528995607761,-26.381855371293607,-26.608252043449102,-25.872856512282436,-26.667285763442628,-0.2947737412830911,0.755437211859994,2.870328775975554
18,1,variant,skeleton_prolong,1777465148604.0,-25.29271315551751,-26.231090931633453,-26.555887711586436,-25.85873895487526,-26.480702692073507,-25.427415071394467,-26.237699466960716,-26.726401193954057,-25.932632340171892,-26.54757566799799,-25.196716470185017,-26.21331459713435,-26.526008527914353,-25.95395551088408,-26.403616189270952,-24.19509234796529,-25.83438763624049,-26.14145538977613,-25.800093235612593,-26.266990261903903,-25.412330274923224,-26.408869226819093,-26.85158787674077,-26.001274342280375,-26.70533939373117,-0.3050671267888241,0.7368873314320536,2.85837080298871
18,1,variant,coupon_min_spend,1777465128614.0,-25.527950389877056,-25.975082000202384,-26.036424377156564,-25.49917130518132,-26.13892137489768,-25.39598605971432,-26.04018658954364,-26.0147312469068,-25.40357495266067,-26.185869513490463,-25.5317119214027,-25.93045044162481,-25.845710331163986,-25.64800827438699,-26.030651053383508,-24.93385518937437,-25.82726410128265,-24.99837074831734,-25.395428568490427,-26.22595028350376,-25.786183385367256,-26.203984171101823,-26.396904680896174,-25.65388932676446,-26.51781192738017,-0.6366116368829715,0.7551228339067517,3.219484749498843
18,1,variant,button_delay,1777465430614.0,-25.40826996621612,-26.293424556134227,-26.547322691367548,-25.425164182389945,-25.889427364808057,-25.433324944784477,-26.124346529874177,-26.660286649859728,-25.350648786698248,-25.632658552900676,-25.40160290751363,-26.36217235668096,-26.525103189894143,-25.605888941348088,-26.091707286734,-24.43110038028239,-26.250471897372204,-25.957602917376462,-25.55548765128023,-26.29339134655923,-25.57809089441936,-26.455971836293795,-26.696309842774053,-25.611821852180924,-26.083382133631947,-0.77369774317593,1.1690254538237086,3.162582644089209
18,1,variant,feedback_late,1777465296609.0,-25.62524770618387,-26.05085318779626,-26.23935995177248,-25.538337924698315,-26.10873875456918,-25.454072069659755,-26.01787670535349,-26.423264115645143,-25.407443824112793,-26.03040188999389,-25.395698171197647,-26.0851928869267,-26.046236731282477,-25.7050393867735,-26.29197901609071,-25.161327999823644,-25.46507295915526,-26.05504060243389,-25.49240828042767,-26.160591462569368,-25.81854610983746,-26.26984788921493,-26.336517743590058,-25.860125399833475,-26.31812061211047,-0.6104328812406976,0.8207345004889453,3.2081696150322223
18,1,variant,first_click_miss,1777465238607.0,-25.63902036768075,-26.293875848189263,-26.400719186354713,-25.849667118426023,-26.32961053555439,-25.465835326570055,-26.331173406441188,-26.563328825454654,-25.924692778664262,-26.224274807281972,-26.013440832495213,-26.17081498573241,-26.33621549246387,-25.840326103107024,-26.479756365265235,-25.083062171497385,-25.671513939351467,-25.893996978506262,-25.470617417197655,-26.139959421463043,-26.19694989672405,-26.441619636833614,-26.503523842188308,-26.15389816616427,-26.62511514161178,-0.4064806277769257,0.7214566599664948,3.0961715138630694
18,1,variant,button_delay,1777465453615.0,-25.433592379678345,-26.068660082885504,-26.316058111178975,-25.632657078095757,-26.166646505668098,-25.52364199300308,-26.156610852037623,-26.54106563375966,-25.617966020915212,-25.937734448511858,-25.280208482028755,-26.02010209110688,-26.155863132685216,-25.71230515927915,-26.412308846993007,-24.705446877021597,-25.54751868181488,-25.77109038568085,-25.695664117553488,-26.30136955019917,-25.719748996883077,-26.2484839699834,-26.586964345330127,-25.85386004214642,-26.54421462126971,-0.5386448311224115,0.7769587905874435,3.1236855732895155
18,1,variant,coupon_expired,1777465506618.0,-25.384646843904612,-26.372264953901883,-26.386547591589895,-25.84376013059799,-26.435116732901328,-25.36324514110379,-26.484316114790317,-26.464157441214972,-25.932532229350524,-26.58488909409884,-25.266819987177097,-26.176401587212837,-26.316585593484056,-25.871437783402445,-26.39724677473099,-24.76171415328285,-25.538668459010054,-25.483547239854655,-25.479322754245285,-26.386505162347067,-25.830595490104137,-26.715740278494746,-26.69596007059352,-26.133364142980803,-26.74037401318713,-0.551783885439793,0.7473674399764161,2.9245302395987487
18,1,variant,network_jitter,1777465195604.0,-25.634525784189837,-26.048442381641575,-26.456179364496265,-25.690456224046997,-26.333531668745813,-25.515962107625008,-26.11117738988372,-26.688165223072755,-25.739996497269708,-26.550235402057215,-25.76639355565859,-25.94714081564866,-26.147456138244458,-25.783055500558067,-26.310492606421132,-25.160672098512524,-25.37661352185209,-26.241406497797257,-25.474363954865236,-26.21269956644345,-25.957772837854872,-26.193680987749936,-26.6328010023695,-25.97929308601764,-26.51898556302921,-0.3711808926140101,0.7646995723501351,3.1206312485689747
18,1,variant,network_jitter,1777465306618.0,-25.240506277603817,-25.931115646966003,-26.428498276105824,-25.70184790060992,-26.3122057681955,-25.092029214742457,-25.969098200355035,-26.445344691417237,-25.81535765479636,-26.47960329686555,-24.980812926378384,-25.883646828374943,-26.28738328219262,-25.87961293351189,-26.4639516678428,-24.564478983315094,-25.14310185251918,-25.886030144506005,-25.39109332673318,-26.4437782857462,-25.51659535123,-26.2283561147483,-26.684990688135365,-25.87535202784456,-26.43222885874143,-0.1537405455586729,0.7022916854868306,2.9921249891908217
18,1,variant,price_change,1777465263604.0,-25.081787138841023,-26.15527355730837,-26.208494274131,-25.51542737860471,-26.171529300720557,-24.90393350667472,-26.262772484372192,-26.019073642720883,-25.35437986719919,-26.286705999778395,-25.02965566681271,-25.92059331039008,-26.269915483195252,-25.59620550389431,-26.100183175350473,-24.342467308172505,-25.44694858618026,-25.81382386668703,-25.394627904777323,-26.158814424874706,-25.56346969278842,-26.481954906275263,-26.35770697277004,-25.83816964046144,-26.54498877369566,-0.9083926171730036,0.8710988288896165,2.9558193148980045
18,1,variant,network_jitter,1777465347611.0,-25.295015954583015,-26.056949822206832,-26.5157180357233,-25.75223859407523,-26.46164703244077,-25.03696984327724,-26.204238727932815,-26.51732861054601,-25.800774024956475,-26.369777622689988,-25.424290659272707,-25.942898226278675,-26.480761272018043,-25.64806744958262,-26.613060394756637,-24.79162728073778,-25.22713610964891,-26.0005279374213,-25.723723264086715,-26.396659755918648,-25.47397520073623,-26.376377631304333,-26.750756736816843,-26.03977701902723,-26.78592604173317,-0.4034647029763434,0.7373792221019099,2.926759410963526
18,1,variant,slow_image,1777465553615.0,-25.674374628767897,-26.507296214586955,-26.496011668896458,-25.565201294829993,-26.265612475528467,-25.869951802359676,-26.632468833273126,-26.56005945291246,-25.617904383975947,-26.30414640905769,-25.546263020010645,-26.593793711146844,-26.397294889792544,-25.62874571333009,-26.348397262576015,-25.236222572991647,-26.037670545464653,-26.189040055717097,-25.541003275508803,-26.20859341620376,-25.92882426130126,-26.70846230216088,-26.69735030358471,-25.689157733665215,-26.560590005636104,-1.014564449297179,1.0979855157815552,3.146013730391831
18,1,variant,network_jitter,1777465417609.0,-25.36305606598967,-26.171987824077704,-26.514722796250176,-25.85332376405596,-26.51323516858684,-25.261725242323003,-26.118460288214713,-26.779020760275603,-26.008709851865436,-26.744561041002083,-25.363733196338764,-26.228955557417834,-26.477873654797428,-26.008403317135,-26.499044054489463,-24.60590582230071,-25.336643835315527,-25.943940603404844,-25.565495204332688,-26.180034005467217,-25.73093882545256,-26.46381390693007,-26.6243488149798,-26.000480027519018,-26.613627496648206,-0.1097504363492767,0.7080771751133953,3.0046925389399872
18,1,variant,facet_reset_once,1777465340607.0,-25.425776864549277,-26.23594521088269,-26.31227396351537,-25.876181185752852,-26.538361086603885,-25.575073233909215,-26.45368032156969,-26.485859107071253,-26.111602634644576,-26.76883792942365,-25.385964806369532,-26.19616949527167,-26.266985522745767,-25.911328723610684,-26.847808609043376,-24.56496987146404,-25.79902299835514,-26.26491858728723,-25.541569264625014,-26.164445392738173,-25.931910876600195,-26.314406626186635,-26.44654532070843,-26.037025267702536,-26.663352734384414,-0.3420776869251121,0.6590508341511156,2.989558597742053
18,1,variant,feedback_late,1777465388623.0,-25.216733249016876,-26.13862402152728,-26.320577241331097,-25.748152162065935,-26.444611604904196,-25.138994373076336,-26.236708032836816,-26.497580379541947,-25.73654350214419,-26.506195160255512,-25.218856301665685,-26.04276640606679,-26.234023655849548,-25.77812381406257,-26.419388887847937,-24.829906613060263,-25.17931690154846,-25.538182587869073,-25.5430510853502,-26.239720332281333,-25.667898130016972,-26.381548313896985,-26.551674057299397,-26.047587850171148,-26.784551547142264,-0.5001645306926221,0.7178513384921364,2.882469492730982
20,1,variant,feedback_late,1777554612562.0,-25.740146740980045,-25.839231327017917,-26.496666034697743,-25.801373064160387,-26.30976594584376,-25.90166625454561,-25.889798496932436,-26.69336961643523,-26.26816396514502,-26.764784336243984,-25.886214140374268,-25.764764030592534,-26.268634018148532,-25.673804979946063,-26.18539734058387,-25.282304917702927,-25.215504964770247,-26.403958949320657,-25.613982872099047,-26.24959762238237,-25.75051607939277,-26.11133459233802,-26.595993922130617,-25.889804430871095,-26.46769255805602,0.3783654682125856,0.6164286775095337,3.1423515570814744
20,1,variant,first_click_miss,1777554170584.0,-25.73224065520415,-26.03669681229036,-26.371487039779307,-25.819971699269765,-26.389497422627727,-26.018927835812576,-26.091624124412657,-26.60382936698553,-26.2792051954461,-26.791971058681447,-25.7970206837154,-25.9477941154083,-26.21109744313035,-25.67744225325321,-26.420914395549403,-24.99534304461587,-25.763138366330907,-25.904912356703367,-25.393207286242177,-26.204649730550425,-25.88719359637044,-25.997187171569244,-26.585399993057003,-26.149825680418633,-26.681564379118218,0.187581071033442,0.6473707260836995,3.1579929524353703
20,1,variant,network_jitter,1777554474550.0,-26.29309613192237,-26.25616005280367,-26.40475651861911,-25.845828176839404,-26.433043467270306,-26.42571267688405,-26.310079918711953,-26.61998529278117,-26.28367439940032,-26.871497258340487,-25.89699935214291,-25.97470834113721,-26.298289209555275,-25.770667697115165,-26.3968166805862,-25.61668565142834,-25.456055984458473,-25.97260295751745,-25.47606494891882,-26.351702693169273,-26.662994048767764,-26.505445470162822,-26.635100817396204,-26.063937951868404,-26.588829618220547,-0.0264055193116306,0.7127501147913572,3.3623091892870267
20,1,variant,network_jitter,1777554569562.0,-25.620672008217213,-25.803330710659655,-26.426351883502683,-25.710236124283355,-26.17400048910191,-25.76708507560861,-25.94617718839977,-26.8347553602502,-26.09692631365582,-26.650239493401024,-25.403369299804933,-25.81075084296148,-26.20792317264023,-25.565244831693825,-26.199213628589593,-24.623673765099227,-24.776978885965264,-26.0323633537801,-25.22033421483089,-25.91789648153289,-26.02244586510815,-26.034471378573823,-26.586780330127834,-26.133184377133286,-26.4049611224553,0.1507491252560555,0.6467276917016397,3.151008906512261
20,1,variant,facet_reset_once,1777554626567.0,-25.64481209002904,-25.921151301782412,-26.510678409645436,-25.854078955656004,-26.35960442738532,-25.848863032516835,-26.077607572853974,-26.741870738286732,-26.22732107714508,-26.71601450631426,-25.610223725694556,-25.685873349283508,-26.381763046973862,-25.89534387492433,-26.40971715660404,-25.083997655066614,-25.07456302836654,-26.05126504217795,-25.639605468090007,-26.150465583271515,-25.76797410029086,-26.21245451992724,-26.706327891797404,-26.105824159484538,-26.630788799941392,0.1497135042911068,0.6161831683193729,3.13424381361281
20,1,variant,network_jitter,1777554601556.0,-25.88817168683657,-26.26852478359515,-26.576678781044755,-25.81176622619673,-26.339451452406692,-26.0144506386489,-26.45282726934022,-26.882586680946726,-26.21201638418177,-26.766238486472194,-26.112583222248723,-26.223244072208665,-26.553813507440346,-25.717399699806627,-26.315054927168212,-25.84465178729833,-26.44091240490701,-26.180524019741423,-25.49338540435923,-26.072881061488136,-25.852814006228755,-26.16550525089904,-26.67485456272329,-26.056520795686826,-26.567250799892644,-0.2408108851584529,0.7931129987379879,3.2460521036002756
20,1,variant,network_jitter,1777554163565.0,-25.467653492511023,-25.87137330897392,-26.413348629399614,-25.917512688644365,-26.466259987155983,-25.860820668949373,-26.099289282950387,-26.76893638254436,-26.389351560164304,-26.80566875911569,-25.338056478171524,-25.661042699653585,-26.170052097166,-25.740967129015083,-26.42919674850149,-24.874756827299805,-24.994598702197564,-26.103372237888067,-25.33625938544832,-25.8984399204917,-25.511908859222594,-26.134163192946552,-26.519894782343787,-26.07397867185875,-26.76568247040235,0.2900622772139165,0.5445097911528547,3.004602275879841
20,1,variant,feedback_late,1777554314560.0,-25.883247062775048,-25.98699850583941,-26.33719451856207,-25.847923978277315,-26.299684116528724,-25.972777641619583,-26.07132225745421,-26.51092371054372,-26.272763486494775,-26.682771933490812,-25.72862679729993,-26.091807489058112,-26.270737452764223,-25.62453513204227,-26.346827327934097,-25.011974166538455,-24.619466273089387,-25.55967841811808,-25.10183464582344,-25.619181573703628,-26.06854517261751,-26.160474353993703,-26.474961625985657,-26.302462120329924,-26.662738047524744,0.2014412290405651,0.6055639415697318,3.203328876364551
20,1,variant,sort_reset,1777554407569.0,-25.554612029529615,-26.0769625109803,-26.401492684285735,-25.653572822695732,-26.287889406182664,-25.84025186008119,-26.295300014500633,-26.68085236037519,-26.106673454488373,-26.690099075253563,-25.481420392939732,-26.121579470702052,-26.418855855729383,-25.52079585610632,-26.48568708408566,-25.257274719189724,-25.706392274092085,-25.64263460224448,-25.282056752698963,-26.094324486281423,-25.556877943234877,-26.106662437236903,-26.58166020551179,-26.0444932819615,-26.57448607300201,-0.1886265600122598,0.789517999651622,3.171737395226973
20,1,variant,feedback_late,1777554157571.0,-25.36112368163492,-25.70448610604689,-26.10261008951685,-25.501107690946203,-26.2218084842983,-25.55378613518001,-26.079659288103155,-26.510226564395825,-25.932879713590733,-26.603536038146917,-25.312248809058143,-25.47036648866277,-26.03702082610489,-25.48242953020291,-26.22332494173164,-24.234737435120593,-24.60432835730944,-25.03338594354267,-24.402868524339464,-25.12233182704381,-25.581645902819385,-26.067891787942763,-26.420656741630705,-25.782471957629944,-26.645190823831285,-0.146779574512422,0.6743976411811529,3.15783953391285
20,1,variant,broken_image,1777554183571.0,-25.305232458860395,-26.039958805924357,-26.234323338353494,-25.75994743700798,-26.23545271271552,-25.60367717280271,-26.25282489828251,-26.450806149282748,-26.14105426071731,-26.653443380503937,-25.160044793500887,-25.95879602483305,-26.10919810696973,-25.8254661967578,-26.433212366531272,-24.836596557938165,-25.46015713263989,-25.294755039023713,-25.0513668113566,-25.814693373976983,-25.37455203202273,-26.174702881978934,-26.58921367112995,-26.24368222289682,-26.551693634044145,-0.111770637565197,0.6527386530541022,3.052081546031032
20,1,variant,coupon_min_spend,1777554260568.0,-25.72668206826571,-26.02141112410636,-26.38968031766381,-25.817094432081618,-26.406112427951676,-25.899388324445464,-26.34017602494826,-26.585411475816155,-26.305154980016848,-26.79039659955046,-25.559555971984913,-25.96701919519914,-26.340366852014416,-25.831376855384775,-26.600346994464218,-24.76841244849967,-25.591954886975863,-25.924250713157523,-25.458532040776024,-26.201634062905697,-25.9700004197743,-26.03747663927533,-26.49980953118976,-26.1751937716615,-26.71282589123802,-0.0350210449314118,0.6483899021626447,3.2040612949628975
20,1,variant,feedback_late,1777554561563.0,-25.705929928930008,-26.139542430471877,-26.42233917697649,-25.847937234485983,-26.252518619710063,-25.857344287174723,-26.334073725659987,-26.69552706528132,-26.25290973061498,-26.539368964118093,-25.60566607028474,-25.96488823975185,-26.32150500042112,-25.75065124260678,-26.256849172942168,-24.820801569299096,-25.66426026780724,-25.815616342525704,-25.531303170221054,-26.080907383904528,-26.075807977633335,-26.459484114792012,-26.720007341306317,-26.209518014414307,-26.687299678824065,-0.0811639950450064,0.6764875480269551,3.198951074192499
20,1,variant,first_click_miss,1777554266559.0,-25.486037034943976,-25.857867118002943,-26.30366690809732,-25.795013759647816,-26.41489935430175,-25.679004855128444,-25.943137598474287,-26.58718603326653,-26.2756337604082,-26.86317056191532,-25.67977393824517,-25.91020993982737,-26.389164524001803,-25.788318499588303,-26.300160078912477,-24.86077425798261,-25.2403081839358,-25.676056999756465,-24.84795816387568,-25.991560372776465,-25.467933919312127,-25.870439078165617,-26.28436286629548,-26.243274681982257,-26.818097400530633,0.3324961619339106,0.5882910540139351,3.025708510194008
20,1,variant,coupon_min_spend,1777554278550.0,-25.338620748471,-25.82400845857281,-26.102575930060013,-25.50305279561458,-25.95246280726568,-25.37785725118251,-26.0465356991749,-26.329126246677664,-26.037550943592855,-26.514005681519077,-25.134257076274295,-25.83848984978777,-26.014682950322992,-25.478664396603033,-26.019238881534797,-25.28185891827151,-24.711585705857136,-25.150119019793976,-24.887619268521572,-25.44308881810382,-25.44704080609822,-26.06847899264549,-26.484676757320972,-25.853633199866117,-26.47827881469349,-0.0089847555820448,0.7175619992032627,3.1053150179275852
20,1,variant,feedback_late,1777554254561.0,-25.862596063353163,-25.940958142667853,-26.28121952385021,-25.702619497135895,-26.18331850879169,-25.98289774270089,-26.157419139106967,-26.65536210322183,-26.091558170136533,-26.6085159093901,-25.7844298725254,-25.831251584165024,-26.17262226544715,-25.838516660223313,-26.27425600425325,-25.354875068506136,-25.20533044873726,-25.815240474700506,-25.20186696429788,-26.174701540428476,-25.97803718034661,-26.11693151992815,-26.48980118146674,-26.090944195411716,-26.656849207988213,-0.0658609689704334,0.6693445090624889,3.2055298683943585
20,1,variant,feedback_late,1777554384577.0,-25.51104101145552,-25.991433640959784,-26.283108755533213,-25.90851018013838,-26.42054463793196,-25.659705535838267,-26.357332863190795,-26.58768648097912,-26.421085318835484,-26.757878929376535,-25.89762714644214,-25.998840157929124,-26.24086760248148,-25.90142379528776,-26.40628193088144,-24.24656178863981,-24.95499263167244,-25.429440741842956,-25.439745366676547,-25.88984498394694,-25.59550329621472,-26.22743969325743,-26.57383382152658,-26.057407231699745,-26.613610555163525,0.0637524556446891,0.5597211526908589,3.0156816687159314
20,1,variant,broken_image,1777554469557.0,-25.746097011321325,-25.91194623134531,-26.48521727197735,-25.806096384580503,-26.375072493435397,-26.021401378577018,-26.18209037134932,-26.781388884844045,-26.315093551359716,-26.907677212791143,-25.63657450901067,-25.84308230699629,-26.16737563005272,-25.84139011346325,-26.29799835083336,-25.847139139235235,-25.361797373376657,-25.98639106527961,-25.5076067415678,-26.1069648396888,-25.547516035451732,-25.89231010432651,-26.771476022140696,-25.957984272765017,-26.588162286412587,0.1330031800103981,0.6378152834394288,3.180701987514486
20,1,variant,button_delay,1777554371550.0,-25.51306384130471,-26.094758618898723,-26.276670347974893,-25.562721160640525,-26.23343316596742,-26.029165805162485,-26.34356221180266,-26.54618222668552,-26.00401558328924,-26.503398882229824,-25.277686180766704,-25.98336645887512,-26.183321293694583,-25.406772988839055,-26.034579322556887,-25.4086313046052,-25.523419651320197,-25.80086259042409,-24.977728881286552,-26.199145608399864,-25.5699341444383,-26.267846729394673,-26.336633898713742,-25.9122791658061,-26.577011890225524,-0.3395466285134212,0.8309002846236777,3.174298851156889
20,1,variant,slow_image,1777554431560.0,-25.43208465088596,-25.89385958596201,-26.40686485610896,-25.73830210033703,-26.347279184328727,-25.685390986070125,-26.221051873905957,-26.7445405064102,-26.26096569213247,-26.758359181122422,-25.576833551027597,-25.88490079984191,-26.516391044506456,-25.72867193788675,-26.340536638041584,-25.187776279912185,-24.82139733912041,-25.48231168623779,-25.34041741871539,-26.13486285649061,-25.434556258677844,-26.181056574658403,-26.57395154248253,-25.961613251970004,-26.64259441405822,0.0399138182265126,0.6583087661476322,3.0745992341172643
20,1,variant,button_delay,1777554548560.0,-25.516625950609487,-25.99320772996693,-26.46630566216443,-25.830688452159812,-26.253928641411942,-26.032455087158745,-26.409658029662133,-26.818194504047167,-26.31223652107089,-26.568897196337293,-25.508546355808193,-25.68659975058224,-26.211935414337283,-25.7499957367262,-26.38649219683922,-25.3340227621152,-25.842632988107567,-25.988963713811245,-25.4521608223602,-25.955856273234243,-25.453194364397497,-26.049927520728904,-26.722142012143056,-26.13548211315315,-26.624494888082967,-0.0974215085912426,0.6473111484178535,3.1199303424647344
20,1,variant,skeleton_prolong,1777554151568.0,-25.5458767462874,-25.754706114427073,-26.0401191265125,-25.74322543734166,-26.369881453980113,-25.818299343636916,-26.020636381950045,-26.351691501158008,-26.132428871146576,-26.68379643703293,-25.40837153523656,-25.660028497576377,-25.80199669477679,-25.67161400803663,-26.53333313002377,-25.222012550566912,-25.19923641963457,-25.16995441207365,-24.58924347605644,-25.549949229311665,-25.44286733974391,-25.847725979178545,-26.370105928825865,-26.150151484030975,-26.706991861717295,0.1117924891965316,0.5310355294128019,3.1126575165120194
20,1,variant,network_jitter,1777554396559.0,-25.83487963782195,-26.192060236049898,-26.406510774163397,-25.891591105721655,-26.38145828390428,-25.9983407603699,-26.320682254316026,-26.76261179998088,-26.370593106765103,-26.808791705162783,-25.706096068141925,-25.941011365404755,-26.20758698721994,-25.740337915215832,-26.329080425422795,-25.021778675444768,-25.527677736731594,-26.156672728192454,-25.587602667576515,-26.0748749143378,-26.032084237098022,-26.421118320518072,-26.50044631223997,-26.081195633061263,-26.646124659164155,0.0499108524490807,0.6606591474445219,3.152909374047423
20,1,variant,slow_image,1777554633571.0,-25.62497402707872,-26.02644446788158,-26.459716418457106,-25.8176541945418,-26.33174439627425,-25.67992490282668,-26.262965205616865,-26.770776873159484,-26.170457939597615,-26.689164268666463,-25.448683392091553,-25.768573496388957,-26.199933059499205,-25.908055727953332,-26.361111199140588,-24.51184127070927,-25.153396955161966,-25.762218209863047,-25.672158805397817,-26.194468995235955,-26.08485960800726,-26.314073572257566,-26.66539984302414,-26.066626478124014,-26.58146050100823,-0.0925072660192505,0.6662777261965875,3.180914538205032
20,1,variant,network_jitter,1777554202559.0,-25.66757872495728,-25.79864859130454,-26.349619128815792,-25.70278303102149,-26.29208120510011,-25.898782359716567,-26.05666801426411,-26.881373508746396,-26.07735170093375,-26.584140129869503,-25.638144197959384,-25.516665773136236,-26.055619913951233,-25.70871905002201,-26.419939633809555,-24.956486022876177,-24.653575314711045,-25.857101104730987,-25.165313566498867,-25.932539144957193,-25.594269339247244,-26.121454813775067,-26.627174860545008,-26.131062318769654,-26.661175323203526,0.020683686669642,0.6338379130572732,3.1864427349398294
20,1,variant,first_click_miss,1777554456565.0,-25.7608341281375,-25.72545549943727,-26.221525349685095,-25.796804696051307,-26.496606773929617,-25.90014393064312,-26.057975930650453,-26.55983305149007,-26.132806340759096,-26.811070785851303,-25.608211524562584,-25.65372305989768,-25.919905186929572,-25.74664512736816,-26.2779673629228,-25.51288058797782,-25.366797725421037,-25.62596197370166,-25.561605488789407,-26.309868834522874,-25.811175758992302,-25.590422029132153,-26.36013744320852,-25.91889988739062,-26.775744421783703,0.0748304101086425,0.529759998490262,3.1639622665065668
20,1,variant,network_jitter,1777554590430.0,-25.655925364740515,-26.130874278916608,-26.351567542748633,-25.79033657519792,-26.384912847338715,-26.016190202800686,-26.26187364548874,-26.706457530687683,-26.1904010328702,-26.778876918501872,-25.536807477631392,-25.77749568696619,-26.012500858173773,-25.86952986783234,-26.46205824696412,-25.265812036254157,-25.70643363863694,-25.885601663922845,-25.648890289606612,-26.48170632701103,-25.646006573355912,-26.38370688020893,-26.685157540467195,-26.0082080976128,-26.644598500898063,-0.0714726126185425,0.6941538605404073,3.1797293768112604
20,1,variant,coupon_min_spend,1777554580560.0,-25.511799718340548,-26.060666924869253,-26.435739949347884,-25.818330688663146,-26.213007957014497,-26.05821557813388,-26.27561557172982,-26.65146018841632,-26.26124657418331,-26.615760602969267,-25.362030297209586,-25.962042055422778,-26.3951971975591,-25.691652176256667,-26.076503045652952,-25.099520496021213,-25.36007961623135,-26.022067185961152,-25.510502249756655,-26.125155629230076,-25.334783594750984,-26.34879977635998,-26.60835736661655,-26.188661420759185,-26.700621003696313,-0.0143689975465086,0.6723382409302692,3.084225570583362
20,1,variant,first_click_miss,1777554515553.0,-25.570080541541028,-26.04841788438639,-26.44317222327945,-25.86680826940611,-26.355302285943605,-25.67799357704495,-26.25615937461208,-26.601328441331862,-26.18702637798076,-26.74180678177095,-25.55845687578162,-25.964869389749232,-26.391287010341916,-25.875948017922575,-26.33486292628138,-24.55541642618272,-25.397913282962445,-26.24914343491652,-25.350921589483303,-26.352000562781075,-25.775077752467375,-26.258779202114603,-26.528605838209533,-26.256388712510393,-26.575078183351504,-0.0691329966313176,0.6380862282082658,3.100017303158891
20,1,variant,sort_reset,1777554595555.0,-25.65098883496936,-26.02731171605001,-26.168127032143,-25.813304748796742,-26.284450271689877,-25.96801150056164,-26.27874933162554,-26.582419084787595,-26.184158499000265,-26.67745317133174,-25.755217224381006,-25.988791491522505,-26.152073811296987,-25.810145244753507,-26.180508200249015,-25.20340913230453,-25.35295253616657,-26.129009062785247,-25.399845725973496,-26.033323593568703,-25.822674059474235,-26.14446615330028,-26.154683575940215,-26.027050358072835,-26.649060817435817,-0.0945908326252755,0.598430792768801,3.207241836620986
20,1,variant,facet_reset_once,1777554449556.0,-25.691703654796697,-26.092746615121666,-26.473311537816308,-25.863532789695107,-26.233186147992832,-25.827289556313104,-26.34202045720046,-26.73739436911139,-26.265000541639296,-26.61536501298949,-25.65985368433805,-25.991814539941277,-26.502271723888004,-25.73357371603754,-26.16649812260989,-25.4502746904676,-25.666382629070153,-26.01192045507881,-25.50525534055441,-25.927830106679423,-25.78237724678428,-26.264913705626263,-26.466211806661867,-26.24189603617277,-26.51558577418304,-0.0770199155611628,0.6625188843997569,3.167825876997818
20,1,variant,feedback_late,1777554237551.0,-25.80383336856406,-26.141889301026897,-26.42157039836159,-25.833952846087353,-26.33815439247979,-26.06030011317301,-26.425060672169188,-26.682994507907488,-26.272176254344593,-26.77696733258951,-25.91048691067504,-25.903759849756774,-26.396014312429145,-25.76826521984658,-26.389091368300303,-24.615716423343468,-25.15327327396336,-25.6712710168039,-25.052710991913795,-25.522697024306805,-25.866860583155493,-26.362229807654273,-26.623581253346657,-26.187805133805387,-26.77949812599405,-0.1528844178245947,0.6866265593946839,3.213601730207053
21,1,variant,slow_image,1777901622495.0,-25.500172912549992,-25.845585793656177,-26.067686908858768,-25.849478245197673,-26.462815591052255,-25.676959459818356,-25.98318448824191,-26.288227279312867,-25.942457642832064,-26.483405659835448,-25.271005061123965,-25.878708313081585,-25.81075147335905,-25.71736885928733,-26.622641957350773,-25.407885083755748,-25.39556004052298,-25.33802452966546,-25.572445422679163,-26.096210244657556,-25.46829422936758,-25.853489848408532,-26.202714876156108,-26.09337831652275,-26.648186548408997,-0.0407268454098499,0.5060124742730087,3.087867141798866
21,1,variant,first_click_miss,1777902006954.0,-25.273819404582177,-25.815521799554624,-25.58538568245687,-25.535456516628404,-26.371187797380173,-25.601736183946972,-26.098892380727595,-26.002389245437374,-25.743248044949556,-26.38589580232918,-25.196910119019645,-25.546504476024634,-25.374427156721136,-25.52220560943511,-26.505314372342426,-24.99428215119133,-25.26343885665445,-24.918284938806465,-25.291685254543538,-26.17898875941016,-25.176144712424986,-25.96979528049735,-25.868654587661855,-25.667809243251043,-26.415781846730845,-0.3556443357780381,0.5464385359190244,3.0830737625521243
21,1,variant,price_change,1777901806723.0,-25.538492027036845,-25.670798517821883,-25.94589919985772,-25.646017936807024,-26.422393016385215,-25.53237269024089,-25.850039833494343,-26.318223965822632,-25.87808824993627,-26.621523689886622,-25.172721531822475,-25.47442060465039,-25.666234665677973,-25.651675916264725,-26.412010548997426,-24.596957566260127,-25.011078753221287,-25.605734797250523,-25.268877429777216,-25.935018381781816,-25.908976393905053,-25.82222649910023,-26.11203246657583,-25.78297494903864,-26.512563923104647,0.0280484164419227,0.5394295190272381,3.112063712350427
21,1,variant,network_jitter,1777901818717.0,-25.48880474390155,-25.91804714567626,-26.09275489662227,-25.8935065645813,-26.44248338147458,-25.623012213792464,-25.969192030020302,-26.25804089417155,-26.09822958040016,-26.585067850040183,-25.48984587488332,-25.947180412400673,-26.041535268062383,-25.75462231133029,-26.42745583979384,-24.789106191158965,-25.384504395051653,-25.89319329653183,-25.397583438076037,-26.090005557067276,-25.412695744896215,-25.95641304069727,-26.275487897124652,-26.19466822092892,-26.68087752088373,0.1290375503798522,0.5073407953888045,3.0607082877249328
21,1,variant,feedback_late,1777901564475.0,-25.583302614568563,-26.189228802649883,-26.045772303539778,-25.785788017765828,-26.43686230850657,-25.511063116813897,-26.449697551992625,-26.58066995921317,-26.020970110413153,-26.537836880686616,-25.46802901152092,-25.96143655524788,-25.668965980194844,-25.54597647377279,-26.595836148253113,-25.581880467583897,-25.76376766771159,-25.74357128408315,-25.47476410126934,-26.063348542495685,-25.664604130334776,-26.28273181234697,-26.064970701998984,-26.025893586400738,-26.6054692180159,-0.4287274415794719,0.6261467194217814,3.1392070367664378
21,1,variant,feedback_late,1777901979926.0,-25.65595323924912,-25.9620059969608,-25.848098548119527,-25.64787728490966,-26.449568228581793,-25.875657482825847,-26.253486711559468,-26.11720337573811,-25.95670382353458,-26.50261855023433,-25.538779661814637,-25.808173777950103,-25.524314655195973,-25.69131046992925,-26.834764547318297,-25.079661394683853,-25.559016415093655,-25.272182500869263,-25.489161319790863,-26.4199452777014,-25.69799683872358,-25.94824095762039,-26.151087894785455,-25.832212358653617,-26.5130011685166,-0.2967828880248895,0.5929051270999097,3.163479681368534
21,1,variant,slow_image,1777901771725.0,-25.918424782994293,-25.88553931714867,-26.053170144699408,-25.605252983852175,-26.338508091535793,-26.397991085477212,-26.3877233408548,-26.369965877325296,-25.776161014417003,-26.447347939709704,-25.72887969564444,-25.699878576008707,-25.816942242421796,-25.58289725220048,-26.44156329870711,-26.004080187569556,-25.340920576509006,-25.59216616839267,-25.119154609841313,-26.18900348381153,-25.58372723253779,-26.01665061763486,-26.34046161669323,-25.87754671773369,-26.455452007587898,-0.6115623264377987,0.6551287692376575,3.2703991854637824
21,1,variant,skeleton_prolong,1777901641506.0,-25.080511537005677,-25.994540307282755,-26.179000830175184,-25.275043286757537,-25.879937161758203,-25.10233851316204,-26.16286241701093,-26.51803464530922,-25.216684707960543,-26.049764448358765,-25.079698320061276,-25.79399396121793,-25.889750749269503,-25.302048153662135,-25.866129175385403,-24.379983031535176,-25.345932344155003,-25.516030820113244,-24.920829899250833,-25.648678522631737,-25.342075576007097,-26.254580117523805,-26.38228677422032,-25.66366321037299,-26.34723720894679,-0.9461777090503852,1.0134158744639483,3.0167009554366953
21,1,variant,first_click_miss,1777901847933.0,-25.835031320216636,-25.54013435336416,-25.77311305855636,-25.706897417220837,-26.38115375186367,-26.02191544629472,-25.854252095523368,-26.116705725136267,-25.98715686547123,-26.516835299635513,-25.75149087717067,-25.50157534855287,-25.57200721152359,-25.723005727642505,-26.512010730585427,-25.23815055774792,-24.76548319150379,-25.549004893634315,-25.10931999899512,-25.91941895903878,-25.962637403741265,-25.56739807025099,-25.688754449803188,-25.739046678272427,-26.53975375448967,0.1329047699478636,0.4418118428527486,3.173778444269462
21,1,variant,broken_image,1777901961940.0,-25.559504887147764,-25.792791987345193,-25.777152435379833,-25.686971006707708,-26.43363520273324,-25.362477232522828,-25.95203030217524,-26.127660212309085,-25.89262326257241,-26.51677397070328,-25.43900549748571,-25.676984947273414,-25.68589118282351,-25.805790919477353,-26.508308596874137,-24.951527835694815,-25.414902866743105,-25.442671555217885,-25.320541534071623,-26.493223244105703,-25.87868708297193,-25.93538495143116,-25.908571504284424,-25.764161307698753,-26.707649702606137,-0.0594070396028278,0.5111235370646554,3.1612602864984813
21,1,variant,facet_reset_once,1777901660486.0,-25.522591721114544,-25.793668282962997,-26.097033260401343,-25.563020259204677,-26.245159293412677,-25.890450283128267,-25.88154695604328,-26.501570152560586,-25.93774545083531,-26.568269351857968,-25.214480627809092,-25.465222972494413,-25.696735066184793,-25.411656361585916,-26.226086249192115,-25.139290897136135,-24.718796616882372,-25.765275123828165,-25.43703562511115,-26.228992966845443,-25.725268991328814,-26.15619957371722,-26.23958113454197,-25.949431087824273,-26.487161506399087,0.0561984947920279,0.6637000070469734,3.142560574255581
21,1,variant,first_click_miss,1777901698714.0,-25.7637299059597,-25.9504564670725,-26.27666546717886,-25.79100816161587,-26.48992608566633,-25.910244437940467,-25.9794351516798,-26.45778475301359,-25.998088172019532,-26.53117957919417,-25.496604085456408,-25.853875025724324,-26.233685833643165,-25.930514167036858,-26.62116385859489,-25.667888990812727,-25.54648906905153,-26.115992786591494,-25.4976196269258,-26.453260288950823,-25.83302478269787,-26.086378388483443,-26.345962608276466,-25.932827568564644,-26.607533312819506,0.0186530203397339,0.6147331725981239,3.1735660071165137
21,1,variant,facet_reset_once,1777901859940.0,-25.892119520635216,-26.061677051382787,-25.919984815881783,-25.609368679094786,-26.483870027685143,-26.113424758270934,-26.318367526730473,-26.36062525602558,-25.908732110191313,-26.601245260310048,-25.73713432567386,-25.678863492150317,-25.66692486664029,-25.35837803818857,-26.471457777309205,-25.874414999576626,-25.744468924520245,-25.177303832788365,-25.115577648279388,-25.97447392232003,-25.837727951444975,-26.171149220580514,-26.06178102780977,-25.968340455933767,-26.690649218884698,-0.4096354165391602,0.6659609260902113,3.224505146991066
21,1,variant,first_click_miss,1777901524477.0,-25.60995807167869,-26.049028774692463,-25.89679293067737,-25.63962323091999,-26.62127486561961,-25.794555731882447,-26.2369897868313,-26.194129199569783,-25.95598464461462,-26.778611131755184,-25.31518037934226,-25.93742310510287,-25.531369444795622,-25.40918866879908,-26.59611401983168,-25.1928671730702,-25.20168200695301,-25.864584847800995,-25.553095093865466,-26.4729697622024,-25.79362150661863,-26.063878995168032,-25.916183685759385,-25.731161000882405,-26.74458784898103,-0.2810051422166779,0.6354102690025737,3.1457016569078835
21,1,variant,feedback_late,1777901784709.0,-25.6537426608465,-25.84243296376077,-25.589007022327444,-25.65031357949804,-26.403445051044415,-25.845433704045004,-25.942326696278013,-25.933251114721976,-25.7584365187811,-26.414963554484306,-25.595032250632425,-25.537565267203515,-25.400678666521895,-25.54294786124551,-26.438145183754056,-25.733760734670657,-25.431334437943452,-25.507881753295504,-25.397095214257103,-26.567244164733143,-25.749478951091355,-26.065169334874145,-25.83682287965941,-25.985820710549767,-26.434119491156977,-0.183890177496913,0.4934848326272316,3.1360658062925726
21,1,variant,network_jitter,1777901812714.0,-25.12544070851583,-25.63591233206356,-25.312277954250774,-25.552061584725145,-26.316488991320647,-25.292377693378487,-25.664887937890303,-25.38635015374526,-25.837071497646807,-26.533961413922757,-25.434304981734847,-25.561533757198923,-25.246293886767212,-25.472980705350135,-26.404768268325,-24.52711019173292,-24.55630091429066,-24.517486144322778,-24.978612606225113,-25.761229229803728,-24.67173358882493,-25.85063204245301,-25.43199763242393,-25.841121060576643,-26.496700755994457,0.1721835597565011,0.4318529781322953,3.035902735217274
21,1,variant,button_delay,1777901912935.0,-25.756674919209004,-26.070507512751764,-24.626750542834717,-25.701530926233858,-26.42499127573219,-26.091248907394505,-26.160685615839956,-24.56371735367875,-26.000799539573755,-26.539293111047716,-25.574340568131017,-26.17267774968051,-24.22176170012153,-25.52544442856143,-26.42103457889073,-24.83652397842994,-25.831229803836113,-23.122030239532062,-25.0048664053043,-25.742079650349535,-25.598324918414622,-26.04156993975376,-25.08842930402927,-26.07387237319153,-26.773631857068505,-0.1598860762662006,0.2655327842647785,2.8402844247948997
21,1,variant,button_delay,1777901967953.0,-25.8822341813572,-25.975577214336315,-25.834166157610905,-25.539051261633084,-26.401945202481976,-25.793244030852797,-26.058886617117867,-26.085224075330594,-25.554313259232515,-26.241350456966877,-25.610332929171193,-26.044696307808795,-25.629041580058477,-25.579860751959018,-26.76030139912324,-25.217900357214557,-25.491250359823677,-25.45248225603375,-25.639222288409076,-26.648703969807485,-26.254837676401387,-26.05310070343816,-26.07869878188139,-25.751914193514303,-26.579025440746083,-0.5045733578853522,0.660428913942245,3.264862193917269
21,1,variant,skeleton_prolong,1777901937963.0,-25.124580752042046,-25.77568482140463,-25.67465089944733,-25.66848609484745,-26.479173749594334,-24.99193328265541,-25.908909209429957,-25.922274829062022,-25.974245910790028,-26.67671301984896,-24.991103329467308,-25.51603039639886,-25.658665681507795,-25.332033958107996,-26.48563745930436,-24.57812995862052,-24.880574763453797,-25.48412431294151,-25.33873009967324,-26.32257569844988,-25.40513637233385,-26.162912059487475,-25.88360607373912,-25.968239987185928,-26.665530396008503,0.0653367013600707,0.4919557649640594,2.976588716010485
21,1,variant,coupon_min_spend,1777901852941.0,-25.339357270449227,-25.968432994342297,-25.512949840716864,-25.76084601632807,-26.52074935892478,-25.280979412753165,-26.18147921512328,-25.73566937252983,-25.96770578268705,-26.681429608434176,-25.301551406732663,-25.80394434708784,-25.511188727419885,-25.66671205044978,-26.55482859027503,-24.97972763635407,-25.685650437492544,-24.909071925190513,-25.300162461302808,-26.22639433501332,-25.349561274982342,-26.019838486589745,-25.626910236399112,-26.013168866869048,-26.625512199815574,-0.213773432436227,0.4448465590720961,3.0274176758550584
21,1,variant,network_jitter,1777901747716.0,-25.180894591725018,-25.815818819020215,-25.124430231685295,-25.403701385382732,-26.488034686776626,-25.421798481386396,-25.880541590101327,-25.30859900544175,-25.66638036331747,-26.624696476829136,-24.741697114973128,-25.656883586505977,-25.13211259449504,-25.28223101586967,-26.646646590823455,-24.127930395438383,-24.797546893616,-24.282502989855377,-24.747018045128872,-26.219240445483553,-25.15134101332859,-25.93439433114199,-25.296505549507824,-25.542673426067022,-26.64868168003171,-0.2141612267838581,0.4779590775498435,2.914310183406351
21,1,variant,slow_image,1777901539487.0,-25.637631681455172,-25.73927863240749,-25.818316513438667,-25.701917433821272,-26.338429573654263,-25.75113471336829,-25.8462754399338,-26.053318647275383,-25.855582852147585,-26.123077518398222,-25.24886584966716,-25.584643969949163,-25.398859416667797,-25.574931867838675,-26.51719674896369,-24.863409926546325,-25.23771287749454,-25.09793590850005,-25.350381018863672,-26.46407370331705,-26.0868877075044,-25.87058042035913,-26.174869044314903,-25.902892960501426,-26.601781099060595,0.0093074122137863,0.5003186030947877,3.1916717108489223
21,1,variant,network_jitter,1777901845722.0,-25.554600071009546,-25.99078890778798,-25.776817248499537,-25.653830219647553,-26.577157655731632,-25.640868514429425,-26.168966315559423,-25.908221316459876,-25.956047015562863,-26.6400404796052,-25.327147708941148,-26.00146556924006,-25.613730921810465,-25.5189462437142,-26.700217457476025,-25.305678161228247,-25.30050554086149,-24.98716692330321,-25.34178270727067,-26.275958377020046,-25.91631311301816,-26.100712622676213,-25.76434138695829,-25.793577177761865,-26.663653462428716,-0.2129192999965603,0.5758142692502185,3.147325191715902
21,1,variant,sort_reset,1777901577491.0,-25.803164137807748,-25.683948643894126,-25.99381927619195,-25.81425388829771,-26.559894338416505,-25.918652625211028,-26.011187359044676,-26.32805545255988,-26.084236153255215,-26.68088265751283,-25.55285519280549,-25.429107676813636,-25.81549512059746,-25.671002461199656,-26.591009165893333,-25.011884280622898,-24.98620425771176,-25.04253443887244,-25.552208420161048,-26.09952668332763,-26.14412856971814,-25.77882878374908,-26.182239429369304,-25.910632040919086,-26.74923577699638,0.0730487942105391,0.4678669543950422,3.1937303521112983
21,1,variant,network_jitter,1777901895955.0,-25.42884644611727,-25.82927716370188,-25.905971109677377,-25.75707277457475,-26.251496952944656,-25.5793417166196,-26.308281655830488,-26.14275821690455,-25.96204156815345,-26.211711107855372,-25.45009984807695,-25.515590753907567,-25.65554256078108,-25.59089482381064,-26.472829056485267,-24.640312318616935,-25.222632071156458,-25.52315137792465,-25.70035194121353,-26.528512542026675,-25.34534821496524,-25.93191483251551,-26.14654360300387,-26.018957974540516,-26.27127398829442,-0.3462400876770388,0.5140030455472406,3.137812296810477
21,1,variant,feedback_late,1777901889930.0,-25.322900744959902,-25.80114174178602,-25.66907021480744,-25.40005002485789,-26.248614817763304,-25.510572946329113,-26.012732513932768,-25.805211420740104,-25.578951006476956,-26.098292295758135,-25.02218169016917,-25.762004330985615,-25.850763061537585,-25.401976947148913,-26.48704098747436,-24.85425559760792,-25.35066065012767,-25.124639730503254,-25.14322060922401,-26.38595485334147,-25.61418887944154,-25.882646302210055,-25.683092881174705,-25.49103176076182,-26.32785100475481,-0.4337815074558122,0.6488700918125098,3.1343199115060756
21,1,variant,feedback_late,1777901722724.0,-25.64959279809801,-26.042944650308502,-25.81997612364811,-25.81793014844653,-26.362998724245266,-25.590157280366338,-26.207340175445783,-26.092802373540497,-25.962312859112423,-26.241606797702897,-25.47232578708651,-25.94830802675073,-25.46223448220068,-25.876755042295645,-26.52110389299681,-24.96019731503387,-25.363828058134043,-25.350841447962154,-25.813270680870975,-26.48977387575128,-26.127738224303872,-26.203497041536288,-25.973934019213686,-25.973649681486393,-26.63339955231985,-0.2450273163333562,0.5103056680217636,3.1837693963652227
21,1,variant,first_click_miss,1777901943940.0,-25.283812780123768,-25.78051477678468,-25.552856536654225,-25.08698403268398,-25.771831926828344,-25.386855681176087,-25.73555069033052,-25.597545002727095,-24.71546811118515,-25.165420239034184,-25.3939434747504,-25.53673668795662,-25.21116491213673,-25.03829605149944,-26.16130767811371,-24.93134880124514,-24.91001775342996,-24.86307182763203,-24.810952359930553,-25.41791831617516,-25.28446994032501,-26.060511422626593,-26.07516329960885,-25.750450255331327,-26.34966875913951,-1.0200825791453705,0.8292257633558404,3.190754100545389
21,1,variant,network_jitter,1777901546503.0,-25.549259409165277,-25.989736958938984,-25.96580996676183,-25.783789209398257,-26.48939121561431,-25.315885622808853,-26.157597505348352,-26.16003780577789,-25.989415108655415,-26.693543059895983,-25.79300731294327,-25.76745346825867,-25.732615719251857,-25.69233809488503,-26.457587663726553,-24.46757265022715,-25.715226643891324,-25.312002734565056,-25.37871985263475,-26.05242381931319,-25.88515018217086,-26.150620803618043,-26.04355254920536,-26.152828865553197,-26.752721619236212,-0.1681823966929378,0.5539759073450178,3.1199017833889786
22,1,variant,broken_image,1777969147438.0,-25.031834555689446,-25.43283698399118,-25.867013209869448,-25.430411476627544,-26.253577703543993,-24.72058401806961,-25.47506506054428,-26.076209471394332,-25.176825355356105,-26.164993726842383,-25.388684811151865,-25.244429004100017,-25.666454633051423,-25.394738171283024,-26.369463354295767,-24.296448766328822,-24.36486320892143,-25.191306326533688,-25.139215022534582,-26.09746476297542,-25.356715216093907,-25.57392206217006,-26.126751402767635,-25.758217624682608,-26.46716318249337,-0.2982397051881733,0.5699493696530117,2.9367849353934754
22,1,variant,coupon_expired,1777969049433.0,-25.18008123700241,-25.79004090558373,-25.702256869114027,-25.534726290951575,-26.29302959804462,-25.17794772608204,-25.798786301595353,-25.944205413089215,-25.573997835553364,-26.424104248690675,-25.31478353353042,-25.522194777478443,-25.46385269461779,-25.384297568145136,-26.351121819599012,-25.71643889313628,-25.205455430911183,-24.891522508507375,-25.15109086998233,-26.29847422414856,-25.128109065512582,-26.083479444494262,-25.97663860970502,-25.78972153141944,-26.477142211390717,-0.2247884660419892,0.5736133881298224,3.0186171016177425
22,1,variant,coupon_min_spend,1777968910429.0,-25.337733059389254,-25.550664044104195,-26.060129548459045,-25.666499870938832,-26.304733119499335,-25.1867094707703,-25.614370720844267,-26.099574221481465,-25.60306588887314,-26.14528398073968,-25.1777366112928,-25.54101200672414,-26.083728268919874,-25.824852894915672,-26.55912326710517,-24.81083305515655,-25.018452615002666,-25.447181146922627,-25.460913123750572,-26.15892914852385,-25.58154281367372,-25.725876429992475,-26.065605725577136,-25.928717908694075,-26.44819077508307,-0.0113048319711275,0.5160921784963636,3.120387774562295
22,1,variant,coupon_min_spend,1777969043440.0,-25.822531172813264,-26.014832897736625,-26.154285161300947,-25.53747362812133,-26.416941149082355,-25.439863576035755,-26.318613423987784,-26.154220112933952,-25.5245937571313,-26.4342656876702,-25.767936426440496,-25.762598006628117,-25.91433090333459,-25.43851365748452,-26.333106738777367,-25.479115855300233,-25.726105734344657,-25.932440237574937,-25.417027791897485,-26.24801015334531,-26.306986257841665,-26.17398594159362,-26.24531688513731,-25.729068578683417,-26.629903256958222,-0.7940196668564852,0.7792221238153082,3.2852520140714283
22,1,variant,facet_reset_once,1777968980427.0,-25.36741386717384,-25.407184866131914,-25.97875354586946,-25.5927722134801,-26.28671319941654,-25.242169385956913,-25.39998411189859,-26.10926875058888,-25.583910095638252,-26.20143383695298,-25.481826653239352,-25.013354413393422,-25.716550993663795,-25.542649620212167,-26.373471492138513,-24.968351007909423,-24.755536963685625,-25.33035602522719,-25.316889520358615,-26.23335525276995,-25.29069150012407,-25.65955994974658,-26.05657760831976,-25.782059194145884,-26.35358488756278,0.1839259837396625,0.4965329157994009,3.0750736998742063
22,1,variant,feedback_late,1777968858444.0,-25.567952436041764,-25.722024448699855,-26.12488371379372,-25.63496146535894,-26.212159219117407,-25.373425054949593,-25.64904316009896,-26.175086297922594,-25.693071069772916,-26.221946801790597,-25.54136710735566,-25.43810881042924,-26.236848747618968,-25.72512467564988,-26.34440289449599,-25.276631359688356,-25.465020158754033,-25.68362323815491,-25.333421069953513,-26.077027716115182,-25.802705202226885,-25.96831351197359,-26.184926413799747,-25.865712966457227,-26.451706386196356,0.0440279096739573,0.6005418108689842,3.2242224551270917
22,1,variant,feedback_late,1777968919425.0,-25.509108524220657,-26.07257858541708,-26.224627559525164,-25.706964768539525,-26.35097119603919,-25.25578965757897,-25.860499322504673,-26.3809478542294,-25.73384948340585,-26.22889046758899,-25.64702905842133,-25.988508264147832,-26.059449416033925,-25.615468224319567,-26.482323696137502,-26.16257489314843,-25.37499901668176,-25.69571235422086,-25.406732530317317,-26.26396734672443,-25.518099351875737,-26.26835228270175,-26.474109175864527,-25.944452536537764,-26.558180097336876,-0.1266498390988211,0.6965263609196427,3.0647398803001793
22,1,variant,feedback_late,1777969037436.0,-25.461791804476945,-25.864028918996013,-26.044154766875444,-25.57791889367701,-26.387209572689898,-25.34984014607482,-25.75458383453283,-26.189511070517824,-25.485123087996783,-26.37718067803032,-25.27472826887201,-25.587929823312045,-25.793134261699787,-25.455381450896446,-26.30930841839092,-25.18583533267417,-25.327456077560218,-25.4868638001731,-25.24299172990489,-26.128167982551645,-25.731586390129227,-26.095037428668302,-26.340861253049336,-25.844674564618455,-26.56772043033559,-0.2694607465360477,0.6636248712558377,3.1732973534963347
22,1,variant,feedback_late,1777969309454.0,-25.81776162458185,-25.786232225143856,-26.209113911345504,-25.671821364629423,-26.326839180880693,-25.858370827396033,-25.451296140644132,-26.172101004357646,-25.66249900575136,-26.36455449252051,-25.898615786703783,-25.59566931495668,-26.037528479611183,-25.89357793540334,-26.5319134680518,-24.961021755676267,-25.124385068719196,-25.820482213541908,-25.501656434082022,-26.525392737546067,-25.94858936197149,-26.147416219222944,-26.243679542530064,-25.76199420648546,-26.380939183305433,0.2112028651072286,0.6183562340492754,3.245505137149588
22,1,variant,feedback_late,1777969206433.0,-25.91493283444407,-25.92184469921913,-26.1540926993262,-25.74293923148103,-26.445621256526696,-25.93247566295164,-25.824143976104754,-26.05612736091125,-25.695727427677554,-26.378906733257647,-26.123909066226823,-26.35732128714033,-26.221970170517977,-25.734823420433532,-26.49101073498566,-26.166934459506717,-25.834605251827735,-25.34725315390278,-25.617770746190484,-26.5400211646654,-25.887385545199596,-25.9103140214583,-26.30078097275527,-25.880465916062327,-26.588830232443264,-0.1284165484272001,0.6059019719436565,3.271123836638963
22,1,variant,feedback_late,1777969251433.0,-25.009861527344643,-26.03422634639496,-26.25678183847648,-25.46016189310121,-26.20120711434346,-24.858089633286788,-26.132317431602807,-26.340142523039656,-25.2963092934588,-26.21396505170208,-25.522623308099902,-25.895613460647432,-26.116100931302533,-25.583187074633948,-26.450193157519795,-24.906583128197497,-25.362909049686905,-25.812690199130017,-25.283928083694533,-26.13294082690263,-24.889948390830227,-26.20897491649962,-26.400835920191614,-25.899015710175288,-26.526569396090206,-0.8360081381440096,0.8863979946629164,2.881359730110711
22,1,variant,first_click_miss,1777968955429.0,-25.180452448155812,-25.648600770286077,-26.040924057081888,-25.570939449907375,-26.341703880677045,-25.04262136941659,-25.550510633302725,-26.245742778005297,-25.54697752574355,-26.352470353627123,-25.431092164857404,-25.70738926395433,-25.757107339930737,-25.56207295152384,-26.55462032557809,-24.33588602638665,-24.516583985734897,-25.69991653749049,-25.332695779789702,-26.251848819804536,-25.261687730457727,-25.79144413791085,-26.173104487129145,-25.7345135667928,-26.265034696568716,-0.0035331075591749,0.5960423277825592,3.071323256044858
22,1,variant,first_click_miss,1777969269436.0,-25.751870611930837,-25.96233787394278,-26.124302014830803,-25.489780995124995,-26.30300844806778,-25.8512302275085,-25.91701564969401,-26.23825551740328,-25.536758341336743,-26.32067446430479,-25.41418915954477,-25.90885886531721,-25.869889919183777,-25.37564537195392,-26.41487797177632,-25.304959768756373,-25.257724702555368,-25.514196434668367,-25.229355368226127,-26.02116369436574,-26.01275219237408,-26.296130895848048,-26.57888084019989,-25.727177032652097,-26.6061367069008,-0.3802573083572689,0.7867172797457026,3.2914217773314327
22,1,variant,network_jitter,1777969212425.0,-25.186211967616348,-25.749325570834515,-26.117973356905704,-25.50441053507887,-26.383019897302383,-25.10038798193086,-25.664467782727904,-26.398605068341578,-25.36568089033995,-26.330529478340303,-25.2392014546707,-25.746851544552083,-25.924330264545056,-25.474759811438425,-26.64648445017881,-25.312378623439567,-25.136255316804995,-25.45810596233717,-25.24336421205659,-26.325776156501803,-25.28832694767897,-25.964121806544604,-26.31631484209176,-25.716763948633513,-26.447101391675027,-0.2987868923879553,0.692794121855035,2.9803172096359276
22,1,variant,network_jitter,1777969246423.0,-24.733815660557937,-25.653428151694577,-26.076647274604227,-25.49046428174719,-26.12326173710064,-24.651376287427265,-25.47380725708831,-26.106537481465494,-25.398574322293513,-26.030169242948975,-24.61226577803484,-25.396124391242147,-25.74378416391643,-25.49310862052453,-26.39336732196613,-24.60686300046737,-24.95867060980621,-25.632207584326988,-25.227539188022742,-26.18669260205211,-25.08928335102755,-26.12790967275172,-26.339867338511834,-25.776712138272263,-26.46407690518841,-0.0752329347948013,0.6563150766982522,2.6197197860477734
22,1,variant,network_jitter,1777968960440.0,-25.83909342752792,-25.588710126274673,-26.07137765658344,-25.660809183524258,-26.33141749950341,-25.79625734417575,-25.632096704881526,-26.059888761191846,-25.633907012080147,-26.286535015748267,-25.98131950195512,-25.55239269657511,-25.97265843352053,-25.616414284963327,-26.464183179332725,-25.48051392820615,-24.67923028945185,-25.29630803666493,-25.54703204219931,-26.283917967688684,-26.018558765874335,-25.83304348912831,-26.21062366771181,-25.85400014384458,-26.507776520813056,0.001810307198621,0.5326338939231856,3.223730711296797
22,1,variant,network_jitter,1777969315433.0,-25.177963307080603,-25.846153481544267,-26.277600890119587,-25.6922300421664,-26.37242872966661,-25.302835390730188,-25.871450762936934,-26.2675848419013,-25.685953037746945,-26.3165663581326,-25.021974011243437,-25.600313471562135,-26.23496672111089,-25.609825967044102,-26.38111461491365,-25.147228370930524,-25.2067604111168,-25.88054870190368,-25.374773148621788,-26.21721163585629,-25.45423040200391,-26.093038012221303,-26.378636503015432,-25.87120788157216,-26.540876021458107,-0.1854977251899896,0.6418012588103286,2.8558759458056886
22,1,variant,network_jitter,1777969097426.0,-25.47880275235391,-25.45510687923316,-26.063509176367504,-25.64219570482025,-26.290561503562216,-25.747313364497643,-25.486567479041724,-26.16136446655783,-25.570349835613968,-26.150879723297827,-25.443653474576813,-25.19864045539756,-25.87702419561672,-25.603531318229876,-26.31511329883268,-25.074259398680212,-24.24962933039643,-25.316433160532657,-25.466069150580225,-26.26575687564309,-25.569993337729432,-25.838252122164743,-26.36512211051624,-25.814093420252497,-26.526734841562455,0.083782356572243,0.5003064789686552,3.0098536913363776
22,1,variant,overlay_blocking,1777968853432.0,-25.56230825880187,-25.654447160426667,-25.84720950593266,-25.483081606590595,-26.18769921353791,-25.121578918906096,-25.549854940016143,-25.897854418834687,-25.41979867612443,-26.1275255564494,-25.629665262502648,-25.46156468454084,-25.63994229567175,-25.56454885218704,-26.274283102684887,-24.951406428635597,-25.07453140293713,-25.163682417970417,-24.98236438108431,-26.365626311606817,-26.00009708180473,-25.833958754857505,-26.02202660199438,-26.012729764362373,-26.555045996258123,-0.1300562638917135,0.6045801990506657,3.2307540446312037
22,1,variant,price_change,1777969286436.0,-25.31052199289586,-25.777134660381655,-26.298244351536116,-25.67749575362641,-26.394756061647048,-25.48221628777946,-25.852899024174565,-26.322757708456955,-25.677119416413245,-26.322342507122055,-25.26782954992005,-25.49707252711982,-26.061635799867567,-25.691571096433098,-26.504877270870224,-24.786972698041996,-24.81118053627408,-25.64101056319502,-25.207243304288117,-26.189762099449908,-25.24964425351367,-25.938629930657928,-26.501043634441476,-25.992514844465553,-26.521876923289582,-0.1757796077613207,0.6311220898104692,3.084230504040097
22,1,variant,search_irrelevant,1777968950435.0,-25.39032268946601,-25.54910948913129,-26.11611984339298,-25.568474702852168,-26.4044164976092,-25.187762901876656,-25.562447553575787,-26.273545893882545,-25.62925115195474,-26.506979312396044,-25.37063101791675,-25.461441294150337,-26.01942563332718,-25.515148349855085,-26.322190317456503,-25.048035789498837,-24.584046461037826,-25.710959215511608,-25.24302768101211,-26.458825208872177,-25.69177548535825,-25.822719170071757,-26.265422256841763,-25.904486246273652,-26.551319333109483,0.0668035983789536,0.5797122234631861,3.0934713081780116
22,1,variant,skeleton_prolong,1777968869425.0,-25.538480955493057,-25.584496342011377,-26.092086472952147,-25.640199447939334,-26.36956060057357,-25.62885497354116,-25.49382921557222,-26.223505946203577,-25.664772315301377,-26.372390181098975,-25.478710316060813,-25.537947006938342,-25.828635659115665,-25.698895268029094,-26.300218441594662,-24.878961669580164,-24.621045630055303,-25.588034274812316,-25.29712274540728,-26.34741352423505,-25.830649333432323,-25.87272585735702,-26.41266785745535,-25.816320017193885,-26.535053151796404,0.1709430997291576,0.5463606234337784,3.1919981971786173
22,1,variant,skeleton_prolong,1777968880453.0,-25.494144199146845,-25.85098743243421,-26.222116627136177,-25.686941800332267,-26.30591675859664,-25.35198931662424,-25.6547354634578,-26.192335681381092,-25.48865817798886,-26.17290339282848,-25.504413053523855,-25.86247161620392,-26.0956567543503,-25.746308946157143,-26.31615437047491,-25.4117294325112,-25.55876307988711,-25.43246069939073,-25.525931115973854,-26.243457926284098,-25.752673895097036,-25.90193731352702,-26.469507709822885,-25.94006956924232,-26.40185520704955,-0.1660772854689405,0.6339589769731473,3.1190455311408285
22,1,variant,slow_image,1777968874445.0,-25.53980590194309,-26.240520548668556,-26.19758682063425,-25.693153740580872,-26.397757873008324,-25.472116406660884,-26.3245908825283,-26.23893837913165,-25.484262201324828,-26.327404529879093,-25.42348928945167,-26.303589090969155,-26.064047135229412,-25.843486243147673,-26.60940141962532,-24.796753219737557,-26.012860418213776,-25.68843201383493,-25.157217574693007,-26.313023957434343,-25.752453580185804,-26.30287881916193,-26.249283122539964,-26.04583955811447,-26.56842366759962,-0.8403286812034736,0.7539604105549154,3.173669267978139
22,1,variant,slow_image,1777968885433.0,-25.090722755343876,-25.68121942609652,-26.003584615289903,-25.5014157143658,-26.12286553917554,-24.915878495374397,-25.602067077053608,-26.048517461118387,-25.4851248175662,-26.078406434846244,-25.125614205321774,-25.550387557662717,-25.715062188640257,-25.463694927594883,-26.31928790187028,-24.61266886106455,-25.13573500493091,-25.438745191877768,-25.305937682132654,-26.024046058397023,-25.07046455009525,-25.757373628632184,-26.266867554318008,-25.924123908144345,-26.312163266879743,-0.1169422594874056,0.6412167903251623,3.0900679333387098
22,1,variant,sort_reset,1777969020432.0,-25.589444559985353,-26.11337992420258,-26.11453005104767,-25.66181604318798,-26.33915161761843,-25.68437683756982,-26.100200179398445,-26.262003758887555,-25.6781473965175,-26.26597645604753,-25.730519996337108,-26.078320125693192,-26.031701486177052,-25.671305307697605,-26.41403836617554,-25.62068620133231,-25.09327852955356,-25.540385137052937,-25.393311774196775,-26.12053399896261,-25.48082383617552,-26.418087750095513,-26.19504998964431,-25.81850650673614,-26.5551763709958,-0.4220527828809466,0.7081654025094938,3.184091366546501
23,1,variant,broken_image,1777978101735.0,-25.69910217757117,-26.121807185894376,-25.492967157994613,-25.8616245530328,-26.456152144794707,-25.618116462751676,-26.391897722472752,-25.382982107506457,-26.177493535301497,-26.71266330592162,-25.413469407113645,-25.944831442574547,-25.20290739485276,-25.539573828056096,-26.24463713365436,-24.902829053628537,-26.31805966917301,-25.4217529058849,-25.470768982088615,-25.865930073307897,-25.891079689675337,-25.933326422928378,-25.59733875684508,-25.9610612152419,-26.649247651417543,-0.2144041871712581,0.4189115494917179,2.9755769658508138
23,1,variant,button_delay,1777978027723.0,-25.696990632378174,-26.230115178561633,-26.327707979274287,-25.988595156730614,-26.608994326212468,-26.22578859892715,-26.654040732976163,-26.484214327167837,-26.277619990037316,-26.888456293556818,-25.132715736873447,-26.005839378704923,-26.067728127660075,-25.852945372834416,-26.555927027512485,-25.89359454326178,-25.66591224277295,-26.081483251674683,-25.758564562124036,-26.418055847912072,-25.71741775600949,-26.12615552628902,-26.325690412236497,-26.051674240508618,-26.642159071218934,-0.3764207429388477,0.59124536868884,3.100308739108299
23,1,variant,feedback_late,1777978236727.0,-25.856466089285824,-26.015744544601095,-26.458312303017433,-25.615249792318664,-26.571579121753608,-26.29553072497684,-26.289544232806225,-26.820615574519373,-26.015058365047956,-26.8953377662685,-25.46683050254889,-25.83740135928544,-26.354128799977246,-25.57109460066606,-26.376773847172693,-25.57350316442682,-25.552221535977605,-26.132207269122755,-24.756400916606243,-26.293147230895254,-25.819782334358244,-25.90962846138756,-26.334207730983504,-25.7108762070543,-26.756385528327375,-0.2744858677582691,0.8106378229140728,3.223144201335045
23,1,variant,slow_image,1777977827719.0,-25.879417325898793,-25.98531600415085,-26.561519548960412,-25.8118742228894,-26.552188003708864,-26.13103226653072,-26.16678955288698,-26.847969065827545,-26.159987435805096,-26.813818119321752,-25.65983769107683,-25.609085649660415,-26.21427670865091,-25.641390323447364,-26.488835082726915,-25.122157942054695,-25.504739933507093,-26.17169029561468,-25.1385091041757,-25.92779276543027,-26.193900581649125,-25.957660118684895,-26.50384995808734,-25.92207990316906,-26.626821879994544,-0.0068021170818823,0.6777527810326017,3.20913627361015
23,1,variant,network_jitter,1777978219722.0,-25.74669350079816,-25.912702230976777,-26.188999275699928,-25.8263882579038,-26.537891271266226,-25.67448081254702,-26.267187553489173,-26.40962445843477,-26.216491971820567,-26.863182023171248,-25.444655961257254,-25.778590722712305,-26.067424831908,-25.642521748318583,-26.474039214402335,-25.22379611110901,-24.95108149664828,-25.690589549018313,-25.10740368507857,-25.83958008436622,-25.968554743586772,-25.965668520865822,-26.14924790700792,-25.952975860281946,-26.733260533434123,-0.0506955816686058,0.5625252159244887,3.0405757327267606
23,1,variant,skeleton_prolong,1777977868732.0,-26.052242244345365,-26.30851006437061,-26.368454190011377,-25.87300857309706,-26.447519824432312,-26.28418548634256,-26.46261033468523,-26.66231435594588,-26.288420496786525,-26.8346484717302,-25.96366690139049,-25.96395497580597,-26.029923621996723,-25.672216736286487,-26.306883837437688,-25.62191323193797,-26.03030763964212,-26.015721981836624,-25.18656854210493,-25.694109607761195,-25.95874057467083,-26.5490676732263,-26.27462948697389,-25.90640910186024,-26.597764595430533,-0.1741898378987052,0.6999729576316569,3.2676484494412463
23,1,variant,network_jitter,1777978283731.0,-25.74313622839935,-26.122457691599916,-26.29559119613547,-25.89502294834798,-26.55610888200841,-25.741347282281584,-26.408298340441167,-26.425140807828676,-26.23226738187306,-26.8496113506662,-25.45687224954046,-25.84460350532704,-26.03302295487589,-25.590738821975695,-26.582743254195258,-25.157738250369466,-25.496287812013264,-26.094083146260132,-25.491183652433012,-26.505118330413683,-26.00945068527144,-26.22291650747905,-26.39001447450004,-26.088021690215157,-26.56576350778985,-0.1760309585681057,0.6087398512231725,3.1383954505567617
23,1,variant,price_change,1777978263738.0,-25.93652102004144,-26.171964341777077,-25.18712427988406,-25.76605491669237,-26.61785610840635,-26.46163246735549,-26.40930829553187,-25.341450884496677,-26.33169975788059,-26.81683011967821,-25.87421468922856,-25.937918194688137,-24.832757149221734,-25.43700876119819,-26.530801214080476,-25.514992894880844,-25.87705737954065,-25.4698486171973,-25.15864740596179,-26.653412563219316,-25.69985257925884,-26.066474253782605,-24.96438055393659,-25.74586561753395,-26.72836170628361,-0.0776085376512796,0.3838180035162727,2.9678022964017168
23,1,variant,coupon_min_spend,1777978212732.0,-26.16491388009335,-26.49131811991911,-25.582294951492983,-25.721196531787545,-26.530214383986788,-26.3805588903148,-26.591324435550785,-25.48149251440899,-26.120638285456664,-26.76139020491513,-26.179093809647743,-26.228201437697173,-25.334653747197017,-25.40007973461307,-26.57275521114019,-25.4789090982094,-26.22515215149963,-25.32209545318584,-25.403448773880104,-26.49442480256585,-26.222289199633376,-26.675657325013184,-25.752431109979955,-25.736445662146657,-26.596150775218188,-0.4706861500941208,0.5681578817950875,3.0629077791366086
23,1,variant,network_jitter,1777978087737.0,-26.039013289943313,-26.450107152046748,-26.49651583766912,-25.901092563553053,-26.568270264114865,-26.293250688893643,-26.779648184996283,-26.684330238599152,-26.307023158781476,-26.75848128722111,-25.82073191885363,-26.144430811390823,-26.161832711828417,-25.72175774837775,-26.54512451353785,-25.55838541271883,-26.50254641805592,-26.19110455576916,-25.18722099307693,-26.19122569695033,-26.190668474127367,-26.446716817252444,-26.594529251286417,-26.081878917072427,-26.77231535268046,-0.472625026214807,0.7656118670137672,3.233210057663024
23,1,variant,sort_reset,1777977832740.0,-26.1913785541459,-26.295553592764193,-26.495119543702653,-25.91054254655775,-26.529392778509468,-26.302755955354577,-26.331611798722378,-26.758444453808277,-26.221802839084692,-26.80691297365894,-26.03372888836575,-26.123387260960033,-26.263674423301246,-25.68578756647495,-26.424421524066428,-25.081417125882595,-25.61463505175794,-25.802107005927365,-25.230684761204227,-26.06750907636236,-26.257886785923606,-26.63389619423277,-26.53679801314613,-26.114611459750925,-26.711250587352794,-0.1098089596376823,0.7058332792334534,3.316484760971057
23,1,variant,feedback_late,1777978154733.0,-25.997330391379045,-26.096613750787192,-26.090465010284536,-25.96214981624268,-26.576987947347888,-26.18983261147067,-26.272245397135887,-26.363425060564776,-26.31896205401122,-26.76994701365822,-25.939234803725707,-26.161940581992702,-26.121388280979136,-25.860304936100352,-26.486683365747844,-25.8314140884782,-25.465624884052872,-25.89924497266609,-25.482840214462374,-26.32780451444089,-25.94290920616357,-25.995334727725787,-25.769102056152548,-26.051465652691228,-26.701072919456617,0.0467166568753327,0.5148746873469697,3.187893280371947
23,1,variant,first_click_miss,1777978016728.0,-25.56901218904635,-25.993601208733057,-26.162150592360646,-25.851451379996337,-26.554313609233827,-26.04394856448587,-26.196509195858603,-26.393417393476422,-26.289899066931177,-26.736844918973365,-25.502248546984667,-25.929920828158288,-25.86895361483389,-25.4807711149202,-26.321016794304807,-24.9940088551695,-24.934557286102574,-25.94912452785646,-25.54742138075278,-26.34608197649311,-25.26661866369974,-25.908710805092916,-26.224720575008742,-26.034174864316174,-26.74199613033982,0.0933898710725706,0.5652475750687226,3.088717859711668
23,1,variant,network_jitter,1777977999735.0,-26.093038188954814,-26.5017895685968,-25.454739962859183,-25.843287920275657,-26.55482547570437,-26.240423604763187,-26.7776161914303,-25.56127810737925,-26.06568406323277,-26.861856248765076,-26.017636498138245,-26.454465458958214,-25.229279237408782,-25.718028613637433,-26.3541265651513,-25.32060650058637,-26.2724154159896,-25.934530760191635,-25.53556575940382,-26.505240257662205,-26.124435633513414,-26.41044482360735,-25.17075118957535,-25.87516002145675,-26.735525260511448,-0.7119321281975317,0.4630051658439722,3.0708946990849384
23,1,variant,network_jitter,1777977953738.0,-25.831757949222208,-25.9449316973469,-25.92314348062016,-25.91165389939859,-26.686221081101827,-25.983049076679155,-26.037567066893864,-26.067483299559793,-26.162818635161074,-26.844424243084312,-25.732177590104016,-26.05249328110849,-25.671976965574338,-25.87276495152894,-26.684268770969055,-25.055270763761765,-25.61712444496244,-25.803841128709724,-25.301922925150347,-26.45313177062968,-25.98103228992415,-25.962847778834544,-25.84852795789409,-26.148530029884014,-26.75254292728824,0.1252515682672097,0.4683784845622578,3.0927816064275473
14,0,action_matched_control,control_action_matched,1776852017585.0,-11.399853257874687,-12.102698339601275,-12.387523002626017,-12.414545432830002,-12.74525474453657,,,,,,,,,,,,,,,,,,,,,,,
14,0,action_matched_control,control_action_matched,1776852022265.0,-11.50767105190802,-11.914912579974029,-12.076416074037619,-12.380819993028128,-12.603235656502221,,,,,,,,,,,,,,,,,,,,,,,
14,0,action_matched_control,control_action_matched,1776852049425.0,-11.644852826686195,-11.898510846139532,-12.042057091407594,-12.442396451684791,-12.749911658636558,,,,,,,,,,,,,,,,,,,,,,,
14,0,action_matched_control,control_action_matched,1776852053633.0,-11.455287097540216,-11.796997527174604,-12.093353322194098,-12.513369702746452,-12.697426106425524,,,,,,,,,,,,,,,,,,,,,,,
14,0,action_matched_control,control_action_matched,1776852060169.0,-11.707060702348203,-11.927566052988203,-12.23729736515114,-12.428609617551055,-12.687443613745817,,,,,,,,,,,,,,,,,,,,,,,
14,0,action_matched_control,control_action_matched,1776852092313.0,-11.519652311714209,-11.963226909420447,-12.17533243000211,-12.501227574239174,-12.724980469507994,,,,,,,,,,,,,,,,,,,,,,,
14,0,action_matched_control,control_action_matched,1776852121465.0,-11.566706378542278,-12.005295110482711,-12.173054279532812,-12.503246016175359,-12.660839911203176,,,,,,,,,,,,,,,,,,,,,,,
14,0,action_matched_control,control_action_matched,1776852160921.0,-11.494688112799793,-12.102389051445611,-12.352097671988046,-12.500810225294233,-12.65813690970482,,,,,,,,,,,,,,,,,,,,,,,
14,0,action_matched_control,control_action_matched,1776852164201.0,-11.645204999497707,-11.995646036071827,-12.28631394464492,-12.425158707500382,-12.659924267473228,,,,,,,,,,,,,,,,,,,,,,,
14,0,action_matched_control,control_action_matched,1776852172057.0,-11.446128003062618,-12.138751993939618,-12.29469373572933,-12.427677688338004,-12.666534358409047,,,,,,,,,,,,,,,,,,,,,,,
14,0,action_matched_control,control_action_matched,1776852176457.0,-11.75833975236963,-12.197877978087584,-12.365906624674816,-12.430387789324527,-12.722904596781918,,,,,,,,,,,,,,,,,,,,,,,
14,0,action_matched_control,control_action_matched,1776852186945.0,-11.660011133266051,-12.104390581852336,-12.320595921432117,-12.496320351412443,-12.63300730714142,,,,,,,,,,,,,,,,,,,,,,,
14,0,action_matched_control,control_action_matched,1776852214193.0,-11.67308364470102,-12.013625528065516,-12.066273932414557,-12.48827645912231,-12.698607821083167,,,,,,,,,,,,,,,,,,,,,,,
14,0,action_matched_control,control_action_matched,1776852224049.0,-11.790922805661788,-12.207597492169896,-12.374590886120771,-12.501883616056553,-12.714111739242536,,,,,,,,,,,,,,,,,,,,,,,
14,0,action_matched_control,control_action_matched,1776852238705.0,-11.503353858282024,-12.042174330989516,-12.272050546838576,-12.479611339213452,-12.601168585578467,,,,,,,,,,,,,,,,,,,,,,,
14,0,action_matched_control,control_action_matched,1776852266713.0,-11.442251955048485,-11.953290427593336,-12.219793126120694,-12.522036251178648,-12.693351042649914,,,,,,,,,,,,,,,,,,,,,,,
14,0,action_matched_control,control_action_matched,1776852294913.0,-11.784651430715305,-12.26236077188227,-12.31954350051247,-12.476459857500013,-12.688884953132073,,,,,,,,,,,,,,,,,,,,,,,
14,0,action_matched_control,control_action_matched,1776852312905.0,-11.727152412464338,-12.021470694169146,-12.313223375289589,-12.506411168558994,-12.717829161957093,,,,,,,,,,,,,,,,,,,,,,,
14,0,action_matched_control,control_action_matched,1776852322689.0,-11.61107604227815,-12.052713025021331,-12.250051215677884,-12.374447906588786,-12.562965127757634,,,,,,,,,,,,,,,,,,,,,,,
14,0,action_matched_control,control_action_matched,1776852341561.0,-11.292575412796525,-11.442445038131508,-11.720843695731551,-12.401640863155233,-12.63002613757518,,,,,,,,,,,,,,,,,,,,,,,
14,0,action_matched_control,control_action_matched,1776852352969.0,-11.88939397146908,-11.75202115209041,-12.213202456511233,-12.441181856072117,-12.750723450858581,,,,,,,,,,,,,,,,,,,,,,,
14,0,action_matched_control,control_action_matched,1776852366321.0,-11.610994734917046,-11.857128827426445,-12.072143200555198,-12.410820813133856,-12.577765497187313,,,,,,,,,,,,,,,,,,,,,,,
15,0,action_matched_control,control_action_matched,1777287515562.0,-11.761207074580861,-12.177312221089428,-12.20289874705113,-12.417327017302668,-12.552638370011572,,,,,,,,,,,,,,,,,,,,,,,
15,0,action_matched_control,control_action_matched,1777287524042.0,-11.950174124250918,-12.098443455907473,-12.150019843235714,-12.347995359418018,-12.585432867797175,,,,,,,,,,,,,,,,,,,,,,,
15,0,action_matched_control,control_action_matched,1777287560640.0,-11.886785755358146,-12.074560149128011,-12.093741570041198,-12.379485322405653,-12.466237890349971,,,,,,,,,,,,,,,,,,,,,,,
15,0,action_matched_control,control_action_matched,1777287576424.0,-11.92624042854718,-12.103203562524373,-12.130171985167,-12.425159723777693,-12.515635330310756,,,,,,,,,,,,,,,,,,,,,,,
15,0,action_matched_control,control_action_matched,1777287597776.0,-11.595583020011786,-12.03969616552703,-11.900200705414301,-12.381269818209214,-12.52629471642667,,,,,,,,,,,,,,,,,,,,,,,
15,0,action_matched_control,control_action_matched,1777287630808.0,-11.809636394915508,-12.058094593568068,-11.820845979793045,-12.300997768166242,-12.587212323461408,,,,,,,,,,,,,,,,,,,,,,,
15,0,action_matched_control,control_action_matched,1777287643000.0,-11.916154715973864,-12.017875079326902,-12.174524712576702,-12.343023241855343,-12.499638450531046,,,,,,,,,,,,,,,,,,,,,,,
15,0,action_matched_control,control_action_matched,1777287650888.0,-11.949118012394932,-12.164138880764959,-12.114083107461278,-12.344319002373913,-12.58151999554519,,,,,,,,,,,,,,,,,,,,,,,
15,0,action_matched_control,control_action_matched,1777287686086.0,-11.891355944269915,-12.188185427026951,-12.29538686411914,-12.504755076835185,-12.616487863998659,,,,,,,,,,,,,,,,,,,,,,,
15,0,action_matched_control,control_action_matched,1777287704550.0,-11.856093557296452,-11.9584835373198,-12.030649442785538,-12.39382503269379,-12.567588246923773,,,,,,,,,,,,,,,,,,,,,,,
16,0,action_matched_control,control_action_matched,1777293382490.0,-11.561118627639074,-11.961861334069978,-12.319268174973468,-12.513229301153007,-12.726471034053851,,,,,,,,,,,,,,,,,,,,,,,
16,0,action_matched_control,control_action_matched,1777293404418.0,-11.70978653765711,-12.22130036021407,-12.459945146101612,-12.543407555730415,-12.698355275979258,,,,,,,,,,,,,,,,,,,,,,,
16,0,action_matched_control,control_action_matched,1777293407872.0,-11.785414936992469,-12.10294618834637,-12.379001970305081,-12.554686741731953,-12.72742377532972,,,,,,,,,,,,,,,,,,,,,,,
16,0,action_matched_control,control_action_matched,1777293412658.0,-11.745470793023841,-12.0161425327636,-12.211187247020344,-12.60639890426407,-12.761999364571194,,,,,,,,,,,,,,,,,,,,,,,
16,0,action_matched_control,control_action_matched,1777293418008.0,-11.659381858006405,-12.080323974755114,-12.356343825912013,-12.529277637627462,-12.725103314408381,,,,,,,,,,,,,,,,,,,,,,,
16,0,action_matched_control,control_action_matched,1777293427720.0,-11.829329632582557,-11.956311337649781,-12.366001334599664,-12.464930246221805,-12.75259174196778,,,,,,,,,,,,,,,,,,,,,,,
16,0,action_matched_control,control_action_matched,1777293432488.0,-11.598371202776564,-12.038146415687326,-12.261310544395922,-12.48716970632364,-12.710593776665174,,,,,,,,,,,,,,,,,,,,,,,
16,0,action_matched_control,control_action_matched,1777293439618.0,-11.65931869289314,-11.899834278255554,-12.215990673657737,-12.509427005579767,-12.683706296305887,,,,,,,,,,,,,,,,,,,,,,,
16,0,action_matched_control,control_action_matched,1777293450474.0,-11.669411119350531,-12.06341459984456,-12.354858580151161,-12.576075269374499,-12.741371121716087,,,,,,,,,,,,,,,,,,,,,,,
16,0,action_matched_control,control_action_matched,1777293457128.0,-11.695296958353518,-11.992358433573207,-12.219824861359834,-12.471480523859224,-12.722821354361754,,,,,,,,,,,,,,,,,,,,,,,
16,0,action_matched_control,control_action_matched,1777293460744.0,-11.58010713883721,-11.956116704893018,-12.368754756407426,-12.426040155105243,-12.683046732151277,,,,,,,,,,,,,,,,,,,,,,,
16,0,action_matched_control,control_action_matched,1777293464576.0,-11.797441133197838,-12.069810528585032,-12.35550340010917,-12.510344728719309,-12.72796159095682,,,,,,,,,,,,,,,,,,,,,,,
16,0,action_matched_control,control_action_matched,1777293470154.0,-11.612336959566873,-12.041879170557136,-12.394496353482092,-12.546116832207636,-12.698057432440537,,,,,,,,,,,,,,,,,,,,,,,
16,0,action_matched_control,control_action_matched,1777293473736.0,-11.817899553449772,-12.09433242430953,-12.381407065101488,-12.561215731938356,-12.723410568656835,,,,,,,,,,,,,,,,,,,,,,,
16,0,action_matched_control,control_action_matched,1777293479320.0,-11.835280996322467,-11.950375833251943,-12.222891509124631,-12.48996946238663,-12.65038771292553,,,,,,,,,,,,,,,,,,,,,,,
16,0,action_matched_control,control_action_matched,1777293483944.0,-11.706615086332555,-12.0097849199809,-12.336835773820473,-12.495309481961598,-12.673427884609763,,,,,,,,,,,,,,,,,,,,,,,
16,0,action_matched_control,control_action_matched,1777293487448.0,-11.490187298233236,-12.088852761124699,-12.2132438719348,-12.51246273277327,-12.736596673073542,,,,,,,,,,,,,,,,,,,,,,,
16,0,action_matched_control,control_action_matched,1777293490656.0,-11.71806918678121,-12.13740098889958,-12.35450764855404,-12.531451291612747,-12.748513831517737,,,,,,,,,,,,,,,,,,,,,,,
16,0,action_matched_control,control_action_matched,1777293494192.0,-11.67333650771712,-12.005913957280008,-12.240962230577352,-12.475916321944817,-12.676832694950116,,,,,,,,,,,,,,,,,,,,,,,
16,0,action_matched_control,control_action_matched,1777293525344.0,-11.626008486654076,-12.082787257041263,-12.302895336980878,-12.483150176245259,-12.751659298235708,,,,,,,,,,,,,,,,,,,,,,,
16,0,action_matched_control,control_action_matched,1777293533456.0,-11.709231398586299,-12.030446525810026,-12.345007709027552,-12.498568168386317,-12.736131909829783,,,,,,,,,,,,,,,,,,,,,,,
16,0,action_matched_control,control_action_matched,1777293555184.0,-11.71228888791132,-11.870393103310375,-12.363541095932447,-12.430573626456143,-12.652784357249256,,,,,,,,,,,,,,,,,,,,,,,
16,0,action_matched_control,control_action_matched,1777293559800.0,-11.774414078078564,-11.885460656328918,-12.236244250357021,-12.490232851886017,-12.73048615370193,,,,,,,,,,,,,,,,,,,,,,,
16,0,action_matched_control,control_action_matched,1777293564792.0,-11.80283184293077,-12.05640642920299,-12.382568359813357,-12.499733759979163,-12.726625654986359,,,,,,,,,,,,,,,,,,,,,,,
16,0,action_matched_control,control_action_matched,1777293570856.0,-11.626774549505893,-12.017554422637026,-12.26216042753957,-12.468852270516948,-12.703641930638017,,,,,,,,,,,,,,,,,,,,,,,
16,0,action_matched_control,control_action_matched,1777293575000.0,-11.981934347812912,-12.25396727654652,-12.426501834631548,-12.465503866891389,-12.76318564505023,,,,,,,,,,,,,,,,,,,,,,,
16,0,action_matched_control,control_action_matched,1777293581024.0,-11.574040819511747,-11.984721947778047,-12.368984293609012,-12.462329234633213,-12.62347152484082,,,,,,,,,,,,,,,,,,,,,,,
16,0,action_matched_control,control_action_matched,1777293586998.0,-11.81736585837021,-12.080809596475925,-12.26468603033467,-12.469749334376848,-12.727531662725536,,,,,,,,,,,,,,,,,,,,,,,
16,0,action_matched_control,control_action_matched,1777293599720.0,-11.608242035399984,-12.001335341935974,-12.175895100168603,-12.519715617765883,-12.7196582551872,,,,,,,,,,,,,,,,,,,,,,,
16,0,action_matched_control,control_action_matched,1777293606744.0,-11.689716233529433,-12.03047726779536,-12.224449266977624,-12.382841337472835,-12.632375917907305,,,,,,,,,,,,,,,,,,,,,,,
16,0,action_matched_control,control_action_matched,1777293610024.0,-11.666699957382322,-11.969996558778634,-12.30897429730571,-12.514554450955538,-12.639846359017346,,,,,,,,,,,,,,,,,,,,,,,
17,0,action_matched_control,control_action_matched,1777459285554.0,-11.569472100530469,-11.981732895815549,-11.941592410655703,-12.118110005416195,-12.422657688258184,,,,,,,,,,,,,,,,,,,,,,,
17,0,action_matched_control,control_action_matched,1777459288818.0,-11.784927509928531,-11.938573111750125,-11.890179591924142,-12.168639090592285,-12.422371466805547,,,,,,,,,,,,,,,,,,,,,,,
17,0,action_matched_control,control_action_matched,1777459297698.0,-11.549428972290265,-11.897781965893564,-11.800765312517584,-12.12406766349531,-12.40093597336836,,,,,,,,,,,,,,,,,,,,,,,
17,0,action_matched_control,control_action_matched,1777459303840.0,-11.527668531874857,-11.811257578169583,-11.900746829905929,-12.020412050558598,-12.171914022800294,,,,,,,,,,,,,,,,,,,,,,,
17,0,action_matched_control,control_action_matched,1777459309992.0,-11.837727084718471,-11.960099364036468,-12.16956204238789,-12.176576083843102,-12.4129820667459,,,,,,,,,,,,,,,,,,,,,,,
17,0,action_matched_control,control_action_matched,1777459313240.0,-11.471176545706285,-11.864257490601315,-12.10786402840465,-12.143805105088033,-12.390471380296194,,,,,,,,,,,,,,,,,,,,,,,
17,0,action_matched_control,control_action_matched,1777459316392.0,-11.75562962263021,-12.166252299904775,-11.924806629420463,-12.1429267473364,-12.478890358542657,,,,,,,,,,,,,,,,,,,,,,,
17,0,action_matched_control,control_action_matched,1777459320034.0,-11.7358046157932,-11.94300389426046,-12.029720855880559,-12.11141547990609,-12.245199723704287,,,,,,,,,,,,,,,,,,,,,,,
17,0,action_matched_control,control_action_matched,1777459330538.0,-11.605881002795345,-11.88993251187077,-12.0499339012028,-12.139572757639712,-12.264507850681229,,,,,,,,,,,,,,,,,,,,,,,
17,0,action_matched_control,control_action_matched,1777459333602.0,-11.846094435475376,-11.965316400032036,-12.188453823822908,-12.130482288308787,-12.25857644744224,,,,,,,,,,,,,,,,,,,,,,,
17,0,action_matched_control,control_action_matched,1777459337098.0,-11.42072645521086,-12.035612271192125,-11.892841718890674,-12.194767517261392,-12.321192911047124,,,,,,,,,,,,,,,,,,,,,,,
17,0,action_matched_control,control_action_matched,1777459341890.0,-11.688510404661441,-11.797790140187187,-12.04776469459503,-12.17116214227891,-12.315238962290445,,,,,,,,,,,,,,,,,,,,,,,
17,0,action_matched_control,control_action_matched,1777459346882.0,-11.643080339005552,-12.018214232156211,-12.117956285254532,-12.243805283697787,-12.436663161042446,,,,,,,,,,,,,,,,,,,,,,,
17,0,action_matched_control,control_action_matched,1777459351514.0,-11.606634437832971,-11.963953592141527,-12.108635558383169,-12.167873796174348,-12.311080250807406,,,,,,,,,,,,,,,,,,,,,,,
17,0,action_matched_control,control_action_matched,1777459355736.0,-11.4281428744631,-11.798172640936837,-11.913935271172141,-12.217599314850535,-12.43269684061528,,,,,,,,,,,,,,,,,,,,,,,
17,0,action_matched_control,control_action_matched,1777459358752.0,-11.610203650121663,-11.846183662064536,-12.08240119279695,-12.205248081616977,-12.36522145964774,,,,,,,,,,,,,,,,,,,,,,,
17,0,action_matched_control,control_action_matched,1777459364434.0,-11.57627415981796,-12.026547910297722,-12.009783567128522,-12.124940258741121,-12.388162385755908,,,,,,,,,,,,,,,,,,,,,,,
17,0,action_matched_control,control_action_matched,1777459368400.0,-11.720334407850814,-11.798738403342977,-11.924805551309037,-12.213595251211128,-12.439066846654969,,,,,,,,,,,,,,,,,,,,,,,
17,0,action_matched_control,control_action_matched,1777459380720.0,-11.534799392915753,-12.044100058085883,-11.941854206653858,-12.156375558384617,-12.36845289066527,,,,,,,,,,,,,,,,,,,,,,,
17,0,action_matched_control,control_action_matched,1777459385450.0,-11.516468809975652,-12.067716113037248,-11.639194226722537,-12.20620344480321,-12.52399728804982,,,,,,,,,,,,,,,,,,,,,,,
17,0,action_matched_control,control_action_matched,1777459388738.0,-11.54155290961888,-11.934634503594785,-12.057127705771208,-12.202762785417796,-12.339565104108075,,,,,,,,,,,,,,,,,,,,,,,
17,0,action_matched_control,control_action_matched,1777459396562.0,-11.421831388853,-11.974746208657018,-12.029216947633994,-12.237942809502343,-12.357984673156562,,,,,,,,,,,,,,,,,,,,,,,
17,0,action_matched_control,control_action_matched,1777459400146.0,-11.310029638193273,-11.853696384407648,-12.041599792130702,-12.261522628808814,-12.503074671558812,,,,,,,,,,,,,,,,,,,,,,,
17,0,action_matched_control,control_action_matched,1777459406168.0,-11.649921415604382,-11.77180294592698,-12.066422639405237,-12.22986863627597,-12.514477737341805,,,,,,,,,,,,,,,,,,,,,,,
17,0,action_matched_control,control_action_matched,1777459409512.0,-11.673324895986017,-12.070580226341843,-12.115608563305917,-12.328889544867971,-12.526826669752626,,,,,,,,,,,,,,,,,,,,,,,
17,0,action_matched_control,control_action_matched,1777459412746.0,-11.722394544144832,-12.028444167964329,-12.182982724306795,-12.307209708633959,-12.519906824864046,,,,,,,,,,,,,,,,,,,,,,,
17,0,action_matched_control,control_action_matched,1777459415914.0,-11.75402573473147,-11.921053162146636,-12.18918149941248,-12.283874288309171,-12.481757952338027,,,,,,,,,,,,,,,,,,,,,,,
17,0,action_matched_control,control_action_matched,1777459426762.0,-11.634794069267583,-11.929698501435189,-11.93102625942317,-12.258113444069531,-12.547780380692139,,,,,,,,,,,,,,,,,,,,,,,
17,0,action_matched_control,control_action_matched,1777459431994.0,-11.778834396092458,-12.0538192526352,-12.033934065629047,-12.222257749469666,-12.384218888295171,,,,,,,,,,,,,,,,,,,,,,,
17,0,action_matched_control,control_action_matched,1777459436480.0,-11.352595909984938,-11.857971509619713,-11.866451881977394,-12.261832873331285,-12.43857456810651,,,,,,,,,,,,,,,,,,,,,,,
17,0,action_matched_control,control_action_matched,1777459446794.0,-11.564987383085112,-11.914301037294944,-12.005501402711348,-12.165862280840614,-12.36411744574189,,,,,,,,,,,,,,,,,,,,,,,
17,0,action_matched_control,control_action_matched,1777459449802.0,-11.576686939635112,-11.886449085316881,-11.847445179496681,-12.123092279030335,-12.264565998712312,,,,,,,,,,,,,,,,,,,,,,,
17,0,action_matched_control,control_action_matched,1777459454098.0,-11.403413355736802,-11.768989691266665,-11.949253411915876,-12.204797723984472,-12.406715332193277,,,,,,,,,,,,,,,,,,,,,,,
17,0,action_matched_control,control_action_matched,1777459461178.0,-11.833681277082555,-12.140172642855733,-11.728124175497259,-12.239826455233107,-12.462165351881564,,,,,,,,,,,,,,,,,,,,,,,
17,0,action_matched_control,control_action_matched,1777459464994.0,-11.81200090161173,-11.96908327325444,-11.81665756382515,-12.257205961224368,-12.452943719104077,,,,,,,,,,,,,,,,,,,,,,,
17,0,action_matched_control,control_action_matched,1777459475594.0,-11.83641199234761,-11.91913225706751,-11.797031427568092,-12.201239870119814,-12.50776764560525,,,,,,,,,,,,,,,,,,,,,,,
17,0,action_matched_control,control_action_matched,1777459481208.0,-11.584512085065429,-11.86966355901577,-11.88752030235811,-12.313539706989411,-12.519645463014434,,,,,,,,,,,,,,,,,,,,,,,
17,0,action_matched_control,control_action_matched,1777459486866.0,-11.482278115804434,-11.944738470692004,-11.947418052700739,-12.226962440378172,-12.407413116047248,,,,,,,,,,,,,,,,,,,,,,,
17,0,action_matched_control,control_action_matched,1777459492168.0,-11.846566859402813,-12.025955138138135,-12.199845065632086,-12.225736665768249,-12.383275308709196,,,,,,,,,,,,,,,,,,,,,,,
17,0,action_matched_control,control_action_matched,1777459495362.0,-11.514122781818063,-11.786701422645733,-11.848419186245394,-12.220223677047146,-12.387409435925264,,,,,,,,,,,,,,,,,,,,,,,
17,0,action_matched_control,control_action_matched,1777459500626.0,-11.568441923187388,-11.961597251059798,-11.882433243366279,-12.177516862150771,-12.376182029754334,,,,,,,,,,,,,,,,,,,,,,,
17,0,action_matched_control,control_action_matched,1777459515074.0,-11.622732899737983,-11.878870807042652,-11.944705507428687,-12.257474274704427,-12.42906135708822,,,,,,,,,,,,,,,,,,,,,,,
17,0,action_matched_control,control_action_matched,1777459520602.0,-11.794206899855826,-11.99766986246803,-12.163075428524387,-12.18408541328347,-12.434710257371623,,,,,,,,,,,,,,,,,,,,,,,
17,0,action_matched_control,control_action_matched,1777459526130.0,-11.591214587522273,-11.798242483643143,-11.924556518754253,-12.202538464067812,-12.404819385330182,,,,,,,,,,,,,,,,,,,,,,,
17,0,action_matched_control,control_action_matched,1777459529408.0,-11.745732569469084,-11.951615497038867,-11.913465530388837,-12.101057574593792,-12.297045863274185,,,,,,,,,,,,,,,,,,,,,,,
17,0,action_matched_control,control_action_matched,1777459537202.0,-11.818959794877799,-11.99341388101485,-11.955420526383561,-12.035256619002924,-12.37027406910205,,,,,,,,,,,,,,,,,,,,,,,
17,0,action_matched_control,control_action_matched,1777459542434.0,-11.487976260585459,-11.875031989927725,-11.949982826535685,-12.109938087663393,-12.319755830353607,,,,,,,,,,,,,,,,,,,,,,,
17,0,action_matched_control,control_action_matched,1777459550778.0,-11.497276757229782,-11.896757612118034,-11.83727482979991,-12.243228435520495,-12.396135164124237,,,,,,,,,,,,,,,,,,,,,,,
17,0,action_matched_control,control_action_matched,1777459554888.0,-11.70800445708836,-11.837872469528412,-11.713967668340937,-12.244812209680115,-12.47579807945416,,,,,,,,,,,,,,,,,,,,,,,
17,0,action_matched_control,control_action_matched,1777459558538.0,-11.370411676754657,-11.774079969082177,-11.864453444639798,-12.181074755683511,-12.179259522871734,,,,,,,,,,,,,,,,,,,,,,,
17,0,action_matched_control,control_action_matched,1777459582186.0,-11.831419809026757,-11.822888698410638,-12.013610940328908,-12.154291106363974,-12.318213765623225,,,,,,,,,,,,,,,,,,,,,,,
17,0,action_matched_control,control_action_matched,1777459586554.0,-11.568538781573015,-11.901389177652092,-12.108795151156448,-12.262199387068096,-12.451684010465952,,,,,,,,,,,,,,,,,,,,,,,
18,0,action_matched_control,control_action_matched,1777464677032.0,-11.673116431101583,-12.08878389349416,-12.263182245656214,-12.332317388035202,-12.414411525764564,,,,,,,,,,,,,,,,,,,,,,,
18,0,action_matched_control,control_action_matched,1777464691336.0,-11.740438122272959,-12.183687987294869,-12.312692757986625,-12.311882976014696,-12.36988726592493,,,,,,,,,,,,,,,,,,,,,,,
18,0,action_matched_control,control_action_matched,1777464696832.0,-11.456993203067952,-11.958160286706978,-12.263127031418964,-12.347732583167033,-12.444275858875306,,,,,,,,,,,,,,,,,,,,,,,
18,0,action_matched_control,control_action_matched,1777464709400.0,-11.686718440474147,-12.066776979565843,-12.212126629525761,-12.320179325530152,-12.362229017315109,,,,,,,,,,,,,,,,,,,,,,,
18,0,action_matched_control,control_action_matched,1777464729656.0,-11.648607124704352,-12.09051588749778,-12.202200366560309,-12.339496561943525,-12.492918497126462,,,,,,,,,,,,,,,,,,,,,,,
18,0,action_matched_control,control_action_matched,1777464752626.0,-11.437992907720908,-11.957046689006983,-12.106766154477668,-12.179137697891091,-12.217232253231877,,,,,,,,,,,,,,,,,,,,,,,
18,0,action_matched_control,control_action_matched,1777464765864.0,-11.61053465132141,-12.051954723626553,-12.188205884088282,-12.355184205510694,-12.420879720478764,,,,,,,,,,,,,,,,,,,,,,,
18,0,action_matched_control,control_action_matched,1777464773624.0,-11.710468427429618,-12.0719843775748,-12.128565169789194,-12.389407504086243,-12.37998561624558,,,,,,,,,,,,,,,,,,,,,,,
18,0,action_matched_control,control_action_matched,1777464783384.0,-11.70731483990138,-12.014761055274432,-12.31689612255433,-12.383024732648053,-12.538072321496706,,,,,,,,,,,,,,,,,,,,,,,
18,0,action_matched_control,control_action_matched,1777464787608.0,-11.607376781409933,-12.152064632901707,-12.360493237081771,-12.338818177190545,-12.471638380154394,,,,,,,,,,,,,,,,,,,,,,,
18,0,action_matched_control,control_action_matched,1777464800472.0,-11.4905102249575,-12.004738134598503,-12.15394529996744,-12.374674612251761,-12.472479338189368,,,,,,,,,,,,,,,,,,,,,,,
18,0,action_matched_control,control_action_matched,1777464809320.0,-11.608538145182774,-11.9638007583084,-12.261277120849018,-12.385463230580863,-12.573003767202565,,,,,,,,,,,,,,,,,,,,,,,
18,0,action_matched_control,control_action_matched,1777464817648.0,-11.55143887001217,-12.051642163686221,-12.235392384663935,-12.438605211616851,-12.557873688614691,,,,,,,,,,,,,,,,,,,,,,,
18,0,action_matched_control,control_action_matched,1777464825240.0,-11.785061120572164,-12.20039295708974,-12.267065747247171,-12.444715813006859,-12.624357954577949,,,,,,,,,,,,,,,,,,,,,,,
18,0,action_matched_control,control_action_matched,1777464828560.0,-11.654086546805138,-11.932107661204887,-12.219169181134593,-12.480269066673076,-12.622668308002021,,,,,,,,,,,,,,,,,,,,,,,
18,0,action_matched_control,control_action_matched,1777464865520.0,-11.87053637930284,-12.171839777925099,-12.406716031846484,-12.426672084198017,-12.66019624657267,,,,,,,,,,,,,,,,,,,,,,,
18,0,action_matched_control,control_action_matched,1777464870872.0,-11.501152166877782,-12.097800651838877,-12.330234589146775,-12.43529209526485,-12.685165615340185,,,,,,,,,,,,,,,,,,,,,,,
18,0,action_matched_control,control_action_matched,1777464878056.0,-11.615562079455392,-12.033612535287984,-12.298500975399095,-12.441546232746274,-12.62058481696779,,,,,,,,,,,,,,,,,,,,,,,
18,0,action_matched_control,control_action_matched,1777464886872.0,-11.660220500335704,-12.00457510885596,-12.276749539510835,-12.436352741187699,-12.562441453202604,,,,,,,,,,,,,,,,,,,,,,,
18,0,action_matched_control,control_action_matched,1777464909320.0,-11.729336229023438,-12.13201188723157,-12.252942423928738,-12.406542238403755,-12.419986373284791,,,,,,,,,,,,,,,,,,,,,,,
18,0,action_matched_control,control_action_matched,1777465004112.0,-11.544428036219836,-12.005844268509083,-12.17302620615184,-12.318292541419375,-12.571882730007879,,,,,,,,,,,,,,,,,,,,,,,
18,0,action_matched_control,control_action_matched,1777465007880.0,-11.565786918324916,-11.916847951715534,-12.349367163098917,-12.360616752692678,-12.560643457294745,,,,,,,,,,,,,,,,,,,,,,,
18,0,action_matched_control,control_action_matched,1777465020802.0,-11.65025371231319,-11.974933990153513,-12.396032348213346,-12.376566612144902,-12.562387739216687,,,,,,,,,,,,,,,,,,,,,,,
20,0,action_matched_control,control_action_matched,1777553752604.0,-11.596843050035103,-11.846962392762205,-12.033511448110637,-12.300335441098916,-12.398510030479125,,,,,,,,,,,,,,,,,,,,,,,
20,0,action_matched_control,control_action_matched,1777553756150.0,-11.74447710599527,-12.024038387855635,-12.145132104501844,-12.403734314927483,-12.559566056526146,,,,,,,,,,,,,,,,,,,,,,,
20,0,action_matched_control,control_action_matched,1777553789294.0,-11.850109903743977,-12.065472042244647,-12.291596686415968,-12.367551032566219,-12.46605326254005,,,,,,,,,,,,,,,,,,,,,,,
20,0,action_matched_control,control_action_matched,1777553793108.0,-11.823831599415273,-12.135830575346152,-12.215019335243737,-12.383530353636973,-12.428626086736035,,,,,,,,,,,,,,,,,,,,,,,
20,0,action_matched_control,control_action_matched,1777553796188.0,-11.584085898479751,-11.82789118311908,-12.170110082736745,-12.444041631369517,-12.541573187838706,,,,,,,,,,,,,,,,,,,,,,,
20,0,action_matched_control,control_action_matched,1777553809468.0,-11.776650349555506,-12.124179558732093,-12.199081757838389,-12.414831552531188,-12.422772730826107,,,,,,,,,,,,,,,,,,,,,,,
20,0,action_matched_control,control_action_matched,1777553813196.0,-11.7465844316157,-12.07278053114154,-12.187629069828658,-12.312551920998857,-12.57049308700395,,,,,,,,,,,,,,,,,,,,,,,
20,0,action_matched_control,control_action_matched,1777553817470.0,-11.749918528489141,-12.086588567157523,-12.226476685392763,-12.419659872778231,-12.62696837155763,,,,,,,,,,,,,,,,,,,,,,,
20,0,action_matched_control,control_action_matched,1777553838910.0,-11.773463420654757,-11.999271814787045,-12.099707815190389,-12.473936719066108,-12.66589133724061,,,,,,,,,,,,,,,,,,,,,,,
20,0,action_matched_control,control_action_matched,1777553853764.0,-11.885020310266382,-12.058110486198022,-12.093915187471426,-12.3752573051888,-12.553903396805865,,,,,,,,,,,,,,,,,,,,,,,
20,0,action_matched_control,control_action_matched,1777553856948.0,-11.782414153957331,-12.172288828135576,-12.161573856177503,-12.351769110488005,-12.519292386590683,,,,,,,,,,,,,,,,,,,,,,,
20,0,action_matched_control,control_action_matched,1777553866340.0,-11.760498943084416,-11.921074805075964,-12.286018988887616,-12.360188874524908,-12.51389516000217,,,,,,,,,,,,,,,,,,,,,,,
20,0,action_matched_control,control_action_matched,1777553870996.0,-11.512799885939621,-11.83868083369515,-12.151970853330008,-12.504110257527659,-12.57511184184881,,,,,,,,,,,,,,,,,,,,,,,
20,0,action_matched_control,control_action_matched,1777553874044.0,-11.701598445504052,-12.12042556796894,-12.261319051902147,-12.425781240877608,-12.53205082479113,,,,,,,,,,,,,,,,,,,,,,,
20,0,action_matched_control,control_action_matched,1777553881660.0,-11.76802250620781,-12.02181507560833,-12.047282166143184,-12.326298271750169,-12.46883747380224,,,,,,,,,,,,,,,,,,,,,,,
20,0,action_matched_control,control_action_matched,1777553889220.0,-11.426066080637488,-11.958278479577261,-12.155505839828404,-12.28487171875942,-12.502333161336379,,,,,,,,,,,,,,,,,,,,,,,
20,0,action_matched_control,control_action_matched,1777553899212.0,-11.652944418716494,-11.967425250865368,-12.085572717684222,-12.315501388948059,-12.52449549384073,,,,,,,,,,,,,,,,,,,,,,,
20,0,action_matched_control,control_action_matched,1777553904116.0,-11.41139044788743,-12.03167644956353,-12.221111550234939,-12.28681859098216,-12.406835950740112,,,,,,,,,,,,,,,,,,,,,,,
20,0,action_matched_control,control_action_matched,1777553907572.0,-11.769261858544013,-11.894701832493354,-12.117632185003387,-12.293928090501337,-12.442234241831004,,,,,,,,,,,,,,,,,,,,,,,
20,0,action_matched_control,control_action_matched,1777553911036.0,-11.805922705305118,-12.051899539843262,-12.118508443700222,-12.269906196646904,-12.467946743763138,,,,,,,,,,,,,,,,,,,,,,,
20,0,action_matched_control,control_action_matched,1777553917908.0,-11.811663630683402,-11.939195059872645,-12.252804429582547,-12.338947162886104,-12.504892228059193,,,,,,,,,,,,,,,,,,,,,,,
20,0,action_matched_control,control_action_matched,1777553932516.0,-11.544342426479943,-11.985337736760625,-12.12132752350961,-12.296874980396506,-12.375994505954594,,,,,,,,,,,,,,,,,,,,,,,
20,0,action_matched_control,control_action_matched,1777553940516.0,-11.383660292103853,-12.062978029575019,-12.34728488382208,-12.359749001544374,-12.449075361566752,,,,,,,,,,,,,,,,,,,,,,,
20,0,action_matched_control,control_action_matched,1777553959804.0,-11.547764921713654,-11.908798303429393,-12.106537271949822,-12.261129524298575,-12.448709475516097,,,,,,,,,,,,,,,,,,,,,,,
20,0,action_matched_control,control_action_matched,1777553966236.0,-11.732380219173233,-12.054742720043494,-12.284374565050179,-12.390053589659333,-12.532750709421522,,,,,,,,,,,,,,,,,,,,,,,
20,0,action_matched_control,control_action_matched,1777554066236.0,-11.58781782028679,-11.806022407096673,-12.11569679598364,-12.283590106215723,-12.524747854253356,,,,,,,,,,,,,,,,,,,,,,,
20,0,action_matched_control,control_action_matched,1777554074692.0,-11.669546541254448,-12.034645111683888,-12.162109339142612,-12.36639783122191,-12.560438322406448,,,,,,,,,,,,,,,,,,,,,,,
20,0,action_matched_control,control_action_matched,1777554081614.0,-11.568837858125681,-11.909839331744736,-12.136180205350618,-12.341115563811869,-12.465718846584222,,,,,,,,,,,,,,,,,,,,,,,
20,0,action_matched_control,control_action_matched,1777554089070.0,-11.541428120286806,-11.869478984582466,-12.202256556142231,-12.42270648162234,-12.58327395937715,,,,,,,,,,,,,,,,,,,,,,,
20,0,action_matched_control,control_action_matched,1777554098868.0,-11.48521881472512,-11.968455062571232,-12.176735829251271,-12.273448089571584,-12.48734886441423,,,,,,,,,,,,,,,,,,,,,,,
20,0,action_matched_control,control_action_matched,1777554110018.0,-11.677087713370895,-11.916271311104804,-12.2182133355968,-12.357293128225981,-12.587431756933517,,,,,,,,,,,,,,,,,,,,,,,
20,0,action_matched_control,control_action_matched,1777554123836.0,-11.742066696321835,-12.082704743852462,-12.324861453100691,-12.444434874910533,-12.641658679732673,,,,,,,,,,,,,,,,,,,,,,,
21,0,action_matched_control,control_action_matched,1777901063231.0,-11.929972400617189,-12.045623433484348,-12.02667910903495,-12.51307833602464,-12.769669098649088,,,,,,,,,,,,,,,,,,,,,,,
21,0,action_matched_control,control_action_matched,1777901098423.0,-11.814299839939414,-11.966136141974358,-11.923398058551332,-12.42702733690355,-12.679969806663742,,,,,,,,,,,,,,,,,,,,,,,
21,0,action_matched_control,control_action_matched,1777901105295.0,-11.991861934668082,-12.033305990044825,-12.158811193120984,-12.472662526685312,-12.747642856373846,,,,,,,,,,,,,,,,,,,,,,,
21,0,action_matched_control,control_action_matched,1777901122023.0,-11.700105408291558,-11.701095366308465,-11.990008799984116,-12.410183853788691,-12.594014581346599,,,,,,,,,,,,,,,,,,,,,,,
21,0,action_matched_control,control_action_matched,1777901131487.0,-11.59447036431433,-11.902654653193808,-12.13548932847625,-12.470672693136468,-12.813061334816444,,,,,,,,,,,,,,,,,,,,,,,
21,0,action_matched_control,control_action_matched,1777901142213.0,-11.64423208774292,-11.877730040244861,-11.98627194626043,-12.478327963777456,-12.675315297633293,,,,,,,,,,,,,,,,,,,,,,,
21,0,action_matched_control,control_action_matched,1777901155063.0,-11.665325717083121,-11.835968018374727,-12.118051149876635,-12.441260267474044,-12.682101125878424,,,,,,,,,,,,,,,,,,,,,,,
21,0,action_matched_control,control_action_matched,1777901170647.0,-11.836260279561257,-11.939917776685295,-11.978192207035953,-12.459844359732058,-12.749491145906958,,,,,,,,,,,,,,,,,,,,,,,
21,0,action_matched_control,control_action_matched,1777901175293.0,-11.833491742839938,-12.070072314772448,-11.9709061408764,-12.493077378680947,-12.712749294805375,,,,,,,,,,,,,,,,,,,,,,,
21,0,action_matched_control,control_action_matched,1777901179687.0,-11.63873080336376,-11.894945272080532,-11.99590911378318,-12.504885604083858,-12.756741863355138,,,,,,,,,,,,,,,,,,,,,,,
21,0,action_matched_control,control_action_matched,1777901193589.0,-11.845580415107973,-12.036982519332438,-11.965287710582391,-12.430890381177155,-12.782369997858725,,,,,,,,,,,,,,,,,,,,,,,
21,0,action_matched_control,control_action_matched,1777901213319.0,-11.591071836598392,-12.009583497177008,-12.037123444164411,-12.363157929827695,-12.70867915302344,,,,,,,,,,,,,,,,,,,,,,,
21,0,action_matched_control,control_action_matched,1777901223477.0,-11.659099423379029,-12.054582803680203,-11.789576498596878,-12.409644297126084,-12.770762625001922,,,,,,,,,,,,,,,,,,,,,,,
21,0,action_matched_control,control_action_matched,1777901232253.0,-11.729802560786585,-11.9603029376407,-11.897038104783725,-12.415726290622784,-12.595249972040152,,,,,,,,,,,,,,,,,,,,,,,
21,0,action_matched_control,control_action_matched,1777901241445.0,-11.553947967568059,-11.78842971877515,-12.049929867098403,-12.412945750227419,-12.73572576749941,,,,,,,,,,,,,,,,,,,,,,,
21,0,action_matched_control,control_action_matched,1777901246069.0,-11.737120497533555,-11.859785739392471,-11.684734962028422,-12.33150738670424,-12.652142881198557,,,,,,,,,,,,,,,,,,,,,,,
21,0,action_matched_control,control_action_matched,1777901358013.0,-11.866315242232707,-11.96167706578289,-11.886363661290286,-12.42288396718194,-12.655841554548745,,,,,,,,,,,,,,,,,,,,,,,
21,0,action_matched_control,control_action_matched,1777901364845.0,-11.701464406006737,-11.88042179065578,-11.860153330405774,-12.366424072192407,-12.699583958723156,,,,,,,,,,,,,,,,,,,,,,,
21,0,action_matched_control,control_action_matched,1777901374823.0,-11.571233772877523,-11.981867659406609,-12.037765336293553,-12.444414793739975,-12.57984940261903,,,,,,,,,,,,,,,,,,,,,,,
21,0,action_matched_control,control_action_matched,1777901383943.0,-11.823753608182475,-11.880086521748646,-11.896820769203336,-12.407451363777637,-12.779062167047663,,,,,,,,,,,,,,,,,,,,,,,
21,0,action_matched_control,control_action_matched,1777901409495.0,-11.648397966950228,-11.997002415393936,-11.95414385812969,-12.472095497950887,-12.756165188780383,,,,,,,,,,,,,,,,,,,,,,,
21,0,action_matched_control,control_action_matched,1777901414477.0,-11.80551334242619,-12.135173871621003,-12.07865492223709,-12.457103341500607,-12.764583733547514,,,,,,,,,,,,,,,,,,,,,,,
21,0,action_matched_control,control_action_matched,1777901432495.0,-11.821503760138903,-12.07436727987427,-12.068943227734534,-12.416085631561822,-12.699365614693608,,,,,,,,,,,,,,,,,,,,,,,
21,0,action_matched_control,control_action_matched,1777901439741.0,-11.763208185851761,-12.032665469861975,-12.00437965021143,-12.379489198304391,-12.739211208929648,,,,,,,,,,,,,,,,,,,,,,,
21,0,action_matched_control,control_action_matched,1777901445589.0,-11.733972119889744,-12.023536977402975,-12.188812201636544,-12.535919974500732,-12.858927342388595,,,,,,,,,,,,,,,,,,,,,,,
21,0,action_matched_control,control_action_matched,1777901453167.0,-11.5309671165382,-11.949658402922605,-11.981442176693221,-12.460316142253442,-12.728377948650063,,,,,,,,,,,,,,,,,,,,,,,
21,0,action_matched_control,control_action_matched,1777901457765.0,-11.663335922056278,-11.924868229651088,-12.007193706711124,-12.473352558818995,-12.710444374490521,,,,,,,,,,,,,,,,,,,,,,,
21,0,action_matched_control,control_action_matched,1777901461885.0,-11.647337821191453,-11.994909935894325,-11.917522305475558,-12.467003071113886,-12.73963846064441,,,,,,,,,,,,,,,,,,,,,,,
21,0,action_matched_control,control_action_matched,1777901465597.0,-11.773873594232203,-11.973588814004332,-12.00970745838441,-12.469727512069989,-12.74556684579911,,,,,,,,,,,,,,,,,,,,,,,
22,0,action_matched_control,control_action_matched,1777968424234.0,-11.597310311249672,-11.934175579172836,-12.018672047066136,-12.258638689426295,-12.444339390728798,,,,,,,,,,,,,,,,,,,,,,,
22,0,action_matched_control,control_action_matched,1777968428162.0,-11.654094490852213,-11.848181671388518,-12.142036055222043,-12.359011392822955,-12.569777819230884,,,,,,,,,,,,,,,,,,,,,,,
22,0,action_matched_control,control_action_matched,1777968434170.0,-11.619688648220007,-11.9054729226908,-12.14490104535162,-12.382380207336379,-12.619336715670576,,,,,,,,,,,,,,,,,,,,,,,
22,0,action_matched_control,control_action_matched,1777968463522.0,-11.437169978795106,-11.797019595618087,-12.065856067432621,-12.297760825268174,-12.57934116119202,,,,,,,,,,,,,,,,,,,,,,,
22,0,action_matched_control,control_action_matched,1777968477426.0,-11.729275498635243,-11.929066108140137,-12.132499977590264,-12.33857269978067,-12.62906901263973,,,,,,,,,,,,,,,,,,,,,,,
22,0,action_matched_control,control_action_matched,1777968484976.0,-11.48802732224589,-11.639698170813524,-12.17319927299025,-12.383157187750246,-12.583850398015057,,,,,,,,,,,,,,,,,,,,,,,
22,0,action_matched_control,control_action_matched,1777968497338.0,-11.522830473291265,-11.746938179798091,-12.186316060458214,-12.307199857838688,-12.57535819882793,,,,,,,,,,,,,,,,,,,,,,,
22,0,action_matched_control,control_action_matched,1777968503546.0,-11.795793478751392,-11.874751920301788,-12.057223323009659,-12.284690684968265,-12.514008243661085,,,,,,,,,,,,,,,,,,,,,,,
22,0,action_matched_control,control_action_matched,1777968514802.0,-11.622497974642167,-12.096420891823756,-12.219468452851245,-12.315360582660917,-12.599851003227053,,,,,,,,,,,,,,,,,,,,,,,
22,0,action_matched_control,control_action_matched,1777968531802.0,-11.613247399509596,-11.832269075542198,-12.132762483781658,-12.296900760343885,-12.494880302464729,,,,,,,,,,,,,,,,,,,,,,,
22,0,action_matched_control,control_action_matched,1777968582010.0,-11.531017989815975,-11.751295880007216,-12.176596347861377,-12.42264717936168,-12.5858862198275,,,,,,,,,,,,,,,,,,,,,,,
22,0,action_matched_control,control_action_matched,1777968611290.0,-11.475026957700882,-11.795279160740721,-12.215048344500618,-12.404413563725674,-12.59327592403707,,,,,,,,,,,,,,,,,,,,,,,
22,0,action_matched_control,control_action_matched,1777968617106.0,-11.791613095118597,-11.831838255474233,-12.166741873537688,-12.376053058826985,-12.528270995907278,,,,,,,,,,,,,,,,,,,,,,,
22,0,action_matched_control,control_action_matched,1777968620448.0,-11.606358596995557,-11.80602484329857,-12.060072001780009,-12.35132295644178,-12.578668403052058,,,,,,,,,,,,,,,,,,,,,,,
22,0,action_matched_control,control_action_matched,1777968694898.0,-11.27614931462866,-11.976435621130015,-12.129320913776873,-12.289023520224848,-12.505533804570478,,,,,,,,,,,,,,,,,,,,,,,
22,0,action_matched_control,control_action_matched,1777968715330.0,-11.823054740550141,-12.055512354921051,-12.243976336715956,-12.323581884550665,-12.59421819830401,,,,,,,,,,,,,,,,,,,,,,,
22,0,action_matched_control,control_action_matched,1777968720578.0,-11.634749077768005,-12.065101543478477,-12.090480668833347,-12.29514427519787,-12.619823075072766,,,,,,,,,,,,,,,,,,,,,,,
22,0,action_matched_control,control_action_matched,1777968725288.0,-11.637317197994227,-12.037222202675565,-12.06846367954537,-12.343037577881892,-12.639826782676531,,,,,,,,,,,,,,,,,,,,,,,
22,0,action_matched_control,control_action_matched,1777968729602.0,-11.6484368261288,-11.798884725403978,-12.158025246442326,-12.433119542761933,-12.685616579180275,,,,,,,,,,,,,,,,,,,,,,,
22,0,action_matched_control,control_action_matched,1777968733002.0,-11.635665071100835,-11.948093214040755,-12.077078578907953,-12.288373010980017,-12.575228570370282,,,,,,,,,,,,,,,,,,,,,,,
22,0,action_matched_control,control_action_matched,1777968736378.0,-11.720440662099763,-11.981853002744362,-12.215292068492698,-12.315197991380785,-12.529667825874398,,,,,,,,,,,,,,,,,,,,,,,
22,0,action_matched_control,control_action_matched,1777968741002.0,-11.617025818077357,-11.602580422965321,-12.189720299280054,-12.297389684806374,-12.603861130456451,,,,,,,,,,,,,,,,,,,,,,,
22,0,action_matched_control,control_action_matched,1777968745130.0,-11.769454992495858,-11.882285021806492,-12.136162469171664,-12.285350042433382,-12.54375225704038,,,,,,,,,,,,,,,,,,,,,,,
22,0,action_matched_control,control_action_matched,1777968749642.0,-11.410958521156472,-11.64870803348019,-11.971649512213988,-12.16990702034149,-12.458107950054893,,,,,,,,,,,,,,,,,,,,,,,
22,0,action_matched_control,control_action_matched,1777968752658.0,-11.688165004398085,-11.866953579101041,-12.295608730255848,-12.425537611281728,-12.594329770898556,,,,,,,,,,,,,,,,,,,,,,,
22,0,action_matched_control,control_action_matched,1777968759058.0,-11.75618172714859,-11.964362299316184,-11.994129005538651,-12.272453473983557,-12.481229485290406,,,,,,,,,,,,,,,,,,,,,,,
23,0,action_matched_control,control_action_matched,1777977388788.0,-11.49636350127283,-11.96029061668201,-12.259809096667434,-12.3086869961871,-12.45898377073979,,,,,,,,,,,,,,,,,,,,,,,
23,0,action_matched_control,control_action_matched,1777977415914.0,-11.932554597704026,-12.079710388358526,-12.157801541232262,-12.308928142367469,-12.443934956412964,,,,,,,,,,,,,,,,,,,,,,,
23,0,action_matched_control,control_action_matched,1777977428098.0,-11.93851799446946,-12.281049761797673,-12.221859788746576,-12.225922475391343,-12.379170325732787,,,,,,,,,,,,,,,,,,,,,,,
23,0,action_matched_control,control_action_matched,1777977476100.0,-11.629042317442511,-12.102084526228902,-12.071381103113668,-12.351005875883242,-12.582823036921965,,,,,,,,,,,,,,,,,,,,,,,
23,0,action_matched_control,control_action_matched,1777977524234.0,-11.841043189573885,-12.1875328407827,-11.960278251516973,-12.445275754243603,-12.741224044612038,,,,,,,,,,,,,,,,,,,,,,,
23,0,action_matched_control,control_action_matched,1777977541484.0,-11.897908387424492,-12.18258658461018,-11.968258365054792,-12.447271514346127,-12.796141820620917,,,,,,,,,,,,,,,,,,,,,,,
23,0,action_matched_control,control_action_matched,1777977546444.0,-11.794273635486014,-12.124273746861524,-11.749954537629385,-12.527198206236067,-12.741174871244533,,,,,,,,,,,,,,,,,,,,,,,
23,0,action_matched_control,control_action_matched,1777977553338.0,-11.798878222673467,-12.118833153620967,-12.31986210678554,-12.52518282788717,-12.806951597379951,,,,,,,,,,,,,,,,,,,,,,,
23,0,action_matched_control,control_action_matched,1777977557170.0,-11.80776471672296,-12.109773519518008,-11.592821489807223,-12.342100363300997,-12.618062780381173,,,,,,,,,,,,,,,,,,,,,,,
23,0,action_matched_control,control_action_matched,1777977565596.0,-11.733962175720597,-12.088033000175487,-12.290254084475459,-12.460215603986988,-12.770312327269211,,,,,,,,,,,,,,,,,,,,,,,
23,0,action_matched_control,control_action_matched,1777977589250.0,-11.818905175135269,-12.114410949045158,-12.058129750016834,-12.53220797594929,-12.795116170480478,,,,,,,,,,,,,,,,,,,,,,,
23,0,action_matched_control,control_action_matched,1777977612490.0,-11.827960452980708,-12.032795332530743,-11.39148322218413,-12.455490766516036,-12.756740728179443,,,,,,,,,,,,,,,,,,,,,,,
23,0,action_matched_control,control_action_matched,1777977616938.0,-11.609155965244657,-12.043137531557297,-12.176384032905831,-12.544848304601938,-12.697712977932463,,,,,,,,,,,,,,,,,,,,,,,
23,0,action_matched_control,control_action_matched,1777977688034.0,-11.73543469356167,-12.18065587853883,-11.529511251199201,-12.428739520556524,-12.755020786045598,,,,,,,,,,,,,,,,,,,,,,,
23,0,action_matched_control,control_action_matched,1777977691132.0,-11.914281965276018,-11.777415485482688,-12.189252619270869,-12.527544244559646,-12.701551873856731,,,,,,,,,,,,,,,,,,,,,,,
